market_id,condition_id,question,slug,start_date,end_date,volume,liquidity,category_raw,broad_category,outcomes,final_yes_price,resolved_yes,outcome_binary,resolution,num_outcomes,clob_token_ids,duration_hours,duration_days
240379,0x12a0cb60174abc437bf1178367c72d11f069e1a3add20b148fb0ab4279b772b2,[Single Market] Will Ron DeSantis win the U.S. 2024 Republican presidential nomination?,will-ron-desantis-win-the-us-2024-republican-presidential-nomination,2023-02-23 16:36:44.220000+00:00,2024-09-10 00:00:00+00:00,490480.591708,0.0,ron desantis,politics,"['Yes', 'No']",0.0,False,0.0,,2,"[""10715043962341292242163832255523703116280692082153281340642602592290195499485"", ""80085489243215790077454313513728486445319747473476157602131800551595373270758""]",13543.387716666666,564.3078215277777
240380,0x41190eb9336ae73949c04f4900f9865092e69a57cf9c942a6157abf6ae8d16c6,[Single Market] Will Donald J. Trump win the U.S. 2024 Republican presidential nomination?,will-donald-j-trump-win-the-us-2024-republican-presidential-nomination-1,2023-02-23 16:36:44.053000+00:00,2024-09-10 00:00:00+00:00,6552460.323992,0.0,donald trump,politics,"['Yes', 'No']",1.0,True,1.0,,2,"[""65818619657568813474341868652308942079804919287380422192892211131408793125422"", ""7499310772839000939827460818108209122328490677343888452292252718053799772723""]",13543.387763055554,564.3078234606481
240381,0x768603866bc5ce73836ccae47d72ee47cdd605d41320d3894ca41412f784d775,[Single Market] Will Nikki Haley win the U.S. 2024 Republican presidential nomination?,will-nikki-haley-win-the-us-2024-republican-presidential-nomination,2023-02-23 16:36:43.982000+00:00,2024-09-10 00:00:00+00:00,168305.545395,0.0,nikki haley,politics,"['Yes', 'No']",0.0,False,0.0,,2,"[""35557859467763341635362789570856827321272210357501754618844815551576922983291"", ""78118529524639173700167934778533202620053845007966912944800512231568696242280""]",13543.387782777778,564.3078242824074
240382,0xf5875410202b3545491774ab5e712a6e05a0ffe780c52270cc8d70cc95164411,[Single Market] Will Joe Biden win the U.S. 2024 Democratic presidential nomination?,will-joe-biden-win-the-us-2024-democratic-presidential-nomination,2022-01-11 02:13:47.363000+00:00,2024-08-09 12:00:00+00:00,5770423.692215,0.0,joe biden,politics,"['Yes', 'No']",0.0,False,0.0,,2,"[""72044801958932376213942522155627434496146777860490700435168293831379994699414"", ""60777290337556307846082122611643867373415691927705756558171303096586770149710""]",22593.770176944443,941.4070907060185
240383,0x3c1b76f77f93f19371d3df801047c0fba2e6ca4c4bd489dbabea990ea68f8941,[Single Market] Will Kamala Harris win the U.S. 2024 Democratic presidential nomination?,will-kamala-harris-win-the-us-2024-democratic-presidential-nomination,2022-01-11 02:15:03.479000+00:00,2024-08-10 00:00:00+00:00,86512.574076,0.0,kamala harris,politics,"['Yes', 'No']",1.0,True,1.0,,2,"[""55587534433102763859032443585846918727132208718352714378810158969375734322181"", ""111837615529992437689409005124251998174169394377496834222265889069615714482973""]",22605.74903361111,941.9062097337963
240384,0x84dfb8b5cac6356d4ac7bb1da55bb167d0ef65d06afc2546389630098cc467e9,[Single Market] Will Pete Buttigieg win the U.S. 2024 Democratic presidential nomination?,will-pete-buttigieg-win-the-us-2024-democratic-presidential-nomination,2022-01-11 02:16:27.452000+00:00,2024-08-10 00:00:00+00:00,26606.36708,0.0,pete buttigieg,politics,"['Yes', 'No']",0.0,False,0.0,,2,"[""113459643164060403919504712048530019379173768880231414404726414035517357828194"", ""110606609354376812966157988257545578031088805684265956480094769102094200583475""]",22605.725707777776,941.905237824074
240385,0x08fbe3be22b176f9fd7a915ccd5b23470d6671747a05a4500346897f2834113e,[Single Market] Will Hillary Clinton win the U.S. 2024 Democratic presidential nomination?,will-hillary-clinton-win-the-us-2024-democratic-presidential-nomination,2022-01-11 02:17:39.534000+00:00,2024-08-10 00:00:00+00:00,80797.384269,0.0,hillary clinton,politics,"['Yes', 'No']",0.0,False,0.0,,2,"[""50543573631414368777068097718195199982611650330220913106287841507687662300122"", ""96571759762520201953297957414008200233885051464934470471783087076893409728238""]",22605.705685,941.9044035416667
240401,0x313ab49bd3715247f7141b761999af58e90be3fc7da9f27211dc898b26aa484b,"Will Donald Trump be President of the USA on January 6, 2023?",will-donald-trump-be-president-of-the-usa-on-january-6-2023,2022-01-12 21:00:38.054000+00:00,2023-01-06 00:00:00+00:00,848238.393505,338.454096,"january 6, 2023?",politics,"['Yes', 'No']",6.551233761556783e-07,,,,2,"[""93218259544906323509869368003727731311636043314762509700595000438899350261157"", ""32449495048789976456825994299690816153458878870230069022561089530340445117568""]",8594.989429444444,358.12455956018516
240411,0x6f8871ab38ac7724536b271ba2df72999e712e239673157ae4809dd1c05934dc,Will the next recession in the US happen by Q4 2022?,will-the-next-recession-in-the-us-happen-by-q4-2022,2022-01-12 20:44:36.679000+00:00,2023-01-27 00:00:00+00:00,27035.205181,323.450042,by q4 2022?,other,"['Yes', 'No']",0.9999995909264291,,,,2,"[""41636112232824022210688056193010295041948528694477497064991724829036231861156"", ""11205941281979745241529335144526484325741523537869832239179554045981502079578""]",9099.256478055555,379.1356865856481
240520,0x3012fb563d5443d6bd8c02549a6fa1d6528d0211dc75f15c2b469951af4fe1f5,Will $ETH flip $BTC in market cap in 2022?,will-eth-flip-btc-in-market-cap-in-2022,2022-01-12 21:31:55.375000+00:00,2023-01-01 00:00:00+00:00,55824.011802,603.25217,unknown,crypto,"['Yes', 'No']",1.2886854212240768e-06,,,,2,"[""16323320047020897242804797304627574793579431781020877147383186653615532236502"", ""22808831779492470392742522525007550104987439160818444334126675879540138593753""]",8474.46795138889,353.1028313078704
240613,0x26ee82bee2493a302d21283cb578f7e2fff2dd15743854f53034d12420863b55,Which party wins 2024 US Presidential Election?,which-party-will-win-the-2024-united-states-presidential-election,2022-01-12 21:22:33.938000+00:00,2024-11-08 12:00:00+00:00,8828319.27610304,0.0,unknown,politics,"['Democratic', 'Republican']",0.0,False,0.0,,2,"[""11015470973684177829729219287262166995141465048508201953575582100565462316088"", ""65444287174436666395099524416802980027579283433860283898747701594488689243696""]",24734.623906111112,1030.6093294212963
240637,0xd93cb2d70e5e00e804ff2115f59aaed64cffe4af275264e9a629e1e4ad3dab80,[Single Market] Will Tucker Carlson win the U.S. 2024 Republican presidential nomination?,will-tucker-carlson-win-the-us-2024-republican-presidential-nomination,2023-02-23 16:36:44.221000+00:00,2024-09-10 00:00:00+00:00,70303.864354,0.0,tucker carlson,politics,"['Yes', 'No']",0.0,False,0.0,,2,"[""26833757084348273199149103131128190314257933645647871320641517705324495047529"", ""36354257386096345661488456060615987003496513249783340916004886692219239828930""]",13543.387716388888,564.3078215162037
240639,0xb03b50581d3ed24f8d40c3bc3ca235fc82ba86eaafc2aed2a9fb85a47402a96c,[Single Market] Will Ben Shapiro win the U.S. 2024 Republican presidential nomination?,will-ben-shapiro-win-the-us-2024-republican-presidential-nomination,2023-02-23 16:36:44.220000+00:00,2024-09-10 00:00:00+00:00,11892.170887,0.0,ben shapiro,politics,"['Yes', 'No']",0.0,False,0.0,,2,"[""106442146417353994549341768954662846308837575744382260069699165928041680837679"", ""39961381562395550166279034811191512070049464060698301636499886232973630461257""]",13543.387716666666,564.3078215277777
240641,0x7e912d337aec54d321a4d415bd05e5a6676c3f04617f07def1281be7e0af3e91,[Single Market] Will Joe Rogan win the U.S. 2024 Republican presidential nomination?,will-joe-rogan-win-the-us-2024-republican-presidential-nomination,2023-02-23 16:36:44.318000+00:00,2024-09-10 00:00:00+00:00,12545.644816,0.0,joe rogan,politics,"['Yes', 'No']",0.0,False,0.0,,2,"[""26174674438429794193834912492739683499712017911436124046705415717174721343905"", ""17626058909938167942937469946237823191635874917900993684453437908173602255356""]",13543.387689444444,564.3078203935185
240642,0x49c2bb91bcb33296f486c92a553c2fca81cfe79f4e9ba00cca68b5ca274e914f,[Single Market] Will Kanye West win the U.S. 2024 Republican presidential nomination?,will-kanye-west-win-the-us-2024-republican-presidential-nomination,2023-02-23 16:36:43.906000+00:00,2024-09-10 00:00:00+00:00,16384.300117,0.0,kanye west,politics,"['Yes', 'No']",0.0,False,0.0,,2,"[""44412827116867851857888342652300469470699695641913209573689466108958588345876"", ""87508300922072948504644627375052680275959171582701244894747032869704225334739""]",13543.387803888889,564.307825162037
240643,0x311198b7194c8eb1890df4d3a2e5171a313066bba76b0bdb431af757eeaf4e51,[Single Market] Will Peter Thiel win the U.S. 2024 Republican presidential nomination?,will-peter-thiel-win-the-us-2024-republican-presidential-nomination,2023-02-23 16:36:44.319000+00:00,2024-09-10 00:00:00+00:00,13695.227919,0.0,peter thiel,politics,"['Yes', 'No']",0.0,False,0.0,,2,"[""111350394483029570823157092176785817077270431134711686441545759038263842946639"", ""78030959962391034526268729499101857894241584078023018935559096152748585715940""]",13543.387689166668,564.3078203819445
240644,0x6898b869f0bb1f31d309897956fab3437a7e82408cb91d4bfc888dbf52e259a8,[Single Market] Will Donald Trump Jr. win the U.S. 2024 Republican presidential nomination?,will-donald-trump-jr-win-the-us-2024-republican-presidential-nomination,2023-02-23 16:36:44.090000+00:00,2024-09-10 00:00:00+00:00,4382.271842,0.0,donald trump jr.,politics,"['Yes', 'No']",0.0,False,0.0,,2,"[""84434372545159691527242186470863982198611208256471183237663485790939159450270"", ""13543391645147872104310669434084191645666247218622982123811573991258456327650""]",13543.387752777777,564.3078230324073
240653,0xc5a0011add9d6a2db0da4c79b8b6477c7d95ea84b02298e3095425f899a3d4ff,Will $BTC or $ETH perform better in 2022?,will-btc-or-eth-perform-better-in-2022,2022-01-25 19:04:53.386000+00:00,2023-01-01 00:00:00+00:00,26431.073447,100.799986,...2022?,crypto,"['Bitcoin', 'Ethereum']",0.9999996655764746,,,,2,"[""34759217648553416532301397082492157850032160359009987404754165595942007267009"", ""114407440475817082068702861017948488559093391079745666215239916746251845783625""]",8164.918503888889,340.204937662037
241790,0xfe6a5bf8c7de10d7c744cf2195a379facdcf5989c477f4c29180568a51523251,Will Vladimir Putin remain President of Russia through 2022?,will-vladimir-putin-remain-president-of-russia-through-2022,2022-03-01 01:30:36.240000+00:00,2023-01-01 00:00:00+00:00,378252.909705,856.634414,unknown,politics,"['Yes', 'No']",0.9999990490201958,,,,2,"[""57639462254243703131287917983859169886321460586440211112297295339555894971640"", ""62670086223948160589170827823343319075584897579011432105105662013324988833247""]",7342.489933333334,305.9370805555556
241807,0xcd6da828b80dd867a3706f0dfe6d3a8b1faeace44a9bd4995422734deba555b4,Will NATO expand in 2022?,will-nato-expand-in-2022,2022-03-01 21:04:12.148000+00:00,2023-01-01 00:00:00+00:00,388391.109085,427.375819,unknown,other,"['Yes', 'No']",6.790604019750458e-07,,,,2,"[""113024891864041944839734987524990576102701413044583078108383999338751790419399"", ""64158195605388330319797566430275838371818212299300536280339723961201639062748""]",7322.92995888889,305.1220816203704
242110,0x0ea37da314e0fd0b6abb8068db294c49ffa81774904e7758e9f2c933d1d29090,Who will win the $1M bet on LUNA's price being over $92.40: Do Kwon or Sensei Algod?,who-will-win-the-1m-bet-on-terras-luna-price-being-over-92pt40-do-kwon-or-algod,2022-03-15 18:42:41.351000+00:00,2023-03-14 00:00:00+00:00,50928.145029,462.394306,unknown,other,"['Do Kwon', 'Sensei Algod']",0.0,False,0.0,,2,"[""10748995181593457604578084084863969524423821326200131005262948389275614744679"", ""61640712385864017864437038967794164168192471114650819064852913187991054367478""]",8717.28851361111,363.2203547337963
242915,0xf6542a933292bb68c39ec639b5540b266db6100cf46031689d451f028b975939,Will Vladimir Putin become a defendant in the ICC (International Criminal Court) before 2023?,will-vladimir-putin-become-a-defendant-of-the-icc-before-2023,2022-04-06 00:00:09.274000+00:00,2023-01-01 00:00:00+00:00,17021.085956,150.050013,unknown,other,"['Yes', 'No']",2.827218767389946e-07,,,,2,"[""94185425212890194430272285727638854846987498895464657637276387912779765309736"", ""66101612623177824729522067735961758095960281584045259893992438408041079427333""]",6479.997423888889,269.99989266203704
243024,0x225ccd88591fa808b546fd376e5138e03f174dbd79c0963d050478e081ad4819,"Will the 7-day COVID-19 case average in the USA be below 10,000 by December 31?",will-the-7-day-covid-19-case-average-in-the-usa-be-below-10000-by-december-31,2023-08-24 16:35:25.497000+00:00,2023-01-07 00:00:00+00:00,20758.518294,840.554567,unknown,other,"['Yes', 'No']",2.339283085763081e-06,,,,2,"[""94531226368218315513223847754698017952891249808156336651402486916374806063932"", ""34095770280606967704088502296121554809562494904514636576000294235195834285020""]",-5512.590415833333,-229.6912673263889
243097,0x759cde24a608f429aa8b5cd7f06b2348925f8b62ee0f3c44bb2bf39eb884e97a,Will Alexander Lukashenko remain President of Belarus through 2022?,will-alexander-lukashenko-remain-president-of-belarus-through-2022,2022-04-11 18:05:16.534000+00:00,2023-01-01 00:00:00+00:00,12767.833128,200.230721,unknown,politics,"['Yes', 'No']",0.9999997729046721,,,,2,"[""48007097196755965240108231335514191079880660331260734884453838934778404327063"", ""85004780242666405130198751557484711556789140299486161155338832519094372976635""]",6341.912073888889,264.246336412037
243234,0xf5146fc6a7cf91c4864f38c2c3874da9cb83119450047030448716ebf0dc8a93,Will Xi Jinping remain General Secretary of the CCP through 2022?,will-xi-jinping-remain-general-secretary-of-the-ccp-through-2022,2022-04-13 20:38:44.939000+00:00,2023-01-01 00:00:00+00:00,88855.772497,153.627302,unknown,tech/ai,"['Yes', 'No']",0.9999996015666132,,,,2,"[""30393265706434962662176693100531359090750053044097162190973705817700245724050"", ""37895212499007995476785014663712490655339960228296925968311104378824721348558""]",6291.354183611112,262.13975765046297
243254,0x66c0ca219341116905ac115523d82523fe8a464c61191e31196fe3ad8907a259,"Will the Ethereum Merge (EIP-3675) occur by January 1, 2023?",will-the-ethereum-merge-eip-3675-occur-by-january-1-2023,2022-04-18 17:00:51.642000+00:00,2023-01-01 00:00:00+00:00,42357.138155,179.002123,"by january 1, 2023?",crypto,"['Yes', 'No']",0.9999985330152651,,,,2,"[""29425865550255082529499646807608332131459262402215831496569085897835507084265"", ""112864256396290637636462145606391998085405315265805277236312118191304256685497""]",6174.9856549999995,257.2910689583333
243546,0xbbc3a1e1c21926c373aa21ada9a61fa1fabb2f04d157c1c10409d2c213254968,(To be Emergency Resolved) Will Amber Heard be found guilty of defaming Johnny Depp?,will-amber-heard-be-found-guilty-of-defaming-johnny-depp,2022-04-21 20:36:08.534000+00:00,2023-01-01 00:00:00+00:00,36686.641584,50.045001,unknown,other,"['Yes', 'No']",0.19781917311109126,,,,2,"[""67535711362414460250419102398595195196815197835113920468312481084525182836355"", ""114543686250670435371613066947557566974178332943080545946389813488948182061337""]",6099.397629444444,254.1415678935185
244019,0x7e630c56dd5b2183702f95af58006c14ae4fca0f90e541b4fdb76571787ea4d4,Will Amber Heard be found liable for defaming Johnny Depp?,will-amber-heard-be-found-liable-for-defaming-johnny-depp,2022-05-03 20:16:55.298000+00:00,2023-01-01 00:00:00+00:00,131657.54065,9.589768,unknown,other,"['Yes', 'No']",0.9999998682241745,,,,2,"[""85214547394017110420760751445547740111762900478811151246945318400597220265477"", ""49569459100423854312964422435495390666703452143958980621586392640963880939080""]",5811.7179727777775,242.1549155324074
244163,0xafac590d555980520e095adf9d071e6a9097792fc4593e910ac1bc1074cde022,Will Optimism ($OP) close above $1 on its 1st day of trading?,will-optimism-op-close-above-1-on-its-1st-day-of-trading,2022-05-03 22:10:30.680000+00:00,2023-01-01 00:00:00+00:00,109986.12219,41.953638,above $1,other,"['Yes', 'No']",0.9999994001548501,,,,2,"[""35097335777311512947146114573864198195966772830753327350228449740373166851607"", ""82785224803852161137529208197516805384901939347951586169602747499503197177280""]",5809.824811111112,242.07603379629631
244164,0xc05597f6c29be8376723334a51141d0f12c8dab9559e297e522b6b6cdb0f293f,Will Optimism ($OP) close above $2 on its 1st day of trading?,will-optimism-op-close-above-2-on-its-1st-day-of-trading,2022-05-03 22:11:00.662000+00:00,2023-01-01 00:00:00+00:00,72757.526587,0.166728,above $2,other,"['Yes', 'No']",6.412621126452431e-07,,,,2,"[""102135422121791272084404516956902887457414567542588593941560979892516475593690"", ""48896217595762489529076716102925268842568985453586364589961320125595422940618""]",5809.816482777777,242.0756867824074
244165,0x96bb06016b845a222586db27b0268270febd1fcb1d01995ee8d24ebd6aec4ab7,Will Optimism ($OP) close above $5 on its 1st day of trading?,will-optimism-op-close-above-5-on-its-1st-day-of-trading,2022-05-03 22:11:25.996000+00:00,2023-01-01 00:00:00+00:00,39658.858256,8.032547,above $5,other,"['Yes', 'No']",5.677762799489473e-08,,,,2,"[""34572053681445182655279895484099996130056446238006255535903253197747728673683"", ""38942465656320005656721341694082793930154127283095446767006301225588782017212""]",5809.809445555556,242.07539356481482
244280,0xc06f6a5aab8993800921cc56ce8cd6e2ab5cadd2393038b5ea2d9416eb9d69f8,Will Kevin McCarthy be elected Speaker of the House in the 118th Congress?,will-kevin-mccarthy-be-elected-speaker-of-the-house-in-the-118th-congress,2022-05-05 21:28:24.343000+00:00,2023-01-04 00:00:00+00:00,85138.881518,84.939477,kevin mccarthy,politics,"['Yes', 'No']",0.9999981376585648,,,,2,"[""19757598438830365661430080766752069548925267193232545779097343040090374037614"", ""21592895070735420973019757199011663907650462290276867724996288633023114055240""]",5834.526571388889,243.1052738078704
244596,0xdfb6487a263a6431adf80d58d9674e8437b7ca5cdffa1a2244f7746b5253ee34,"Will $ETH hit $3,000 or $2,000 first?",will-eth-hit-3000-or-2000-first,2022-05-09 20:46:16.826000+00:00,2023-01-01 00:00:00+00:00,38816.081976,125.050156,unknown,crypto,"['$3,000', '$2,000']",6.509327123658069e-07,,,,2,"[""32834179245000157395843001072627234267882526516336670240911499723330233937768"", ""80779111201521286432528863153831007352305887996634459560926018747093304868951""]",5667.228659444444,236.13452747685184
245571,0xcc1321141750f5f83975254d121a853cc6493a32c0bf370eca5a92d86b6486a4,"Will $ETH hit $1,500 or $2,500 first?",will-eth-hit-1500-or-2500-first,2022-05-27 16:19:50.460000+00:00,2023-01-01 00:00:00+00:00,57189.012411,1917.894565,unknown,crypto,"['$1,500', '$2,500']",0.9999994998942485,,,,2,"[""2756527665308973214585025852470436252999318846077108730490155697606087734219"", ""60908522811650788592280624142967463629506321519540770940692731047312094617831""]",5239.669316666666,218.3195548611111
246494,0x9dc9732980f33d11e98aeb9c118e8f251063c59ef94d6f5e899e4bde942b07a8,Will Solana ($SOL) hit $35 or $50 first?,will-solana-sol-hit-35-or-50-first,2022-06-07 15:08:42.739000+00:00,2023-01-01 00:00:00+00:00,3060.73219,341.193903,unknown,other,"['$35', '$50']",0.9999994098608068,,,,2,"[""28382793939022424591560207868581368112454145543643342144433036630942733581174"", ""64332336146014565746433992925057635638596482658542740968256478141881095847715""]",4976.854794722222,207.3689497800926
246532,0x7a4a7f1082f61d81f89313ecf1b1c267c5fa2457cd2b8ad86219fd3277dce537,"Will $ETH hit $1,000 or $2,000 first? ",will-eth-hit-1000-or-2000-first-1,2022-06-14 16:09:49.077000+00:00,2023-01-01 00:00:00+00:00,7971.676815,707.648836,unknown,crypto,"['$1,000', '$2,000']",0.999998840932983,,,,2,"[""53280651038552135066206920097108391595581964347611290541976551004192333431570"", ""64737227478882835181999662740003524968277378255915550991188899270433983638133""]",4807.8363675,200.3265153125
246667,0x951cc014c30d4d9f18f4738905e44c8613356379da583fb76e08b60855037a03,[Single Market] Will Gavin Newsom win the U.S. 2024 Democratic presidential nomination?,will-gavin-newsom-win-the-us-2024-democratic-presidential-nomination,2022-07-08 13:53:22.486000+00:00,2024-09-10 00:00:00+00:00,576046.71026,0.0,gavin newsom,politics,"['Yes', 'No']",0.0,False,0.0,,2,"[""7485789793420109554433747368362501384889372782243986779008355377936022316153"", ""12975648701007310340874580615701896522917368669503544169941709453328586016082""]",19066.110420555557,794.4212675231482
246766,0xfac9f2b2658782a0b6bdadf34243faf4d7f53cf9743b2419f03b440053511f87,"Will $ETH hit $1,000 or $2,000 first?$",will-eth-hit-1000-or-2000-first,2022-07-18 18:46:24.421000+00:00,2023-01-01 00:00:00+00:00,18179.926914,1659.525982,unknown,crypto,"['$1,000', '$2,000']",1.2025576132039342e-06,,,,2,"[""8371396750092742388279182407944552553422557190910821835217894240503595793721"", ""42480395538779356959811560243556938957105398455009634274438916220589905049188""]",3989.226549722222,166.21777290509257
246772,0x0e2716173aa1c6fa290406bbb07b57eb0fe636584368173a25a5e1459fbbfcb2,"Will Hunter Biden be federally indicted by January 6, 2023?",will-hunter-biden-be-federally-indicted-by-january-6-2023,2022-07-20 21:08:27.870000+00:00,2023-01-06 00:00:00+00:00,80560.665479,100.399288,unknown,politics,"['Yes', 'No']",2.258391917851156e-06,,,,2,"[""83336198916435426927942987902684246196063342205214436255993435116100846019796"", ""28680218287273611774646471796706910008709796566358442850232262145971119090280""]",4058.8589250000005,169.11912187500002
247084,0xccf59e04c15bd9e10c91a1b515c3bf0cd5485667d0d1b527d489de64f4ba907b,Will $ETH hit $2000 again before the merge?,will-eth-hit-2000-again-before-the-merge,2022-08-23 17:42:17.870000+00:00,2023-01-01 00:00:00+00:00,79695.489047,100.160483,unknown,crypto,"['Yes', 'No']",1.6697274618542866e-06,,,,2,"[""103424674234553495557687638708476904898916706739314601207486047310247790074912"", ""13208908509025369269819973320789671115130897109848459512921507370096129942889""]",3126.295036111111,130.2622931712963
247085,0x8176cc345ed71dd1b780cb40c9ae5b0377b640327ac0e8a00306de9977a0e082,Will the price of $ETH be higher or lower 1 week post-merge?,will-the-price-of-eth-be-higher-or-lower-1-week-post-merge,2022-08-23 17:44:35.022000+00:00,2023-01-01 00:00:00+00:00,88545.553587,101.106441,unknown,crypto,"['Higher', 'Lower']",5.543426011415423e-07,,,,2,"[""44274906363442184324578186412659016276100891047823351273106597664846465378867"", ""70303932111889501239018146273455511538034315600242795668098547151621488253046""]",3126.2569383333334,130.2607057638889
247238,0x72109293a8b5f8b22a73ca5c439cd8523a0171b48d83293c3df4b43595e5768b,Will Nancy Pelosi be elected Speaker of the House for the 118th Congress?,will-nancy-pelosi-be-elected-speaker-of-the-house-for-the-118th-congress,2022-09-12 22:33:51.342000+00:00,2023-01-03 00:00:00+00:00,2850.903427,100.025027,nancy pelosi,politics,"['Yes', 'No']",5.345464330772676e-07,,,,2,"[""97582331347335048671932893681060186548153957810994098694251467150171037912213"", ""14526544647909560340147057585323767430018835923697908451633496475577848336588""]",2689.435738333333,112.05982243055554
247266,0xb5858726a0b48b44465ee6c6d0d8fc913bde224ebb1045a537a687cfe1171222,"Will Donald J. Trump be indicted by March 31, 2023?",will-donald-j-trump-be-indicted-by-march-31-2023,2023-03-28 21:08:33.696000+00:00,2023-03-31 00:00:00+00:00,874177.1497289999,107.133296,by march 31?,politics,"['Yes', 'No']",1.0,True,1.0,,2,"[""3854028961966046605980069255334402052447887445769771059116269182001114272326"", ""112102392865920769780182576716902680486413294799150614854158175980612636620456""]",50.857306666666666,2.1190544444444446
247312,0x69d110a0dffd6cbb27a13394b4c213ff2559e6cd2b3e40f7618bd233afbab5d3,Will Miles Bridges play an NBA game in the 2022-23 regular season?,will-miles-bridges-play-an-nba-game-in-the-2022-23-regular-season,2022-09-20 19:56:26.625000+00:00,2023-04-09 00:00:00+00:00,2646.5335179999997,334.242952,unknown,sports,"['Yes', 'No']",0.0,False,0.0,,2,"[""37467393793870216551696405777887476755411553063234773578246172326723370667995"", ""86571566370710053293239289823136842050386507871493091628045323167513168359729""]",4804.059270833333,200.1691362847222
247525,0xf8eaf29627d7c290a963904d697724f0c53ffe5e1e2efe8a393cd02bafbe5d69,Will Netanyahu be the next Prime Minister of Israel?,will-netanyahu-be-the-next-prime-minister-of-israel,2022-10-12 21:22:12.236000+00:00,2023-12-31 00:00:00+00:00,30545.793377,100.382928,unknown,other,"['Yes', 'No']",0.9999978123089233,,,,2,"[""28530544208345897015481532824663875772271270866180118994652329641558776576168"", ""7146568927368499968738468978784766556923746048352006503139738751472354573031""]",10658.629934444443,444.1095806018518
247548,0x6a6ca5cb80b453e178af19c2dc887dd6f8ff4e4884daa61935c3711a6c09e83b,Will Erling Haaland break the Premier League goals record in the 22/23 season? (34 goals),will-erling-haaland-break-the-premier-league-goals-record-in-the-2223-season-34-goals,2022-10-13 16:12:59.476000+00:00,2023-05-28 00:00:00+00:00,11601.410865,102.352285,unknown,other,"['Yes', 'No']",1.0,True,1.0,,2,"[""87478238843962372955942642067463731884279746362588126171058056558772239734230"", ""17075117077105897381285187093694054525632088265660863705569379110251748585612""]",5431.783478888889,226.32431162037037
247680,0xd5f9392330db9d75d56f0a97a2ff4c44eb117fd40de5ec35c71ff0c9573ada66,Will Artemis or Starship reach space first?,will-starship-or-artemis-reach-space-first,2022-10-18 16:17:21.819000+00:00,2023-12-31 00:00:00+00:00,3670.244371,361.628343,unknown,other,"['Artemis', 'Starship']",0.9999995044673814,,,,2,"[""25416775268333751342820958279049083541239101522582025982519499481084695413439"", ""18367123878238824911434864287325832181516718027817582866528871660757188937398""]",10519.710605833334,438.3212752430556
247707,0x6e6e46e9921c2c18a57cb4abd018fb890c07bdcf0ae16fe54dd3ceb3bb5997cb,Will Rishi Sunak be the next UK Prime Minister?,will-rishi-sunak-be-the-next-uk-prime-minister,2022-10-20 15:07:35.366000+00:00,2023-12-31 00:00:00+00:00,17581.399193,100.090231,rishi sunak,other,"['Yes', 'No']",0.9999990110682935,,,,2,"[""70035515807671761795831406568883150419765210105184015015715229550782337998877"", ""98917377061741250000111577360760065282682479541715237949672448091700185126041""]",10472.873509444446,436.36972956018525
247720,0x492329633236e051044920576a013cbc475e8b38d6fbde81818e4da0f8455caf,Will Boris Johnson be the next UK Prime Minister?,will-boris-johnson-be-the-next-uk-prime-minister,2022-10-20 19:22:36.191000+00:00,2023-12-31 00:00:00+00:00,19237.038269,1149.655279,boris johnson,other,"['Yes', 'No']",4.21368566602221e-06,,,,2,"[""33393368925084904663977470276207024260258420500422435918810504683432952439890"", ""55509355600395341255590538470422375925741732076751503014788024762777161453328""]",10468.623280277778,436.1926366782407
247745,0xf3b7a1ffbb8cf0f8b5c392bc8615e5d7d28781bbc2a2d1630041ed5a4bb2aa73,[Single Market] Will Mike Pence win the U.S. 2024 Republican presidential nomination?,will-mike-pence-win-the-us-2024-republican-presidential-nomination,2023-02-23 16:36:44.221000+00:00,2024-09-10 00:00:00+00:00,38200.418624,0.0,mike pence,politics,"['Yes', 'No']",0.0,False,0.0,,2,"[""98282331925505121785872687805280263968688819118250947355244296315799835397380"", ""98832099334299678364240751912655312938723886874942994315244949116951319625279""]",13543.387716388888,564.3078215162037
247747,0x9287b5377b76529a5bcfeef2d82848e20340d70f818f5be438371c33ad036c92,"Will 'Avatar: The Way of Water' gross more than $650 million domestically by January 31, 2023?",will-avatar-the-way-of-water-gross-more-than-650-million-domestically-by-january-31-2023,2022-10-24 19:10:34.113000+00:00,2023-01-31 00:00:00+00:00,128179.684385,187.556094,unknown,other,"['Yes', 'No']",4.6931766996275545e-06,,,,2,"[""107754309707789193901261105278967201345561077546606796858573409567513389818812"", ""111418289100934687995154966444108081709096708376512104007820653421637200463766""]",2356.8238575,98.2009940625
247787,0x0ff8e3d77ec16a0d42fcfaa1b1b082687ef6723e42f2eaefc186148817076d82,"Will Donald Trump be President of the USA on March 1, 2023?",will-donald-trump-be-president-of-the-usa-on-march-1-2023,2023-05-08 19:02:28.329000+00:00,2023-03-01 00:00:00+00:00,17121.918796,164.56213,"march 1, 2023?",politics,"['Yes', 'No']",0.0,False,0.0,,2,,-1651.0412025,-68.7933834375
247833,0xaafb0021141ff26e37215db3af05a51c4962d86ea6be338a5561e294e25d7028,"Will Joe Biden be President of the USA on February 1, 2023?",will-joe-biden-be-president-of-the-usa-on-february-1-2023,2022-11-10 16:34:03.692000+00:00,2023-02-01 00:00:00+00:00,67002.079375,140.125311,"february 1, 2023?",politics,"['Yes', 'No']",0.9999992299562761,,,,2,"[""82552858943582674868604763981086844390036272195150513294314929646487182693580"", ""49221446731152417354974690151577966458484804972831237860468986400915346877064""]",1975.4323077777779,82.30967949074075
248126,0xc6a9ef6f4ab8bc4e0ededae2b9d946470def2bea7d11e3725f113be47a3b3bd2,Will Kari Lake be certified as winner of the Arizona gubernatorial election?,will-kari-lake-be-certified-as-winner-of-the-arizona-gubernatorial-election,2022-11-22 20:02:17.115000+00:00,2023-03-01 00:00:00+00:00,2766.611715,20.025014,unknown,politics,"['Yes', 'No']",5.052520294265061e-07,,,,2,"[""21669025456687281500860200822776015910439424472314619827484019065775490663045"", ""16245227451096434350187556304835672053082695014584508788373929589782860396343""]",2355.9619125,98.1650796875
248196,0x4438202b145817f30fa3ee9ac5ab73a6160ec04ec5918bd843775f3b65b3cb47,Will Caroline Ellison be federally charged by March 31?,will-caroline-ellison-be-federally-charged-by-march-31,2022-12-13 20:08:43.564000+00:00,2023-03-31 00:00:00+00:00,1978.696,190.046539,unknown,economics,"['Yes', 'No']",0.9999980623073483,,,,2,"[""90421200627469287880519613061929208554581143025038571108604080630495097434908"", ""63414574955591770473266166605246569121935971581627956000955579339328790256702""]",2571.854565555556,107.16060689814816
248197,0xb08c75808eeaa441b29685b0f30fba3874b4c4daff08747bbeb87fee6f49cf92,Will Sam Trabucco be federally charged by March 31?,will-sam-trabucco-be-federally-charged-by-march-31,2022-12-13 20:16:33.005000+00:00,2023-03-31 00:00:00+00:00,48152.882144999996,199.01507,unknown,economics,"['Yes', 'No']",0.0,False,0.0,,2,"[""20418249395528193802690805363653680152815570994555068696349565358020009181165"", ""49515817667654132103401803284866398082676377522628909268495406309612104648479""]",2571.7241652777775,107.15517355324073
248198,0xe023d544352833115f5c7a2bc89aba8216adf5bc91de4f59887f0fdc5a682784,Will U.S. inflation be greater than -0.3% from November to December 2022?,will-us-inflation-be-greater-than-0pt3-from-november-to-december-2022,2022-12-14 17:12:21.813000+00:00,2023-01-12 00:00:00+00:00,296.6,50.481882,more than -0.3%,sports,"['Yes', 'No']",0.999998344681577,,,,2,"[""54183509765298175804953169181694278231007853239508428409398888321719986478377"", ""68650275185894740399540419005061824687173119199530848635801508579328324648803""]",678.7939408333333,28.283080868055553
248199,0x4dc49ea1ddaf826269a5691aa1bb9d69509a0616a266d6c69448664e65169462,Will U.S. inflation be greater than -0.2% from November to December 2022?,will-us-inflation-be-greater-than-0pt2-from-november-to-december-2022,2022-12-14 17:19:20.830000+00:00,2023-01-12 00:00:00+00:00,266.981538,50.74944,more than -0.2%,sports,"['Yes', 'No']",0.999999722851355,,,,2,"[""103733425057729124746205890891948788956330343109988185796973904151250161115058"", ""55501707684130134810893095134828672275930683163464570609158276445492087580931""]",678.6775472222222,28.278231134259258
248200,0x54bd39a293a524d4ecbb391ed056e5da80a95eb4d9ff5b35af1101cc48188751,Will U.S. inflation be greater than -0.1% from November to December 2022?,will-us-inflation-be-greater-than-0pt1-from-november-to-december-2022,2022-12-14 17:25:01.531000+00:00,2023-01-12 00:00:00+00:00,469.862351,50.000016,more than -0.1%,sports,"['Yes', 'No']",3.948610200888637e-07,,,,2,"[""18305502723317709192604760313348150424931333917074943556297172461415884491615"", ""115310325787037774283021873748952226199244695677021245870611447234220252356396""]",678.5829080555555,28.27428783564815
248201,0xcbe2211244525dd6245c1a7875132215e3c5a1e9e8a1013d996c2dae769b62b8,Will U.S. inflation be greater than 0.0% from November to December 2022?,will-us-inflation-be-greater-than-0pt0-from-november-to-december-2022,2022-12-14 17:28:20.893000+00:00,2023-01-12 00:00:00+00:00,525.78,50.010127,more than 0.0%,sports,"['Yes', 'No']",3.304206935415598e-07,,,,2,"[""106510692201476350018868230541630661022400888634955872483918697719512406430179"", ""80160627816687864064395435425332409156776985951929833876693852205494069645116""]",678.5275297222222,28.27198040509259
248202,0x7e6488eadc8fc58186091fc8db7cd7946dbe15f70f3607f7f197f3e74901f908,"Will Binance.com become insolvent by Jan 31, 2023?",will-binancecom-become-insolvent-by-jan-31-2023,2022-12-14 18:05:49.582000+00:00,2023-01-31 00:00:00+00:00,49161.844721,50.010034,unknown,other,"['Yes', 'No']",1.2130034541066056e-05,,,,2,"[""54663117294022528385601661991520131323669248856526706218963217967937304019396"", ""82605074636298019650875866528882317585922531397163514824755769999593709272661""]",1133.902893888889,47.24595391203704
248203,0x8f6fa8af6176b37ebd99317b6a9caf28ee61f29a807dcbd56074a01eb4d975b8,"Will SBF be extradited to the US by February 15, 2023?",will-sbf-be-extradited-to-the-us-by-february-15-2023,2022-12-14 18:17:20.603000+00:00,2023-02-15 00:00:00+00:00,3229.4197560000002,50.517611,unknown,other,"['Yes', 'No']",0.9999996953555604,,,,2,"[""106522989057330725781727137109968308404342521445681659314101363937153135946454"", ""100559920485897751472833403699186882923985677818404795840542061766510590545185""]",1493.7109436111111,62.2379559837963
248206,0x9412b855478d1dc1ba433a18de8bd082dc22b0c3a30c01f307016c2a07c11572,Will the Fed increase interest rates by 0 bps after its February meeting?,will-the-fed-increase-interest-rates-by-0-bps-after-its-february-meeting,2022-12-14 23:18:31.537000+00:00,2023-02-01 00:00:00+00:00,11578.306068,51.627491,no increase after feb meeting?,economics,"['Yes', 'No']",7.777373026389623e-07,,,,2,"[""50840823040491579160844190313425221953810324677596615897772385992533441988174"", ""16798240954217468982314816692525171780336564048408465031845768835317554113348""]",1152.6912397222222,48.02880165509259
248207,0x5ef7d98e2b55953be12acc6aa5c13129bfef55a0e48b14ac0f479e08981f9bd1,Will the Fed increase interest rates by 25 bps after its February meeting?,will-the-fed-increase-interest-rates-by-25-bps-after-its-february-meeting,2022-12-14 23:23:56.982000+00:00,2023-02-01 00:00:00+00:00,26746.534744,50.015038,25 bps increase after feb meeting?,economics,"['Yes', 'No']",0.9999975187944877,,,,2,"[""102122366921728883686007723122183182680201356871652918420191682492250640822215"", ""1097955942803140332889254003124615337602080239229284846512443678670566232194""]",1152.6008383333333,48.025034930555556
248208,0x6a521500cd2c0494540dc059b3eb2f7fa5d2c91dc6f3756ba2aa7a3398aec42d,Will the Fed increase interest rates by 50 bps after its February meeting?,will-the-fed-increase-interest-rates-by-50-bps-after-its-february-meeting,2022-12-14 23:26:33.705000+00:00,2023-02-01 00:00:00+00:00,44782.055985,55.30542,50 bps increase after feb meeting?,economics,"['Yes', 'No']",1.8124869420615235e-06,,,,2,"[""47964004584107225500321701776265303926067511500178575227907010687520299492312"", ""62967343644001571223328834674800489901536335509964710054658772388672665324223""]",1152.5573041666667,48.023221006944446
248209,0xc420b0080de735a6d244f694bd8c5331cd48e007aa774f25551f3afc8efb8383,Will the Fed increase interest rates by 75 bps after its February meeting?,will-the-fed-increase-interest-rates-by-75-bps-after-its-february-meeting,2022-12-14 23:28:06.317000+00:00,2023-02-01 00:00:00+00:00,5413.838178999999,50.010005,75 bps increase after feb meeting?,economics,"['Yes', 'No']",2.6018823573819355e-06,,,,2,"[""92102504882721078292711727586829784891874603520563569118796610254480436864224"", ""22836153362828487281193732321408465359429588126437449158076945857786744021301""]",1152.5315786111112,48.0221491087963
248210,0x4279448e4182d54860c52b2ccb3f908c23d8524cb946d8cb55a46678e6937075,"Will Uniswap's ""Fee Switch"" Proposal pass?",will-uniswaps-fee-switch-proposal-pass,2022-12-15 17:41:38.521000+00:00,2023-02-28 00:00:00+00:00,686.097803,50.005021,unknown,other,"['Yes', 'No']",0.0,False,0.0,,2,"[""18713421079181999612167315609922082035930280773422652131617717756524777433455"", ""58529321329146082357359624909695341746391615648309737958025450142933601971165""]",1782.305966388889,74.26274859953703
248211,0x3648ab7c146a9a85957e07c1d43a82272be71fde767822fd425e10ba0d6c0757,[Single Market] Will Glenn Youngkin win the 2024 Republican presidential nomination?,will-glenn-youngkin-win-the-2024-republican-presidential-nomination,2023-02-23 16:36:44.220000+00:00,2024-09-10 00:00:00+00:00,6881.352481,0.0,glenn youngkin,politics,"['Yes', 'No']",0.0,False,0.0,,2,"[""2006684570364241896555682377056547936147873475006821796350135481625081540323"", ""38580130314633104723975394735082095016667349014635620492800619699027053776775""]",13543.387716666666,564.3078215277777
248212,0x65805e37d6c891808a44064013a0c80babf87010fe6e69204b17381fd0761fdd,[Single Market] Will Tim Scott win the 2024 Republican presidential nomination?,will-tim-scott-win-the-2024-republican-presidential-nomination,2023-02-23 16:36:44.318000+00:00,2024-09-10 00:00:00+00:00,8230.940976,0.0,tim scott,politics,"['Yes', 'No']",0.0,False,0.0,,2,"[""15401993229934745297596131820442774063382865794132379780080338388221558196324"", ""92824826487220401145378099492301263296405843389876712297661428775417612694972""]",13543.387689444444,564.3078203935185
248215,0x7a5adffd2afdcf6be785b73d8154d04ba5add0bca4d6e1ebcbfd42102ef95677,Will the US House Speaker be elected on the first ballot?,will-the-us-house-speaker-be-elected-on-the-first-ballot,2022-12-16 15:42:47.476000+00:00,2023-01-10 00:00:00+00:00,1819.0822640000001,25.835172,unknown,other,"['Yes', 'No']",7.826676625456569e-07,,,,2,"[""77646341925561635619829291294569622428913213841694789786418877691584598358437"", ""97369679633088835473195074283057408255920043312379820827577331539576275988996""]",584.2868122222222,24.345283842592593
248280,0x383d34d2b59f3581f3e217bd5f8d16904e12bbca65479046a7f0f6d99af2be5b,Will more than 2.5 million people travel through a TSA checkpoint on any day by December 31?,will-more-than-2pt5-million-people-travel-through-a-tsa-checkpoint-on-any-day-by-december-31,2022-12-21 20:32:04.057000+00:00,2023-01-06 00:00:00+00:00,716.9965279999999,25.005015,unknown,other,"['Yes', 'No']",7.63988424720213e-07,,,,2,"[""114444439096511532966723149436707978003648939801344482008524679177862118090057"", ""3254622531312767664122923724952656868824305015031921518689356488823282184227""]",363.4655397222222,15.144397488425925
248292,0x86a95921efba50773e078f7b935e0ce94b6bfb35f42fcab86ff63ff226d9237f,NFL Sunday: Dolphins vs. Patriots,nfl-sunday-dolphins-vs-patriots,2022-12-27 15:16:05.896000+00:00,2023-01-01 00:00:00+00:00,307.68333,24.019242,sunday: dolphins vs. patriots,sports,"['Dolphins', 'Patriots']",7.551082340058121e-07,,,,2,"[""39601455758369911966590594998421737282855690498160527804252361420579184284299"", ""32617860024739527772596931407224187377153925332092639664308668372667366263664""]",104.73169555555555,4.363820648148148
248293,0x9a7209897461d86a93aec03b1f731c338b43ef3a8306f2b8a2b1f295e04f193f,NFL Sunday: Vikings vs. Packers,nfl-sunday-vikings-vs-packers,2022-12-27 15:19:43.251000+00:00,2023-01-01 00:00:00+00:00,995.227704,20.412417,sunday: vikings vs. packers,sports,"['Vikings', 'Packers']",5.232829907606677e-07,,,,2,"[""88428790652179549254360942452373754154366610521579076074527134990518309232472"", ""94215417842996822256303199398506099617778342183703714112595651745723243233606""]",104.67131916666666,4.361304965277777
248294,0x5e5172329111b4ee0c810f2c96f30a5967e9dd283ed8a4f27fff5056246b2141,NFL Sunday: Steelers vs. Ravens,nfl-sunday-steelers-vs-ravens,2022-12-27 15:25:03.739000+00:00,2023-01-01 00:00:00+00:00,93.83666500000001,21.274077,sunday: steelers vs. ravens,sports,"['Steelers', 'Ravens']",0.9999996860042284,,,,2,"[""17752522915577482349025945129073295837556020015757852272359508749964008429604"", ""11822173605861964627435536336370946041450339876351373094059547547230574127695""]",104.58229472222222,4.357595613425926
248295,0x80dcb010ea53350c0a67f018c861d11239e5638de7d7c779510a7177cf1a1974,NFL Monday: Bills vs. Bengals,nfl-monday-bills-vs-bengals,2022-12-27 15:32:58.112000+00:00,2023-01-02 00:00:00+00:00,230.279088,22.617891,monday: bills vs. bengals,sports,"['Bills', 'Bengals']",0.5,,,,2,"[""35392040364993642990738117435106346842811851597388193850514007823217284880182"", ""42693823638987277490882745511432958582788750165382459975265505241514019530669""]",128.45052444444443,5.352105185185184
248297,0x5557f9db4a4c65eedec3590a96b010be9480bc2f7eb6a268265b5bd9cb1cd83a,Will the price of $SOL be above $11 on January 3?,will-the-price-of-sol-be-above-11-on-january-3,2022-12-27 21:02:10.941000+00:00,2023-01-03 00:00:00+00:00,617.7157129999999,25.005053,unknown,other,"['Yes', 'No']",0.9999998119630189,,,,2,"[""66422595402509986407527865551965322572567778459424954339418456851295709245829"", ""1395951639798721525265635807693342779998329153064980037086144510721014303962""]",146.9636275,6.123484479166667
248298,0x9b03d90455c1b6bd684802a4d8353fe1eaa23bd26cac36a0873511125ce08243,Will the price of $MATIC be above $0.80 on January 2?,will-the-price-of-matic-be-above-0pt80-on-january-2,2022-12-27 21:35:41.803000+00:00,2023-01-02 00:00:00+00:00,149.26,25.000013,unknown,other,"['Yes', 'No']",2.0116993659610314e-07,,,,2,"[""11490032965207487679424217696984778628979644177307668274176262312489733829008"", ""41200500999646094596525479317760265547094063712836351102425759878742222833435""]",122.40505472222222,5.100210613425926
248299,0x05e00f2be01c1a16678a1ef1b7a79dd42579055c4d5c1a92d746ce95edf69a18,"Will Twitter report any outages by January 6, 2023?",will-twitter-report-any-outages-by-january-6-2023,2022-12-28 14:30:08.047000+00:00,2023-01-06 00:00:00+00:00,1308.549998,25.005025,unknown,other,"['Yes', 'No']",0.9999991710687428,,,,2,"[""14846493816805855398218168344852230711921033086308263524516843508337026152239"", ""7959150165333437652300581377294203103243956576241963780749932407052909877082""]",201.49776472222223,8.39574019675926
248301,0xebc2c693e0b225d75cebe4695b10a23c618015668dfa7830e4bf52fa6a685798,Will $BTC reach $17000 by January 4?,will-btc-reach-17000-by-january-4,2022-12-28 18:06:20.104000+00:00,2023-01-04 00:00:00+00:00,1415.509988,50.010035,unknown,crypto,"['Yes', 'No']",1.241359128724683e-07,,,,2,"[""28466589081327985675463181242090623680658034183364727144949943670485864325011"", ""95267669442780372155263053305492422286382725253653482969062045240052101826916""]",149.89441555555555,6.245600648148148
248302,0xaf1f28ba9862507f432989cbf3a46feef83e1ace6f8d155b3c23463bd7d3108a,Will the price of $ETH be above $1200 on January 6?,will-the-price-of-eth-be-above-1200-on-january-6,2022-12-30 15:31:46.878000+00:00,2023-01-06 00:00:00+00:00,595.5049869999999,25.000012,unknown,crypto,"['Yes', 'No']",0.9999998143771007,,,,2,"[""73322179197525134031432243083409437260919575677607190266753133874269364793156"", ""78505059696854594872330026476301896509656187298313509171622405604394264261459""]",152.47031166666665,6.352929652777777
248306,0x8091de39d7661f0515a50b16220bb081cbee44b463ebeae8300e8784f485e3d2,Will Joe Biden's FiveThirtyEight approval rating be 43.3% or higher on January 7?,will-joe-bidens-fivethirtyeight-approval-rating-be-43pt3-or-higher-on-january-7,2022-12-31 18:29:59.723000+00:00,2023-01-08 00:00:00+00:00,255.897364,25.327013,unknown,politics,"['Yes', 'No']",0.9999984005438373,,,,2,"[""94262922367210385233982420462416184637643780054008225571292603466430454892502"", ""38925696662641898797488764175643457067310003293205997611488635008176437882327""]",173.50007694444446,7.229169872685186
248308,0xbd9bf4a0942186d428ff2209f7ad707a7416f4bd5613d1e9e68e43bca0779434,"Will Hunter Biden be federally indicted by March 1, 2023?",will-hunter-biden-be-federally-indicted-by-march-1-2023,2023-03-20 17:45:19.685000+00:00,2023-03-01 00:00:00+00:00,22657.365708999998,25.020034,march 1,politics,"['Yes', 'No']",0.0,False,0.0,,2,"[""17662189243116982720147788601614838864094098377023090028664832926590115477086"", ""114534537904225317545902623078012483341010636689940158929780870828193470109122""]",-473.7554680555556,-19.739811168981483
248309,0x5b75726b3872d3202e49183d49d33669fd711505aafaf2a543cab27d5d5830b3,"Will Genesis announce it is filing for bankruptcy by January 31, 2023?",will-genesis-announce-it-is-filing-for-bankruptcy-by-january-31-2023,2023-01-03 19:04:44.921000+00:00,2023-01-31 00:00:00+00:00,2349.808721,25.01502,unknown,other,"['Yes', 'No']",0.9999993058125257,,,,2,"[""97772904290862634237122847951193156037702890354239591007201434769652498913971"", ""86714401281183123000990385121036928667389609499829532041839024890991458645590""]",652.9208552777777,27.20503563657407
248311,0x7b0bd416ab10495867544527500207803623a7bb07a3d4167d830e69fec7890b,Will a nuclear weapon detonate by June 30?,will-a-nuclear-weapon-detonate-by-june-30,2023-02-17 17:26:46.161000+00:00,2023-06-30 00:00:00+00:00,427620.44492200005,7.033888,"june 30, 2023",other,"['Yes', 'No']",0.0,False,0.0,,2,"[""81605281056159316888560433214529913508103916774210042587330059668423942062765"", ""34037429394982576530200390469324377641744949457738313610894195590367798867378""]",3174.5538441666667,132.27307684027778
248312,0x1bdd0e463f0cf033656b3695164a1ccbb5d355f72a7b26f4c2f4df5f7d287834,"Will Ali Khamenei remain Supreme Leader of Iran through June 30, 2023?",will-ali-khamenei-remain-supreme-leader-of-iran-through-june-30-2023,2023-02-14 19:34:07.317000+00:00,2023-06-30 00:00:00+00:00,15625.883962000002,16.369619,khamenei,tech/ai,"['Yes', 'No']",1.0,True,1.0,,2,"[""82496067990030323147300552916532907235012681118008350513165922905812880304349"", ""42283162486830245342658832176029315530032131026692946840718074419696319652114""]",3244.4313008333334,135.1846375347222
248315,0xd756bcb0e45767150787bb3ff9020660e7ab8791d5635c2f8295dd0cc7c67047,"Will Joe Biden file to run for president by March 31, 2023?",will-joe-biden-file-to-run-for-president-by-march-31-2023,2023-03-13 13:34:15.478000+00:00,2023-03-31 00:00:00+00:00,39467.00206499999,25.010011,march 31,politics,"['Yes', 'No']",0.0,False,0.0,,2,"[""66666727434776890725355693524816621298875367777571775156915164890684095370311"", ""81923422041657003503144344413365281569825326236859465205620267777359590110530""]",418.4290338888889,17.434543078703705
248316,0x5e816bab6a20066537fb762d4a38d83723e9e677a86e1e337142b12e87978e7c,"Will Vladimir Putin remain President of Russia through June 30, 2023?",will-vladimir-putin-remain-president-of-russia-through-june-2023,2023-06-23 07:06:57.358000+00:00,2023-06-30 00:00:00+00:00,97672.91063700001,12.500009,putin,politics,"['Yes', 'No']",1.0,True,1.0,,2,"[""54776073602408079957025530097272434949418288863327165190526144328321707887220"", ""270824055318411114306233586716906484430493453216238649019545799236432009255""]",160.88406722222223,6.703502800925926
248323,0x5aaf16f92e6f9b932cfb2fc5e76b4318b9a8505b4f94fd2b46806767811a6e2c,Will a House Speaker be elected by end of Wednesday?,will-a-house-speaker-be-elected-by-end-of-wednesday,2023-01-04 17:03:11.550000+00:00,2023-01-04 00:00:00+00:00,66.511665,25.000004,unknown,other,"['Yes', 'No']",6.803603717560891e-07,,,,2,"[""14082859048648738381851683424212524622368710741865751113505650631828824229381"", ""21693855483776200139488308272939500838971191407074183268522814720610924822733""]",-17.053208333333334,-0.7105503472222222
248324,0x02e2365ebb79833ef9c33709ecd9f15544dc6c6d2261cb4a9453821ac7bb92ca,Did US GDP grow more than 2.5% in Q4 2022?,did-us-gdp-grow-more-than-2pt5-in-q4-2022,2023-01-04 17:15:27.477000+00:00,2023-01-26 00:00:00+00:00,519.786604,25.000007,unknown,economics,"['Yes', 'No']",0.9999985006517886,,,,2,"[""5431027315743907773170356781800281564120534874188056565529282291486259765672"", ""19449965470477608456908155515308997636197511936429117009030941559413740036873""]",510.7423675,21.280931979166667
248330,0x47a53b22a1aeabde0bc95539e5f4bc966d92202e24fa97bf7872e88f37af3b95,Will Peter Obi be elected as President of Nigeria in the upcoming 2023 Presidential Election?,will-peter-obi-be-elected-as-president-of-nigeria-in-the-upcoming-2023-presidential-election,,2023-02-25 00:00:00+00:00,7709.790915,25.005021,peter obi,politics,"['Yes', 'No']",0.0,False,0.0,,2,"[""44724757328606394319522601684000136372921970111113240281009953050580483977011"", ""32841896275122681552866723741204391304780765818063570837066604104689560879995""]",,
248331,0x6a3086722b7e5ba3646605202b0a87832e86c9b81ba5c33b2c8c9c3bb9de0def,Will Atiku Abubakar be elected as President of Nigeria in the upcoming 2023 Presidential Election?,will-atiku-abubakar-be-elected-as-president-of-nigeria-in-the-upcoming-2023-presidential-election,,2023-02-25 00:00:00+00:00,5108.387779,25.659549,atiku abubakar,politics,"['Yes', 'No']",0.0,False,0.0,,2,"[""14161063486251470933308133434107397379172818894705961040603021344261980615054"", ""42983862190692680031762345950841700517043110346877792207701642790284228654080""]",,
248332,0x99ba269df3e81aedee7938ffc5f4ca1ba3c53a8416bf18374e71609cd0911f41,Will Bola Tinubu be elected as President of Nigeria in the upcoming 2023 Presidential Election?,will-bola-tinubu-be-elected-as-president-of-nigeria-in-the-upcoming-2023-presidential-election,,2023-02-25 00:00:00+00:00,2917.2296100000003,25.000022,bola tinubu,politics,"['Yes', 'No']",1.0,True,1.0,,2,"[""76517854834314612623361934653862413753851935792655213595198667944661124324530"", ""109278454648314110106101035551947111039218453073393955766667177368504642333487""]",,
248334,0x57fe13b0c0661167f7f11b43f94d4ddd2b930b023cdb468c08213adfd69de157,Will a House Speaker be elected by end of Friday?,will-a-house-speaker-be-elected-by-end-of-friday,2023-01-05 18:36:54.632000+00:00,2023-01-06 00:00:00+00:00,2489.77,25.42649,unknown,other,"['Yes', 'No']",1.9443277544369847e-07,,,,2,"[""108096701286330860804901524193636035208726528444748554460445553080851164683964"", ""63746571660249404756030559825048123364624593664273143150688229412446990134221""]",5.384824444444444,0.22436768518518516
248335,0xa7ec429638204aec6d768bc2e7cc24c8276b3e5af40fca95858c9848c32e403e,Will Steve Scalise be elected Speaker of the House in the 118th Congress?,will-steve-scalise-be-elected-speaker-of-the-house-in-the-118th-congress,2023-01-05 18:52:21.897000+00:00,2023-01-06 00:00:00+00:00,413.381696,25.005013,steve scalise,politics,"['Yes', 'No']",1.4572282161723713e-06,,,,2,"[""65704149775735729568704480486804518728804893711185074977030921731160469713318"", ""26420445591862160505197574647045028070731004181469278302229818898152786307046""]",5.127250833333333,0.21363545138888887
248336,0x34a73f45838f5f317e492a9ae48578d7151a468a3c050f19e154869e37175c83,"Golden Globes: Will ""The Fabelmans"" win Best Picture - Drama?",golden-globes-will-the-fabelmans-win-best-picture-drama,2023-01-06 18:47:02.995000+00:00,2023-01-11 00:00:00+00:00,89.969998,25.000002,"""the fabelmans"" - best drama",other,"['Yes', 'No']",0.9999998068222308,,,,2,"[""73732057240322275743373096119372559036290179031624130735761385765967321908858"", ""75650799080864144522416409515518931345831053092919465417035511276628102915210""]",101.21583472222223,4.21732644675926
248337,0x22c562acc1f1ef95c30a17beb237eb51249c3dc50fda7e255e05078e09e6c4f6,"Golden Globes: Will ""Everything Everywhere All At Once"" win Best Picture - Musical or Comedy?",golden-globes-will-everything-everywhere-all-at-once-win-best-picture-musical-or-comedy,2023-01-06 19:09:24.442000+00:00,2023-01-11 00:00:00+00:00,177.509998,25.000003,"""everything everywhere all at once"" - best comedy/musical",other,"['Yes', 'No']",1.9335359437719352e-07,,,,2,"[""106112851943143956758808521369970887251344895134034433783452320551733729824751"", ""6588835766696374032298750932416953371722197209124620598420366022466099679551""]",100.84321055555556,4.201800439814815
248338,0xdcf5584a220ca90d1f2808618d7de9dd95fc02933d142ec14681adadd10b4dfa,Golden Globes: Will Brendan Fraser win Best Actor - Drama?,golden-globes-will-brendan-fraser-win-best-actor-drama,2023-01-06 19:19:00.633000+00:00,2023-01-11 00:00:00+00:00,108.351427,25.000002,"brendan fraser - best actor, drama",other,"['Yes', 'No']",1.9121373113241916e-07,,,,2,"[""43193325459198274796642029321449158178889308996403104719004334913744573052925"", ""23832056759051292481905460443634293402824583329091818880943000863199593726782""]",100.68315750000001,4.1951315625
248339,0xec6402396c09097512cbf9ad9854700e076d8867331bffad45677476f14cdc15,Golden Globes: Will Cate Blanchett win Best Actress - Drama?,golden-globes-will-cate-blanchett-win-best-actress-drama,2023-01-06 19:24:20.025000+00:00,2023-01-11 00:00:00+00:00,141.319998,25.000002,"cate blanchett - best actress, drama",other,"['Yes', 'No']",0.9999998090660244,,,,2,"[""4140599426638361332277250610467051568178963594684417690213696583362858550652"", ""54789290177014528790102397147674611644215145600998559914850935029465489247034""]",100.5944375,4.191434895833333
248340,0x9deb0baac40648821f96f01339229a422e2f5c877de55dc4dbf981f95a1e709c,NFL Saturday: Chiefs vs. Raiders,nfl-saturday-chiefs-vs-raiders,2023-01-06 22:41:10.102000+00:00,2023-01-07 00:00:00+00:00,37.399229,11.713037,saturday: chiefs vs. raiders,sports,"['Chiefs', 'Raiders']",0.9999999048526205,,,,2,"[""14270523446080509320829200481895961480205553513304203367521919818541658424782"", ""93110170397161149119544349457822484949376809039410140245101963942162463626903""]",1.3138605555555556,0.05474418981481482
248341,0xbe5522b50b59cae5645f01470783c2f502191d32ef9ecb6afbfd398be3d61711,NFL Saturday: Titans vs. Jaguars,nfl-saturday-titans-vs-jaguars,2023-01-06 22:53:14.201000+00:00,2023-01-07 00:00:00+00:00,111.294154,16.757003,saturday: titans vs. jaguars,sports,"['Titans', 'Jaguars']",7.019066353306859e-07,,,,2,"[""23016510842466770097974730229527616107593577299501988997085814530508783850470"", ""72880026214704118737919654727808075424907292623891462726579602450928116207968""]",1.1127219444444445,0.04636341435185185
248342,0x497822fe101391c6b8453cfc0ab1baf8d2b3dd24e65919426257d6be1b3d5c34,NFL Sunday: Ravens vs. Bengals,nfl-sunday-ravens-vs-bengals,2023-01-06 22:56:17.339000+00:00,2023-01-08 00:00:00+00:00,45.778925,15.977542,sunday: ravens vs. bengals,sports,"['Ravens', 'Bengals']",1.7710686120326766e-07,,,,2,"[""66601164450299462797888171182257394413204050345458306743790294475971490621730"", ""23058926010942005878171760678623069135202347573653508984389408926177961052678""]",25.061850277777776,1.044243761574074
248343,0xb58ae061dd6675f1d7974726e7de842c978f0e8f6e3cfb6ebfc71bfdc69808d6,NFL Sunday: Patriots vs. Bills,nfl-sunday-patriots-vs-bills,2023-01-06 22:59:57.215000+00:00,2023-01-08 00:00:00+00:00,251.496665,15.977546,sunday: patriots vs. bills,sports,"['Patriots', 'Bills']",1.657579460257166e-07,,,,2,"[""7372259546764531610487707181263897970422739281911337843415527884747656120730"", ""48913318053053194276335352658586557461095961559464876336804596817224024799076""]",25.00077361111111,1.0416989004629629
248344,0x5cad07ed712bb61487ee209f14bea3da675c3c1c24ab4c8eeaca4ac60e545f9b,NFL Sunday: Giants vs. Eagles,nfl-sunday-giants-vs-eagles,2023-01-06 23:04:12.299000+00:00,2023-01-08 00:00:00+00:00,439.308399,10.086836,sunday: giants vs. eagles,sports,"['Giants', 'Eagles']",7.180954537905018e-08,,,,2,"[""1051908559003526187083648337918359820850151043235023787651517291496231658995"", ""9229085884464408200729121017673673332000971160644315505443889914085321778223""]",24.929916944444443,1.0387465393518518
248345,0x0caf5c072f5abb4fe484b569949a9e414dc73d0d1af81be5effea1c2a48e4833,NFL Sunday: Cowboys vs. Commanders,nfl-sunday-cowboys-vs-commanders,2023-01-06 23:08:30.696000+00:00,2023-01-08 00:00:00+00:00,38.713111,14.43376,sunday: cowboys vs. commanders,sports,"['Cowboys', 'Commanders']",5.296027537755598e-07,,,,2,"[""48479984676432677557122491017951160228301130784207804545419686276865000611799"", ""2378343026668080329104976767517727241272432729431210934811362920156207029722""]",24.858140000000002,1.0357558333333334
248346,0x453a50a71f850d6d4f02d35757d50dae8dc112f94d083b6eadb8dd5a5da1f7fb,NFL Sunday: Lions vs. Packers,nfl-monday-lions-vs-packers,2023-01-06 23:14:07.292000+00:00,2023-01-08 00:00:00+00:00,406.343025,18.34499,sunday: lions vs. packers,sports,"['Lions', 'Packers']",0.9999991907355263,,,,2,"[""49734386941763802512453235482908993599741380808457377342977813462414246608766"", ""96425446227124852934723973455360341801667840721156940035648268232519549819479""]",24.76464111111111,1.0318600462962964
248356,0xf1cd6cd924b89e07ddc2327e76306190c12c2b0d182a4d6642a0977f3fbf7ed8,Will Petr Pavel win the 2023 Czech Presidential Election?,will-petr-pavel-win-the-2023-czech-presidential-election,2023-01-09 17:35:57.677000+00:00,2023-01-14 00:00:00+00:00,3257.8622299999997,25.000023,petr pavel,politics,"['Yes', 'No']",0.9999985491363671,,,,2,"[""115517063311194628834271365305401761445151808183173547943610402226854868632357"", ""23119934733452487317830941474930383595031719496724382115498223281349226192994""]",102.40064527777777,4.26669355324074
248357,0x00df943d710d2875e0c73b1d5ee33885d97831a51748819aee9b11c8a84f2774,Will Danuse Nerudova win the 2023 Czech Presidential Election?,will-danuse-nerudova-win-the-2023-czech-presidential-election,2023-01-09 17:42:56.492000+00:00,2023-01-14 00:00:00+00:00,2248.9229459999997,25.000021,danuse nerudova,politics,"['Yes', 'No']",7.207992565124213e-07,,,,2,"[""51623468901331114256978022861574794579186031482980884789775983427930188375445"", ""46483988424378450538679801730451849435818145629934372174250544631765342407350""]",102.28430777777777,4.261846157407407
248358,0xbc5f22c2c387fd0de6fa46d3ee040420b2a304991b04a9d09b07a8020fa5e57e,Will Andrej Babis win the 2023 Czech Presidential Election?,will-andrej-babis-win-the-2023-czech-presidential-election,2023-01-09 17:45:37.468000+00:00,2023-01-14 00:00:00+00:00,2984.6267510000007,25.000027,andrej babis,politics,"['Yes', 'No']",7.015047284230711e-07,,,,2,"[""105203267591812612694841693843435757918437360318968714283148124208686424989343"", ""114924517797248306774499523350879966609033545531102546029889828811572197311162""]",102.23959222222223,4.259983009259259
248359,0x0fbd0991b8cd88bebb6b48441c549d32a1eedb1e5ce47a5730829cec02c0e635,UFC Fight Night: Who will win - Imavov vs. Gastelum,ufc-fight-night-who-will-win-imavov-vs-gastelum,2023-01-09 19:30:11.243000+00:00,2023-01-14 00:00:00+00:00,8.5,17.545251,(cancelled) imavov vs. gastelum,other,"['Imavov', 'Gastelum']",0.5,,,,2,"[""1366352052302302650100212872577964890235822603265554843502820698768162038248"", ""74363419021144293841871695416897740111219720976454426632393800957887739750033""]",100.49687694444444,4.187369872685185
248360,0x63607be55aa8f3889941dae30af473a39f4c40939a5ebaf8fe62618f45444689,UFC Fight Night: Who will win - Ige vs. Jackson,ufc-fight-night-who-will-win-ige-vs-jackson,2023-01-09 19:35:35.253000+00:00,2023-01-14 00:00:00+00:00,172.892159,23.073958,ige vs. jackson,other,"['Ige', 'Jackson']",0.9999998338603373,,,,2,"[""55304135774292744806657624155964107126968572332864842078386581552257418223318"", ""43734521029366381082024936963881038079065617904489847572561071393778405593697""]",100.40687416666665,4.183619756944444
248361,0x763a8bb834c5be996e39df194618b61a77b5d81f1b818b407c7178ab0f8e649f,UFC Fight Night: Who will win - Punahele Soriano vs. Roman Kopylov,ufc-fight-night-who-will-win-punahele-soriano-vs-roman-kopylov,2023-01-09 19:49:38.815000+00:00,2023-01-14 00:00:00+00:00,122.836966,19.158903,soriano vs. kopylov,other,"['Soriano', 'Kopylov']",1.121469244696575e-07,,,,2,"[""113849207849605797702453109678730879337510253068082000275392287590806401070635"", ""53462851445056547858445494688925492094237294793142497065533318904057977396800""]",100.17255138888889,4.173856307870371
248362,0x42aeaec863c1f663ee24c511eaad8d1dc436faf8243386790efbd6d25e0bc6b7,"Will SpaceX's Starship successfully reach outer space by March 31, 2023?",will-spacexs-starship-successfully-reach-outer-space-by-march-31-2023,2023-01-09 20:02:47.200000+00:00,2023-03-31 00:00:00+00:00,7109.833846,25.020016,unknown,other,"['Yes', 'No']",0.0,False,0.0,,2,"[""70993107044369439171171580313719454769622003544537574245655261289473288647519"", ""44592396083222562454229873078714181549146526112357132999977151850613079905523""]",1923.9535555555556,80.16473148148148
248363,0x0c7ba72e42ef557d870af9c447440c0a5d32391c288d7eb3b0e0a5b37be9b608,Will Magnus Carlsen win the Tata Steel Masters 2023?,will-magnus-carlsen-win-the-tata-steel-masters-2023,2023-01-09 20:18:58.040000+00:00,2023-01-29 00:00:00+00:00,37275.565939,25.005016,unknown,other,"['Yes', 'No']",7.480626137378777e-07,,,,2,"[""22170479559895620198378266304200015846734515789283845242230010849093738578125"", ""28160965650330676477647953797537745908351915676947175001506767669367482516875""]",459.68387777777775,19.153494907407406
248364,0x0d1d6af3625d05220220baafb41617599b84b2a091933e69ae06b8df2963b425,Will NATO expand by March 31?,will-nato-expand-by-march-31,2023-01-09 21:12:47.070000+00:00,2023-04-01 00:00:00+00:00,52726.569370000005,25.000011,march 31,other,"['Yes', 'No']",0.0,False,0.0,,2,"[""51071458988637756640972704210096837794718374868196859364252520265465368337030"", ""25319706413645130673667253513207085107893886449745080708257228559082909990451""]",1946.7869249999999,81.11612187499999
248365,0xe33a4e67ef4f211d35f0ee01558fe91f2befbfefd185342f676e22b7547021f3,"Will Ron DeSantis file to run for president by June 30, 2023?",will-ron-desantis-file-to-run-for-president-by-june-30-2023,2023-01-09 21:24:38.031000+00:00,2023-06-30 00:00:00+00:00,63212.698701,25.01001,ron desantis,politics,"['Yes', 'No']",1.0,True,1.0,,2,"[""86925547426060562127132501762004204678965963596499896627241203184621126119542"", ""79353809899147235173096757518171822557289513606605542185519749958664440661043""]",4106.5894358333335,171.10789315972224
248366,0xf20e1825339f7e4c0b8868176f7d1f876674a554ef838dbaf266814098887fc2,VA-4 Special Election: McClellan (D) vs. Benjamin (R),va-4-special-election-mcclellan-d-vs-benjamin-r,2023-01-11 21:21:34.901000+00:00,2023-02-21 00:00:00+00:00,68.522543,25.000003,unknown,politics,"['McClellan', 'Benjamin']",0.9999914161133697,,,,2,"[""7159451925409748697249276641584040284266163813199393865973074577829835857018"", ""75291013501899722848235217531443914436020885616190002227325421328559557967920""]",962.6403052777778,40.11001271990741
248367,0x7a920c90c86802eee28bf3e69a8082156157e5103f4cca71125ac927ae02e6fd,Will George Santos resign by January 31?,will-george-santos-resign-by-january-31,2023-01-11 21:34:48.161000+00:00,2023-01-31 00:00:00+00:00,1040.417947,25.000006,unknown,other,"['Yes', 'No']",1.498368881936675e-06,,,,2,"[""33019976789352171723518443772131302457088976749038682219292680207705503663832"", ""96323545917480165651392549335142639275063642936468656868592384666041650446872""]",458.4199552777778,19.10083146990741
248368,0xbda3f736ff25461f6797e1ec1126a30f00255cf212c0ab25338816dc09e2a00a,Will PredictIt still support trading on February 17?,will-predictit-still-support-trading-on-february-17,2023-01-11 21:42:59.236000+00:00,2023-02-17 00:00:00+00:00,48970.116824000004,25.005027,unknown,other,"['Yes', 'No']",0.9999985560672483,,,,2,"[""109383107542828156465613740695051648648858693838770197092489611040401867500889"", ""98757163990671901029115369224147975623905309165206252357462520049474095157685""]",866.2835455555555,36.09514773148148
248376,0x4b466c6cb167dd6c2b3ea9f59d5e800d718345a1fb279f7700b6865bc42b6df9,Will Ronna McDaniel be reelected as RNC Chair?,will-ronna-mcdaniel-be-reelected-as-rnc-chair,2023-01-13 17:05:43.798000+00:00,2023-01-27 00:00:00+00:00,139.216128,25.000011,unknown,tech/ai,"['Yes', 'No']",0.9999995775525342,,,,2,"[""65660568982274900204811472469583163308403611143156524041637810017985702988813"", ""31409740269640658697477717892280497715568270600313164168944344959177343527219""]",318.90450055555556,13.287687523148149
248377,0xb01a3f1db2b9150eaa813faee68602887a61efd781ac7fbda2868ab5b8cd9e6a,UFC Fight Night: Who will win - Strickland vs. Imavov,ufc-fight-night-who-will-win-strickland-vs-imavov,2023-01-13 17:14:24.893000+00:00,2023-01-14 00:00:00+00:00,44.095765,25.000001,strickland vs. imavov,other,"['Strickland', 'Imavov']",0.9999992697961695,,,,2,"[""65832068603837896051404624033637065024292179881289060451809853775685847177746"", ""104644252217573449054288588500338677752828659947622759505641997528160168805711""]",6.759751944444444,0.2816563310185185
248383,0x53ce825c15da3e717559906a2e66823b89b4d402314aea2b1fb21d60b8ee2788,"Will ""Everything Everywhere All At Once"" win the Oscar for Best Picture?",will-everything-everywhere-all-at-once-win-the-oscar-for-best-picture,2023-02-21 20:04:05.379000+00:00,2023-03-13 00:00:00+00:00,53511.570984,25.005011,"""everything everywhere all at once"" - best picture",other,"['Yes', 'No']",1.0,True,1.0,,2,"[""52281723055382920618855681333533600254171778687620613180438026468901421830056"", ""24418195507144690496614399151634012533368927988598990619059195335918798338248""]",459.9318391666667,19.163826631944445
248384,0x32997cb6bb6d8e3baeb1251bc147f18b1222ff667c58c33a17689f023b19c0ac,"Will ""Top Gun: Maverick"" win the Oscar for Best Picture?",will-top-gun-maverick-win-the-oscar-for-best-picture,2023-02-21 20:04:05.451000+00:00,2023-03-13 00:00:00+00:00,10787.303384,25.010005,"""top gun: maverick"" - best picture",other,"['Yes', 'No']",0.0,False,0.0,,2,"[""59381452544960843079299475675299411562227627070361947489134301009059320851431"", ""25563258394975400545420439838312136906080206465796528166808219574030530632640""]",459.9318191666667,19.16382579861111
248385,0x7bb90b216f9686eeec780ca9cc89757080e613c3973ecfb64c7b6348d258ee1d,"Will Biden be impeached by June 30, 2023?",will-biden-be-impeached-by-june-30-2023,2023-01-13 22:36:02.410000+00:00,2023-06-30 00:00:00+00:00,26212.476426,25.005005,unknown,politics,"['Yes', 'No']",0.0,False,0.0,,2,"[""83397941921678775177683698896713734782694378595265047324995459758729944336733"", ""54376193854027976185359139865055464685675647818930004480778101848362114898677""]",4009.3993305555555,167.0583054398148
248386,0xe7f4fdce2911156a3b5e534d85a209e6a3932751b61a4b7c9feb07b57ca3ade5,"Will ""The Fabelmans"" win the Oscar for Best Picture",will-the-fabelmans-win-the-oscar-for-best-picture,2023-02-21 20:04:05.379000+00:00,2023-03-13 00:00:00+00:00,16828.324548,25.015008,"""the fabelmans"" - best picture",other,"['Yes', 'No']",0.0,False,0.0,,2,"[""92173133480183276343568124396098201677510217325974141271090482130444773311445"", ""20443511009953999981494970591160766859384343079212681936933721263570083721378""]",459.9318391666667,19.163826631944445
248387,0x8d4d93af5b60101fe62eed34c1bf224772c9eca08e6b20133464a63334d45385,NFL Wild Card Round: Seahawks Vs. 49ers,nfl-wild-card-round-seahawks-vs-49ers,2023-01-14 03:08:40.341000+00:00,2023-01-14 00:00:00+00:00,148.69,25.000006,sat - seahawks vs. 49ers,sports,"['Seahawks', '49ers']",7.780641619561178e-07,,,,2,"[""50704207056736616228968863530974795238122824149643789058133772904215352005018"", ""36874459293480338454188062869396010095398028828525149685467715440226955267""]",-3.1445391666666667,-0.13102246527777778
248388,0xe8f643087de188c963d04434cfbdf89b867fc0e95823739daad6fbbed4f0f9a0,NFL Wild Card Round: Dolphins vs. Bills,nfl-wild-card-round-dolphins-vs-bills,2023-01-14 03:08:40.350000+00:00,2023-01-15 00:00:00+00:00,267.85976,25.005095,sun - dolphins vs. bills,sports,"['Dolphins', 'Bills']",7.967891984016163e-05,,,,2,"[""11035104291194787268692898561255766721479577900326511577902987823184631768771"", ""99820846924838884616578335576325765869571861218988590307692063671486634764621""]",20.85545833333333,0.8689774305555554
248389,0x54402fba51fe7fafed972e4da677f6b6069c0657ebc52c36db06abcda959702f,NFL Wild Card Round: Chargers Vs. Jaguars,nfl-wild-card-round-chargers-vs-jaguars,2023-01-14 03:08:40.349000+00:00,2023-01-14 00:00:00+00:00,418.46,25.005011,sat - chargers vs. jaguars,sports,"['Chargers', 'Jaguars']",1.8568651649478607e-07,,,,2,"[""21815668662905852118669820318273458748253973284151070544631479581996644851512"", ""58521846226228579600433461874993053155131511239414983910359636054847947584920""]",-3.144541388888889,-0.13102255787037037
248390,0xcb22dd333cdb6834dfd97b366862986ca46130c669198a4dcff3ace532efc278,NFL Wild Card Round: Giants vs. Vikings,nfl-wild-card-round-giants-vs-vikings,2023-01-14 03:08:40.350000+00:00,2023-01-15 00:00:00+00:00,554.879995,25.005018,sun - giants vs. vikings,sports,"['Giants', 'Vikings']",0.9999984434229068,,,,2,"[""24077959108372724923679539739402566068788427716317643443218188102902639005834"", ""99256686239981639205275774200835001471627144394505541024020482623952582659497""]",20.85545833333333,0.8689774305555554
248391,0xa14e495586d67eeee273bad2af303c38cdaf8581a0a9c98b33b67c797bd06f75,NFL Wild Card Round: Cowboys Vs. Buccaneers,nfl-wild-card-round-cowboys-vs-buccaneers,2023-01-14 03:08:40.351000+00:00,2023-01-16 00:00:00+00:00,211.450401,25.000013,mon - cowboys vs. buccaneers,sports,"['Cowboys', 'Buccaneers']",0.9999992650036974,,,,2,"[""112222773434070367382250115062386391941941551217441584130926593217051322018057"", ""87781282443973460546894566208542639132879774771039241223766928347671533636374""]",44.85545805555556,1.8689774189814816
248392,0xba660571ee8ced6fd2f31ef50802af4a6ebb77e2fcb4476e35a90c0b87dd4a44,NFL Wild Card Round: Ravens Vs. Bengals,nfl-wild-card-round-ravens-vs-bengals,2023-01-14 03:08:40.350000+00:00,2023-01-15 00:00:00+00:00,200.739998,25.000009,sun - ravens vs. bengals,sports,"['Ravens', 'Bengals']",1.8898131112959e-07,,,,2,"[""91508026272475967677846291749770212655609068835200776224889083812872057827296"", ""51200038657827655691537547342573193584858397041653407481228700976158188226129""]",20.85545833333333,0.8689774305555554
248393,0x3686edd03e22e725f6b976867992d997a76b6a824d801e90dd535a765525b62d,Will the Dallas Cowboys win Super Bowl LVII?,will-the-dallas-cowboys-win-super-bowl-lvii,2023-01-17 16:57:26.619000+00:00,2023-02-12 00:00:00+00:00,10780.029987,8.789038,dallas cowboys,other,"['Yes', 'No']",6.503759666879537e-07,,,,2,"[""75988068389760042903591446591538099438562778855499430143350291630307115295816"", ""76264257517276508998718136309483761706662279748836430918421621333374601761589""]",607.0426058333334,25.293441909722223
248395,0x96b9d9687b28272b7b65e801da42a0ba0353961109efebe12509dbd05a79cca9,Will the Kansas City Chiefs win Super Bowl LVII?,will-the-kansas-city-chiefs-win-super-bowl-lvii,2023-01-17 17:14:57.777000+00:00,2023-02-12 00:00:00+00:00,24809.868368000003,107.781093,kansas city chiefs,other,"['Yes', 'No']",0.9999981093369142,,,,2,"[""24676482804844240454786470186852776526545666673623835743175088959202092287129"", ""14575614738032986665661806396566811154151217186954669434045094109081551197498""]",606.7506175000001,25.28127572916667
248410,0x8c3971d38dcd1b5c6647251885b021929877b428b540d25528c2b4b2d224c3cc,Will the Buffalo Bills win Super Bowl LVII?,will-the-buffalo-bills-win-super-bowl-lvii,2023-01-17 22:49:11.031000+00:00,2023-02-12 00:00:00+00:00,616.31,13.277127,buffalo bills,other,"['Yes', 'No']",4.5785829219379494e-07,,,,2,"[""97783139408550714424760011577648344122382616412686060988079312438023527102599"", ""21931639475810543824766492524200861462800862046047746645009931989548516371506""]",601.1802691666667,25.049177881944445
248427,0xd9293ac50cbf1a362aaa66f93ac862ae07a7ce168fc048227b4b4f8f70eceef8,Will the Philadelphia Eagles win Super Bowl LVII?,will-the-philadelphia-eagles-win-super-bowl-lvii,2023-01-19 15:33:13.448000+00:00,2023-02-12 00:00:00+00:00,64846.726475999996,25.010009,philadelphia eagles,other,"['Yes', 'No']",1.449223913227778e-06,,,,2,"[""67060684534090708039450396637586338970365486424094203983695614424105248563566"", ""102711969603136297100579750769768306774937474025876378928647871018082774295214""]",560.4462644444444,23.351927685185185
248428,0x58227dffac254afb3dabfa297b3cd84a779ae1d5253ac2926a668b37b269abed,Will the San Francisco 49ers win Super Bowl LVII?,will-the-san-francisco-49ers-win-super-bowl-lvii,2023-01-19 15:46:15.473000+00:00,2023-02-12 00:00:00+00:00,24500.943076,11.713032,san francisco 49ers,other,"['Yes', 'No']",3.477283452009281e-07,,,,2,"[""39814060964578704651534021320845383309268018715561985690066855726473252364948"", ""75130424199885985989290648477144807558221672119959761153479035274035020998587""]",560.2290352777778,23.34287646990741
248429,0xcaa63af2d11fe8674db75998f1dcab162183821622e78be02d81ccdaeaf1cac3,Will the Cincinnati Bengals win Super Bowl LVII?,will-the-cincinnati-bengals-win-super-bowl-lvii,2023-01-19 16:47:21.966000+00:00,2023-02-12 00:00:00+00:00,1268.5576700000001,8.790798,cincinnati bengals,other,"['Yes', 'No']",1.9925138348712878e-07,,,,2,"[""20115340362483314314011364516395906276415474780889153937867835355327466837160"", ""55833022185945104893014728062805252391422259996998253988809219625372109849541""]",559.210565,23.30044020833333
248430,0x2b0ea54aec4be79483fad4bd53b0159aa0089612e3a2b8d157e9ae8465ef14f5,Will the New York Giants win Super Bowl LVII?,will-the-new-york-giants-win-super-bowl-lvii,2023-01-19 16:54:59.350000+00:00,2023-02-12 00:00:00+00:00,3016.02,5.103102,new york giants,other,"['Yes', 'No']",1.860158541018995e-08,,,,2,"[""32856873241347501494714962569220866148059496530116149368490738613713273899586"", ""17166183495574472406823646241993475401074661072979051069484235267529812026125""]",559.0835138888889,23.295146412037038
248431,0xcaf3c9c84568ed53b6ad167116029f40f49123d018c17fa6866f51ba3e875270,Will the Jacksonville Jaguars win Super Bowl LVII?,will-the-jacksonville-jaguars-win-super-bowl-lvii,2023-01-19 17:01:44.225000+00:00,2023-02-12 00:00:00+00:00,999.76,4.396575,jacksonville jaguars,other,"['Yes', 'No']",5.53110622383005e-08,,,,2,"[""108431706848631459976433292757409048618223424107970521191343833730596246657787"", ""54963627550172901163472165929523687604932092150103009184417470828294447193924""]",558.9710486111111,23.290460358796295
248438,0x1d25fbae1d03949aa9fa1593704e3b31de03dd7e18f6a77290274f9a2292960c,NFL Saturday: Jaguars vs. Chiefs,nfl-saturday-jaguars-vs-chiefs,2023-01-20 17:54:59.685000+00:00,2023-01-21 00:00:00+00:00,9109.212167,12.502509,sat - jaguars vs. chiefs,sports,"['Jaguars', 'Chiefs']",4.456369622541005e-06,,,,2,"[""41307913906495884861913540112011374732686147444244466819889939675508357519800"", ""11432603141150711372078397418841697759245433302916379147871997991303482136794""]",6.083420833333333,0.25347586805555555
248439,0x16c44516f8c5a98fcdbc9f879e3c866c497a335ab27d1f9a88d689a51b1879b7,NFL Saturday: Giants vs. Eagles,nfl-saturday-giants-vs-eagles,2023-01-20 17:58:31.769000+00:00,2023-01-21 00:00:00+00:00,3707.8483149999997,14.821692,sat - giants vs. eagles,sports,"['Giants', 'Eagles']",5.049239141688557e-07,,,,2,"[""84070757257713730031033253960453244615086428658165773426322094004963227443428"", ""34793451343470745803730152017168927958845034456275883896258218734004531449258""]",6.024508611111111,0.25102119212962964
248440,0xacd5c84725d0e6ea5a6c2483763e272a2154ec565131cbb761e4eb83560ff184,NFL Sunday: Cowboys vs. 49ers,nfl-sunday-cowboys-vs-49ers,2023-01-20 18:03:35.293000+00:00,2023-01-22 00:00:00+00:00,5007.209243,19.993791,sun - cowboys vs. 49ers,sports,"['Cowboys', '49ers']",1.2166721229645762e-07,,,,2,"[""13589447973185202405847264611512032254825699962564105524290292130566663670063"", ""70009672835078671626575751899444241350663370419894270375407775443100719593005""]",29.940196388888886,1.2475081828703702
248441,0x55e3270f9e92737911dd03116513fd13c6236e40a62e8902dccebb9d683949cf,NFL Sunday: Bengals vs. Bills,nfl-sunday-bengals-vs-bills,2023-01-20 18:03:35.292000+00:00,2023-01-22 00:00:00+00:00,1602.871909,17.548775,sun - bengals vs. bills,sports,"['Bengals', 'Bills']",0.9999992334956135,,,,2,"[""53198442460335364129087247907690323526183839262482037434018684460990358294545"", ""100363210171369019722265476722779238222965974287150113208800912368179966178591""]",29.940196666666665,1.2475081944444444
248442,0x5844ea37c476f40ac08f622ce395e62a3f4e1fb4030f123113dc0b2871b5b9bd,Will @realDonaldTrump tweet by April 1?,will-realdonaldtrump-tweet-by-april-1,2023-02-15 14:42:37.065000+00:00,2023-04-01 00:00:00+00:00,29617.824140999997,25.000017,unknown,politics,"['Yes', 'No']",0.0,False,0.0,,2,"[""23177480719943796959285926483910740106351266591664103746877937080970097925895"", ""1292883438649211931782963650126424557428033145419292447654123852743365033777""]",1065.2897041666668,44.387071006944446
248444,0x4d40e1d7849ae33e49a0fc4a18b45169e4456b684b0d584b4cc582a9fc4b7ac0,"Will Donald Trump be President of the USA on May 31, 2023?",will-donald-trump-be-president-of-the-usa-on-may-31-2023,2023-03-13 13:55:51.867000+00:00,2023-05-31 00:00:00+00:00,768347.25602,42.991575,"may 31, 2023",politics,"['Yes', 'No']",0.0,False,0.0,,2,"[""110809743739971564369615674270177617181939911976045928758113281138063773814652"", ""92988772727407908906792387227321406894806842015890973062635792841885949392956""]",1882.0689258333334,78.41953857638889
248446,0x754b8ba5ebb9fc680f54d68fd090a97b1338ce40dc9352a1418b850cd39d2826,NFL Sunday: 49ers vs. Eagles,49ers-vs-eagles,2023-01-23 17:16:57.179000+00:00,2023-01-29 00:00:00+00:00,17147.000161,25.005068,sun - 49ers vs. eagles,sports,"['49ers', 'Eagles']",4.1204810222066895e-07,,,,2,"[""47659518503564745345106406946730196938211163628772753580574480211108967529451"", ""62297303578606689886976361789746112348251975306659756685443408627321525931457""]",126.71745027777777,5.2798937615740735
248447,0xc50c53224dc32d12ea75c45560784dbc55cd350a5aeb3f2c85375bd1cf0079dc,NFL Sunday: Bengals vs. Chiefs,bengals-vs-chiefs,2023-01-23 17:16:57.185000+00:00,2023-01-29 00:00:00+00:00,24824.378403999995,25.010015,sun - bengals vs. chiefs,sports,"['Bengals', 'Chiefs']",1.3688310219729197e-06,,,,2,"[""28193772404670945468997115627795002829543960790670693434430525752514649502558"", ""100536422518726376363601677777046457907176807710747604442110413662772613801237""]",126.71744861111111,5.27989369212963
248451,0xa9f02de583b27741d9ff93d67937e76311a487bbcc7156e37d887f4c637d5641,"Will Joe Biden be President of the United States on April 1, 2023?",will-joe-biden-be-president-of-the-united-states-on-april-1-2023,2023-04-24 18:13:17.857000+00:00,2023-04-01 00:00:00+00:00,338254.27912099997,25.015023,"april 1, 2023",politics,"['Yes', 'No']",1.0,True,1.0,,2,"[""47284142222790148121852914172046661293162454601550070088522354478236626213970"", ""34164700468868633482090094300625382869713003291680410652057978153990623480912""]",-570.2216269444444,-23.75923445601852
248453,0x13552753ca8e962d523731b854c945a3cd32a643d5934cb84878fabaedf7aaad,"Will Binance.com become insolvent by Feb 28, 2023?",will-binancecom-become-insolvent-by-feb-28-2023,2023-01-24 21:09:31.483000+00:00,2023-02-28 00:00:00+00:00,269.40740400000004,2547.135,unknown,other,"['Yes', 'No']",0.0,False,0.0,,2,"[""30293991442705676108737287254335206825847640310997961034588100818706927116283"", ""47286473615506599805833375892680648451827335060446094362579577610634282269759""]",818.8412547222222,34.11838561342592
248480,0x1e28e73363c1a45a7ea8f4fffeacb82f315afa1a401d344a1b87627296ce28ef,Will Lori Lightfoot win the 2023 Chicago Mayoral Election?,will-lori-lightfoot-win-the-2023-chicago-mayoral-election,2023-03-06 23:27:47.708000+00:00,2023-03-01 00:00:00+00:00,7749.874325,118.508642,lori lightfoot,politics,"['Yes', 'No']",0.0,False,0.0,,2,"[""65802362820020567329932154906104722382903008851403603648660735230391455112176"", ""98367414598724826729591562519283226336531934089688901170113968404509428380071""]",-143.46325222222222,-5.977635509259259
248481,0xb4ca5ab11a401f621052b4ee098202a24650895a9e60d5fd7b4151e9b94bbe09,Will Paul Vallas win the 2023 Chicago Mayoral Election?,will-paul-vallas-win-the-2023-chicago-mayoral-election,2023-03-06 23:27:47.708000+00:00,2023-03-01 00:00:00+00:00,28043.266803,186.236977,paul vallas,politics,"['Yes', 'No']",0.0,False,0.0,,2,"[""62539255451654940140508513770103528332137371714700471455610181738416474091864"", ""91402031923073007849514077600169452150826728740783631299642974578170004667050""]",-143.46325222222222,-5.977635509259259
248482,0xbff3167f6d65855bcda209b3f3f84c90a626fd0dede7c333596ad372fa1a71b6,"Will Jesus ""Chuy"" Garcia win the 2023 Chicago Mayoral Election?",will-jesus-chuy-garcia-win-the-2023-chicago-mayoral-election,2023-03-06 23:27:47.839000+00:00,2023-03-01 00:00:00+00:00,3315.565123,104.347575,"jesus ""chuy"" garcia",politics,"['Yes', 'No']",0.0,False,0.0,,2,"[""30073933990617983573418239719979143638996660829400527274570399147783731421699"", ""105885270521502700377948361987529347168258634139916478389227556594130177248624""]",-143.4632886111111,-5.977637025462962
248484,0xc0e4863d7210ca63374ffe3305502d4d21c32a53fa33961c67bcb53d63e1cc79,Will US inflation be more than 0.2% from December 2022 to January 2023?,will-us-inflation-be-more-than-0pt2-from-december-2022-to-january-2023,2023-01-27 18:30:04.095000+00:00,2023-02-14 00:00:00+00:00,186.852139,25.005017,more than 0.2%,sports,"['Yes', 'No']",0.9999984019367131,,,,2,"[""80368669991527076972511430896954203683742063557117012671569245342959645279566"", ""77243597578430332171954681404881348717953624438987000366439421768573846235026""]",413.49886250000003,17.229119270833333
248485,0x62183cd6b474de53be4c710b53703d00969dda05f73fadf8f19d5569be2a0a7c,Will US inflation be more than 0.3% from December 2022 to January 2023?,will-us-inflation-be-more-than-0pt3-from-december-2022-to-january-2023,2023-01-27 18:38:54.455000+00:00,2023-02-14 00:00:00+00:00,399.675366,25.000005,more than 0.3%,sports,"['Yes', 'No']",0.9999995685090192,,,,2,"[""31071372880059768717734430452508859060100599609849918960770304754836720327"", ""52685397757027277567890111452027989437217081374868612669329614215155091076521""]",413.35154027777776,17.222980844907408
248486,0x4276d9db726fc5cd4e301087130b2d5b788d69eefaab55dd9bdb74028432ba6f,Will US inflation be more than 0.4% from December 2022 to January 2023?,will-us-inflation-be-more-than-0pt4-from-december-2022-to-january-2023,2023-01-27 18:38:54.465000+00:00,2023-02-14 00:00:00+00:00,16833.777602000002,25.005022,more than 0.4%,sports,"['Yes', 'No']",0.9999988504214713,,,,2,"[""26277764470810345299003231733401105721055084599268283615195275932247963254036"", ""89490644244792538802475544410657374413762042703380950905548250070573965676201""]",413.35153749999995,17.222980729166665
248487,0xc043d8c9e91791315f50f9925dc8c67230fd7f33cfc8897dc8542663f29d468d,Will US inflation be more than 0.5% from December 2022 to January 2023?,will-us-inflation-be-more-than-0pt5-from-december-2022-to-january-2023,2023-01-27 18:38:54.513000+00:00,2023-02-14 00:00:00+00:00,248.91945199999998,25.010015,more than 0.5%,sports,"['Yes', 'No']",1.5982333190156033e-06,,,,2,"[""25951094381952728711245834652470401063076059936267282468795304187467248874749"", ""15707425741879216613559337102526088493322325966370781168672263898166668513282""]",413.35152416666665,17.22298017361111
248488,0x0e2e0daf4bd99e12d1ef7f4b5409e50aa1111e006a6a2b538ea3b31287f46759,Will George Santos remain in Congress through March 31?,will-george-santos-remain-in-congress-through-march-31,2023-01-27 19:28:12.615000+00:00,2023-03-31 00:00:00+00:00,7181.667565,25.005009,unknown,politics,"['Yes', 'No']",1.0,True,1.0,,2,"[""28751449130778274410846639334728311085824681864411079618339288081485173284401"", ""108087534395094289789949925013940931237669025025876936250100064112132183733961""]",1492.5298291666666,62.18874288194444
248489,0x590169f12fbb2c00b4735c1aab4f406cc635ac7139dc739372f47ffc7004ea66,2023 Australian Open Final: Djokovic vs. Tsitsipas,2023-australian-open-final-djokovic-vs-tsitsipas,2023-01-27 20:05:59.277000+00:00,2023-01-29 00:00:00+00:00,29540.497943999995,18.750009,unknown,other,"['Djokovic', 'Tsitsipas']",0.9999989631893517,,,,2,"[""80290798465146696141993589845468584666432906960794900220166403416725326680712"", ""53445076100293495453007168391207872312770078774330294889333250128671803573423""]",27.900200833333333,1.1625083680555555
248490,0x02823013ae4e640b31d88eef165a8021ab7b6300ca0adbf975d72dedd626bf0e,Boxing: Jake Paul vs. Tommy Fury,boxing-jake-paul-vs-tommy-fury,2023-01-27 22:29:31.441000+00:00,2023-02-26 00:00:00+00:00,31398.453320000004,19.572039,unknown,other,"['Paul', 'Fury']",4.482457301482241e-05,,,,2,"[""31195509212097524605421292025523669499800608021363392222207273729434232900675"", ""25830386375122413841842835652405172282662627165689148198015348642418144639421""]",697.5079330555556,29.06283054398148
248494,0xc4e0dca050424bec2df1c0eb0d362b0dd8e84c7e0c02e5191dd03c1ad3ebabac,NBA: Lakers vs. Nets (01/30/2023),nba-lakers-vs-nets-01302023,2023-01-30 16:31:14.794000+00:00,2023-01-30 00:00:00+00:00,10625.583478999999,25.000023,lakers vs. nets,sports,"['Lakers', 'Nets']",8.669474940251896e-08,,,,2,"[""2541166413605195562405024370140328465229857435112797236162225593142819095945"", ""12042587924872055769821870368783032753893556767266421691765240431423532615175""]",-16.52077611111111,-0.6883656712962963
248495,0x41d92ef0532a10cc302734a508d453b0e0596572a87a1e7cd26c3eb096af0389,NBA: Pistons vs. Mavericks (01/30/2023),nba-pistons-vs-mavericks-01302023,2023-01-30 16:31:14.812000+00:00,2023-01-30 00:00:00+00:00,3750.984273,25.000036,pistons vs. mavericks,sports,"['Pistons', 'Mavericks']",1.473886737263804e-06,,,,2,"[""62585191625355058678161495354541169048134991590981779660995984278786619776658"", ""115083089826399679967001455415757913721170037226495836132602789305871573336725""]",-16.52078111111111,-0.6883658796296296
248496,0x26aaa996aca5a49dc6f953345dc040c307cc3193fd266233a552b4cb656e7b68,NBA: Raptors vs. Suns (01/30/2023),nba-raptors-vs-suns-01302023,2023-01-30 16:31:14.846000+00:00,2023-01-30 00:00:00+00:00,382.55116699999996,25.000025,raptors vs. suns,sports,"['Raptors', 'Suns']",1.9006070678499047e-07,,,,2,"[""59934972241418523019355520979088080559003011200583101152766472774176644156025"", ""112537892602795289050404522063440435156775798288625861960383657309900121621191""]",-16.520790555555553,-0.688366273148148
248497,0xa3d8781a3de16ad604801a259583976f0efa7a6c9f27b06f9647c97a4a5a4e7c,NBA: Hawks vs. Trail Blazers (01/30/2023),nba-hawks-vs-trail-blazers-01302023,2023-01-30 16:31:14.852000+00:00,2023-01-29 00:00:00+00:00,5246.832593,25.00001,hawks vs. trail blazers,sports,"['Hawks', 'Trail Blazers']",1.4381733212384446e-06,,,,2,"[""75122266654118538208584551794816271569417297509860729830238911906599618486787"", ""85515593012637904029094987886676833933850191483035076092607556007844649907637""]",-40.52079222222223,-1.6883663425925928
248505,0x6cc240c12f0b4617369408b9f39e134293f16c840b82fc462d9824be11b17f53,"Will @elonmusk have more than 22,726 tweets on February 10?",will-elonmusk-have-more-than-22726-tweets-on-february-10,2023-02-10 17:01:27.913000+00:00,2023-02-10 00:00:00+00:00,4465.913030000001,100.005009,unknown,other,"['Yes', 'No']",0.0005026577395447885,,,,2,"[""104103238578434785619086187508392173964597657435509224302961138553685952244568"", ""73096015757680878890371222460611927993888914911640919694635281139459835310639""]",-17.02442027777778,-0.7093508449074074
248507,0xdeeed8e593b23c853cd1bc1c85259b9535f32734d2a73f4f7d5e487faaa4eed1,Will NATO expand by June 30?,will-nato-expand-by-june-30,2023-01-30 19:06:23.106000+00:00,2023-07-01 00:00:00+00:00,29198.551063,2499.2911310000004,june 30,other,"['Yes', 'No']",1.0,True,1.0,,2,"[""41909194383884489857051533149267887932706513238474711698327450766299364965897"", ""46296129944740145134028887886488800558338482961897658822042889421944724008114""]",3628.8935816666667,151.2038992361111
248509,0xb7e10f4e27c23797fea410d0ea486ff2c310caec82e88cb65eb0326f0b7ff8c5,"Will Joe Biden be President of the United States on June 1, 2023?",will-joe-biden-be-president-of-the-united-states-on-june-1-2023,2023-04-24 18:13:17.914000+00:00,2023-06-01 00:00:00+00:00,828643.8758619999,23915.863449000004,"june 1, 2023",politics,"['Yes', 'No']",1.0,True,1.0,,2,"[""52644003969251968869441622436463110626097607363533001723463307168427841907869"", ""40369820145495574054442647452764356421869475278196849464231784556801413164843""]",893.7783572222222,37.24076488425926
248510,0x72c797759025008d86ea7832bde9a880231b5f26b2e337580bf4fac75375a94f,Will more than 2.2 million people travel through a TSA checkpoint on any day by February 6?,will-more-than-2pt2-million-people-travel-through-a-tsa-checkpoint-on-any-day-by-february-6,2023-01-30 20:54:18.438000+00:00,2023-02-07 00:00:00+00:00,212.03105,20.005011,unknown,other,"['Yes', 'No']",2.65864762286301e-07,,,,2,"[""22879355359466154713923471127989210853688866110947180657971800485706233698654"", ""79761444649418207358266137844726521047524968381487214203277410400795766592497""]",171.09487833333336,7.1289532638888895
248511,0x506796c1fb3bbc85ca33427fcf8df6136896d9c4b7abec36e7b9a9e6b074621e,Super Bowl LVII: Eagles vs. Chiefs,super-bowl-lvii-eagles-vs-chiefs,2023-02-12 14:30:18.597000+00:00,2023-02-12 00:00:00+00:00,304392.856053,21.286857,unknown,other,"['Eagles', 'Chiefs']",1.2798096726574133e-05,,,,2,"[""25701001948440085211847746191266626907443286230451819785215356975761105252268"", ""12911508177196216615859072208959090855154879917097268360859588445272436482821""]",-14.505165833333335,-0.6043819097222223
248512,0xa51a381c65e088ae2f728db99dac77e8ba1776db61e6987b8ce2c674467ef9e9,NBA: Heat vs. Cavaliers (01/31/2023),nba-heat-vs-cavaliers-01312023,2023-01-31 16:25:59.374000+00:00,2023-01-31 00:00:00+00:00,1506.326529,0.0,heat vs. cavaliers,sports,"['Heat', 'Cavaliers']",0.0,,,,2,"[""55814599874320644144321160367177815340071242044521775046542052682674701530486"", ""61521817628110014338076472865600703299642590341066691769467364041189739198821""]",-16.433159444444446,-0.6847149768518519
248513,0x8adac8e898ae5dcbb0badc585dc228c9d52b0e374898318f97fbbba51ff0bc4d,NBA: Lakers vs. Knicks (01/31/2023),nba-lakers-vs-knicks-01312023,2023-01-31 16:25:59.400000+00:00,2023-01-31 00:00:00+00:00,9443.927002,0.0,lakers vs. knicks,sports,"['Lakers', 'Knicks']",0.0,,,,2,"[""28406420966965980411563426705005334018922603281158835268061789041481698602141"", ""17375224680167563106916535332741800664562727091767605880068588152473086393634""]",-16.43316666666667,-0.6847152777777779
248514,0x51ac91b122802b9a904011bfd1a43c5252c0d355ba5e93f861e1933a7b2dcf65,NBA: Clippers vs. Bulls (01/31/2023),nba-clippers-vs-bulls-01312023,2023-01-31 16:25:59.414000+00:00,2023-01-31 00:00:00+00:00,188.685181,0.0,clippers vs. bulls,sports,"['Clippers', 'Bulls']",0.0,,,,2,"[""110675473395779635429318181350500506214262289160204832015445270684832208114098"", ""84068350154997398762839427022173695047260055348333781791343113897866549829099""]",-16.433170555555556,-0.6847154398148149
248515,0x9362ec7d24e06d326bb193d4d22f7d65bdd15b423afe242dc85c8103fd822404,NBA: Pelicans vs. Nuggets (01/31/2023),nba-pelicans-vs-nuggets-01312023,2023-01-31 16:25:59.414000+00:00,2023-01-31 00:00:00+00:00,1224.244337,0.0,pelicans vs. nuggets,sports,"['Pelicans', 'Nuggets']",0.0,,,,2,"[""32953190650490626719383000871533221289192210456474425874962397482243075916240"", ""24444274858026999833954852093476530597530574995174342050731218829250011045752""]",-16.433170555555556,-0.6847154398148149
248516,0x4aab2d93da5601dc0cff2d7f946d913469806574996a786c83e2bdb78e78ea3d,NBA: Hornets vs. Bucks (01/31/2023),nba-hornets-vs-bucks-01312023,2023-01-31 16:38:13.529000+00:00,2023-01-31 00:00:00+00:00,4510.0,0.0,hornets vs. bucks,sports,"['Hornets', 'Bucks']",0.0,,,,2,"[""73850664060258272028027989457962903558432079609666921317027859844097566010027"", ""69055924786738480951457670255210188728958277466225329809088316287484826735028""]",-16.63709138888889,-0.6932121412037038
248517,0xdef4297663a67c326bf3eba80f74eaf6de133e73649eb31fb2f9007b77a6c4db,NBA: Wizards vs. Pistons (02/01/2023),nba-wizards-vs-pistons-02012023,2023-01-31 17:31:32.731000+00:00,2023-02-01 00:00:00+00:00,2466.9649999999997,0.08,wizards vs. pistons (postponed),sports,"['Wizards', 'Pistons']",0.58355208834005,,,,2,"[""99560205050468630605733531253970693390389883242407639061855702452844865650446"", ""107955480110052033110246745496872269905396859894479319446315236006108307643567""]",6.474241388888889,0.2697600578703704
248518,0xd2efb83b2e249770d2c7b2efbe5cb46d009e233a77d400285a3c49670254cb9d,NBA: Magic vs. 76ers (02/01/2023),nba-magic-vs-76ers-02012023,2023-01-31 17:31:32.770000+00:00,2023-02-02 00:00:00+00:00,133.013284,0.0,magic vs. 76ers,sports,"['Magic', '76ers']",0.0,,,,2,"[""59122697133926703315223288634682924393830675427837137855440958463919524452650"", ""50724946192122725391926971515902349166399741956390829973328925941740531369212""]",30.474230555555554,1.2697596064814813
248519,0xe97e5c12774c0fe788da618bf97902c922dce02651c2723e9e8703549b40173a,NBA: Warriors vs. Timberwolves (02/01/2023),nba-warriors-vs-timberwolves-02012023,2023-01-31 17:31:32.781000+00:00,2023-02-02 00:00:00+00:00,6758.064515,0.0,warriors vs. timberwolves,sports,"['Warriors', 'Timberwolves']",0.0,,,,2,"[""17248175504267147961315626389401172451181243451792130369621626438730076342921"", ""31329966127716936777141969701580504977052893256409406802397608859925307736226""]",30.474227499999998,1.2697594791666666
248520,0xa6c757e355ebcaa746e4fd536c2569ffa351ae3e1cb5128a4b8ceb20fe3457f9,NBA: Raptors vs. Jazz (02/01/2023),nba-raptors-vs-jazz-02012023,2023-01-31 17:31:32.787000+00:00,2023-02-02 00:00:00+00:00,845.19,0.0,raptors vs. jazz,sports,"['Raptors', 'Jazz']",0.0,,,,2,"[""22538174636485934940027636373677582368107415722015463009710356520063913489587"", ""80336766040688627616373985911307379853811101047295394316772736219543244300874""]",30.474225833333335,1.2697594097222222
248521,0x2fc8e11dfde785c51787bd6436692c5d15604d9b056dea63e3a643f8cf2b5f1e,NBA: Hawks vs. Suns (02/01/2023),nba-hawks-vs-suns-02012023,2023-01-31 17:31:32.787000+00:00,2023-02-02 00:00:00+00:00,30.326356,0.905003,hawks vs. suns,sports,"['Hawks', 'Suns']",0.9999999974164593,,,,2,"[""19428939696249473293521801154291420538934809100352952349856839588157809981408"", ""108226463567850721407878206885203661361517654418077238231529949070670123939584""]",30.474225833333335,1.2697594097222222
248522,0xbd73cfd6c4e70e1b7fefb589a8aa45f7c0014967905d9d552d678ad821b725f2,Did Kevin O'Leary bail out SBF?,did-kevin-oleary-bail-out-sbf,2023-01-31 20:09:02.464000+00:00,2023-04-01 00:00:00+00:00,3695.555269,203.959906,kevin o'leary,tech/ai,"['Yes', 'No']",9.76835792833492e-06,,,,2,"[""39867296793484749261759338230672144185138170205560959841840111287958477904395"", ""71876631730945466648094700994054440159740539574470555747636853596983122649415""]",1419.8493155555557,59.16038814814815
248523,0x40821ece7cc6d2c472c92beb6b44ae23cb9fcfa2c937a815d2755a17f94588a8,Did Dustin Moskovitz bail out SBF?,did-dustin-moskovitz-bail-out-sbf,2023-01-31 20:09:02.513000+00:00,2023-04-01 00:00:00+00:00,1853.476595,203.959907,dustin moskovitz,tech/ai,"['Yes', 'No']",1.0370884899502807e-05,,,,2,"[""3672138123119395060568279713729229768325544227071930438034786349667420787861"", ""82127942825378952708735289598526046222658042662608556785936737608551813803201""]",1419.8493019444443,59.16038758101851
248524,0x9f4528ac26f2b4921fb2d8bad9ceaed81cfb401ccd356ebfe6d6b2d4d8918462,Did Jaan Tallinn bail out SBF?,did-jaan-tallinn-bail-out-sbf,2023-01-31 20:14:53.284000+00:00,2023-04-01 00:00:00+00:00,19167.918031,203.954909,jaan tallinn,tech/ai,"['Yes', 'No']",2.997490283555893e-06,,,,2,"[""16653179683321958276217807954193657616120960367133857220836964595221784015733"", ""79785809263794935107659385834215392552803267794968105116912452183490132067157""]",1419.7518655555555,59.156327731481475
248525,0xf89dc6e4726a8ba15fe96a491ffaf860911dfc85e836ec300780b48101a58f32,Will Magnus Carlsen win the Airthings Masters 2023?,will-magnus-carlsen-win-the-airthings-masters-2023,2023-01-31 21:54:40.065000+00:00,2023-02-11 00:00:00+00:00,9045.123396,25.000007,unknown,tech/ai,"['Yes', 'No']",0.999999575782665,,,,2,"[""10855595221256449217034996606286388759042959214764614838516532618271513505101"", ""51631035502589547652970602291133770616537869253866203934583998079589866581415""]",242.08887083333335,10.087036284722222
248526,0x3960e6ba226b18e349a586703c942d334325f3c026d179a7bcf8a524edaa40f4,NBA: Lakers vs. Pacers (02/02/2023),nba-lakers-vs-pacers-02022023,2023-02-01 16:45:43.319000+00:00,2023-02-02 00:00:00+00:00,12905.097713000001,0.000507,lakers vs. pacers,sports,"['Lakers', 'Pacers']",0.010295881647341064,,,,2,"[""57965156656408802359577770578870325632966587434597313703831843903067339521534"", ""93890034186926678173262422619289397844700156066643024731317888375308177390719""]",7.2379669444444446,0.3015819560185185
248528,0xb588de0af8c3bfaeda2c5d27892486e2e67aa5a354762cd8fac54778ab0fafbc,NBA: Clippers vs. Bucks (02/02/2023),nba-clippers-vs-bucks-02022023,2023-02-01 16:45:43.361000+00:00,2023-02-02 00:00:00+00:00,8175.7892520000005,0.010001,clippers vs. bucks,sports,"['Clippers', 'Bucks']",9.996471245650286e-05,,,,2,"[""53054702990824026515635025141130655713888479255438091772082546622829618485575"", ""43659496959858698911375812844376391095825561237021365284403147566167865296707""]",7.237955277777777,0.30158146990740736
248529,0x826f97dc5541b756a6724ace82691469dece0d07b8dacb7d62c0b5393fb62387,NBA: Warriors vs. Nuggets (02/02/2023),nba-warriors-vs-nuggets-02022023,2023-02-01 16:45:43.361000+00:00,2023-02-02 00:00:00+00:00,13810.362958,0.0,warriors vs. nuggets,sports,"['Warriors', 'Nuggets']",0.0,,,,2,"[""80614591378386216265775246939908351892974900550912465149058983606813256771012"", ""66160927293041585378978547454199461666626795991763243044109448975040327320276""]",7.237955277777777,0.30158146990740736
248531,0x2c8432eb438250dd3f8a1f1610036d7b385a16e8cc28009052413825695c39ff,NBA: Hornets vs. Pistons (02/03/2023),nba-hornets-vs-pistons-02032023,2023-02-01 17:09:54.241000+00:00,2023-02-04 00:00:00+00:00,5979.413128,0.000507,hornets vs. pistons,sports,"['Hornets', 'Pistons']",0.010295881647341064,,,,2,"[""113555137334832360620619768862993889115018922414214403956767020376877794576059"", ""91336042157697236195109468547685781096648983251623239437506834860617163368236""]",54.83493305555555,2.284788877314815
248532,0x477a045e9894a24a46bf7ee66cfdff136a3354806d38f09e30f3c638d01aa54d,NBA: Suns vs. Celtics (02/03/2023),nba-suns-vs-celtics-02032023,2023-02-01 17:09:54.558000+00:00,2023-02-04 00:00:00+00:00,10469.746276,0.0,suns vs. celtics,sports,"['Suns', 'Celtics']",0.0,,,,2,"[""49060501075607855586161654899390661674347113637206178487124127851580203134391"", ""41200397474063310889445514560816374352571335976386873288976343778419658556388""]",54.834845,2.2847852083333335
248533,0xeaaa1621fbb0b319e0515ca6c74da9ffa2c7435234b316072502b23c04004444,NBA: Raptors vs. Rockets (02/03/2023),nba-raptors-vs-rockets-02032023,2023-02-01 17:09:54.599000+00:00,2023-02-04 00:00:00+00:00,1530.154166,0.0,raptors vs. rockets,sports,"['Raptors', 'Rockets']",0.0,,,,2,"[""16743756446668198418161546459686092770971765469544638637589064152347281520658"", ""71357143382016923333286138704308502799994327671017497806704759179352384697178""]",54.834833611111115,2.2847847337962963
248534,0x441c2b1f38dfa12d85a32b8964a090dc58d9dea232e7c4c168e324d7b7a3c73a,NBA: Magic vs. Timberwolves (02/03/2023),nba-magic-vs-timberwolves-02032023,2023-02-01 17:09:54.621000+00:00,2023-02-04 00:00:00+00:00,1899.736807,0.002967,magic vs. timberwolves,sports,"['Magic', 'Timberwolves']",0.9806307770913651,,,,2,"[""36475896639127998728043287084620269013681191810144160766663735138105795184559"", ""47701553729687510317422870374843353940827601658794324217144777514805094127228""]",54.834827499999996,2.2847844791666665
248535,0xab38bcd9f008428d37d2af324eaa6d6e0313f5975ffb025094bfa3a46a284938,NBA: Hawks vs. Jazz (02/03/2023),nba-hawks-vs-jazz-02032023,2023-02-01 17:09:54.636000+00:00,2023-02-04 00:00:00+00:00,6893.06071,0.003921,hawks vs. jazz,sports,"['Hawks', 'Jazz']",0.9793080916252224,,,,2,"[""23383062548507814198621277327580301535907085411073641537324460875671930764183"", ""112266403401547095104692828644557630281099007356271526119451825295522498700689""]",54.83482333333333,2.2847843055555557
248536,0x1b804476264430dab04c04631e68193dbcc18dd2c2a5db4500f917045f20a4ec,NBA: Wizards vs. Nets (02/04/2023),nba-wizards-vs-nets-02042023,2023-02-01 18:06:14.397000+00:00,2023-02-04 00:00:00+00:00,4978.478015000001,0.003351,wizards vs. nets,sports,"['Wizards', 'Nets']",0.6900358818658571,,,,2,"[""115561635104714436100215748865072575686018670437829613450655887482514153297143"", ""88890267703764349620212074072518677262647365041771000216944348702657282580772""]",53.89600083333333,2.2456667013888887
248537,0xcf98c438e75dc4fdc25b1e48de23adffdc4a15be9cc89f5b73721198820820c1,NBA: Suns vs. Pistons (02/04/2023),nba-suns-vs-pistons-02042023,2023-02-01 18:06:14.429000+00:00,2023-02-04 00:00:00+00:00,2263.075867,0.0,suns vs. pistons,sports,"['Suns', 'Pistons']",0.0,,,,2,"[""38533708059183496482396436337628663016977781241069578366354949231739219895465"", ""7383078199576823886643038741729069867468150381224481526293786173706803650616""]",53.89599194444445,2.2456663310185188
248538,0x3174a547b0d668f7729db296b18642af4a9055d204df93e506b1cf9af965abd0,NBA: Mavericks vs. Warriors (02/04/2023),nba-mavericks-vs-warriors-02042023,2023-02-01 18:06:14.434000+00:00,2023-02-04 00:00:00+00:00,197.469103,0.0,mavericks vs. warriors,sports,"['Mavericks', 'Warriors']",0.0,,,,2,"[""18616611613438439309778206472540267523253592703336306386879813818534332105019"", ""64944668058133418360029837485075874565823452997805682258743254502886219390950""]",53.89599055555556,2.245666273148148
248539,0xfe47e323bf0a784cfa7b7c16305c10b714e09422b0934d3996a6ad1df32f55b5,NBA: Hawks vs. Nuggets (02/04/2023),nba-hawks-vs-nuggets-02042023,2023-02-01 18:06:14.437000+00:00,2023-02-04 00:00:00+00:00,3852.797296,1e-06,hawks vs. nuggets,sports,"['Hawks', 'Nuggets']",0.7100255609201931,,,,2,"[""61282661743302166472482168683435724068109565094237586444139646837369522937664"", ""41949781242708308501258281590378737935076849299377087318789875386034269396503""]",53.89598972222222,2.2456662384259256
248552,0x8e30ee6bbe58b94fbdab3eee184f3f3c7be1d017c3694c84b6bb0c2f822f3f77,NBA: Lakers vs. Pelicans (02/04/2023),nba-lakers-vs-pelicans-02042023,2023-02-01 18:14:56.079000+00:00,2023-02-04 00:00:00+00:00,7043.075405,0.0,lakers vs. pelicans,sports,"['Lakers', 'Pelicans']",0.0,,,,2,"[""90773025804727515061192574369130430127570172639567279290514043844242011398450"", ""45458267153716045550234270019302292673298399459202969057709380403519935940380""]",53.75108916666667,2.2396287152777776
248553,0xa6458596451294ece31e285e467cb6caa775f40e7ebefa4a4bab3059e157650b,NBA: Magic vs. Hornets (02/05/2023),nba-magic-vs-hornets-02052023,2023-02-01 18:31:47.543000+00:00,2023-02-05 00:00:00+00:00,4548.7979430000005,0.005,magic vs. hornets,sports,"['Magic', 'Hornets']",0.99983104639466,,,,2,"[""83284625323746704103547652406919407164951415182496220229704067412482274082461"", ""36392207609228549666405211112270206511355085782229063349135858415320927406664""]",77.47012694444444,3.2279219560185184
248554,0x5a0ff447289515c213a3e96f4d54397ac7c32795d6fc150934dfd60a447c6ef3,NBA: Cavaliers vs. Pacers (02/05/2023),nba-cavaliers-vs-pacers-02052023,2023-02-01 18:31:47.619000+00:00,2023-02-05 00:00:00+00:00,39.201048,0.005003,cavaliers vs. pacers,sports,"['Cavaliers', 'Pacers']",0.9976463295332372,,,,2,"[""86834412828331039642937492979383895697721207131384454387465409530496400975580"", ""18444064004055480579973265038439555214978123126256486755155432587186168166177""]",77.47010583333333,3.227921076388889
248555,0xdd42e83a5365621cb1648d1d1d5f0b0b124dfa8def5dce21b6e1ae3ce0d6b81b,NBA: Nuggets vs. Timberwolves (02/05/2023),nba-nuggets-vs-timberwolves-02052023,2023-02-01 18:31:47.632000+00:00,2023-02-05 00:00:00+00:00,250.075462,0.005001,nuggets vs. timberwolves,sports,"['Nuggets', 'Timberwolves']",0.0739171374764595,,,,2,"[""32047176487972589606935430145853663773018421907222986284805383820221449800098"", ""39494795397685102616403628518384653528298314055318067961827895767576247948470""]",77.47010222222222,3.227920925925926
248556,0x9b27b9a83cedeb8f6fa117d0b5441cf7fcd9b2eb29cd83c26a25ec43521e8917,NBA: Raptors vs. Grizzlies (02/05/2023),nba-raptors-vs-grizzlies-02052023,2023-02-01 18:31:47.636000+00:00,2023-02-05 00:00:00+00:00,4769.328401999999,0.005,raptors vs. grizzlies,sports,"['Raptors', 'Grizzlies']",0.9999998400294602,,,,2,"[""72217858546596572576254332164037443900431105418306624583280539264304462372037"", ""102962727096450319564669071891746802138007680240112638739002781092986500251030""]",77.4701011111111,3.2279208796296293
248557,0x4f48d4b9ae5a53224cfd48c1b566648c7e4621161db15f0270e553467e34f17c,NBA: 76ers vs. Knicks (02/05/2023),nba-76ers-vs-knicks-02052023,2023-02-01 18:31:47.636000+00:00,2023-02-05 00:00:00+00:00,1507.42957,0.005,76ers vs. knicks,sports,"['76ers', 'Knicks']",0.41147524849916345,,,,2,"[""18000258843307800682104596367852288040192823446710235325931975831434259104709"", ""20951495573614489280938153147729095062503240518055298379421753685610773520593""]",77.4701011111111,3.2279208796296293
248558,0x0edd67fcb3841fc3193a85bf07db0bf918d2b75fb1a4d33a31ad6f863646b9b6,Did Changpeng Zhao (CZ) bail out SBF?,did-changpeng-zhao-cz-bail-out-sbf,2023-02-01 19:43:54.690000+00:00,2023-04-01 00:00:00+00:00,3425.914833,74.980001,cz,tech/ai,"['Yes', 'No']",0.00029897359047218727,,,,2,"[""72840109916708508075306103726330041307624736800034090380222501910470916480629"", ""84452755171349638970119329773721975316089188384280978492628342833704112554714""]",1396.2681416666665,58.177839236111105
