market_id,question,slug,category,volume,start_date,end_date,resolved_yes,yes_token_id,tag_slugs,category_analysis,final_yes_price
1960221,San Jose Earthquakes vs. Vancouver Whitecaps FC: O/U 2.5,mls-sje-vwh-2026-05-09-total-2pt5,Sports,14266.715289999995,2026-04-12T17:08:34.631925Z,2026-05-10T02:30:00Z,0,83787372410991848082567179372965662270910745955055600819115621397863643019799,"sports,games,soccer,mls",Sports,0.625
2091289,Will 1. FSV Mainz 05 win on 2026-05-10?,bun-mai-uni-2026-05-10-mai,Sports,1232848.1754959987,2026-04-27T04:25:46.124314Z,2026-05-10T17:30:00Z,0,83015001018682794282364384626268154987883277642619746594916646763435453619210,"sports,games,soccer,bundesliga",Sports,0.575
1960360,FC Dallas vs. Real Salt Lake: O/U 3.5,mls-dal-rsl-2026-05-09-total-3pt5,Sports,22918.705953000004,2026-04-12T17:12:57.227292Z,2026-05-10T00:30:00Z,1,25462409937931129093222822714208456570917875409896246453949655454889781649543,"sports,games,soccer,mls",Sports,0.405
2134827,Aix en Provence: Ethan Quinn vs Alejandro Tabilo,atp-quinn-tabilo-2026-05-02,Sports,181556.58201899973,2026-05-01T22:33:51.163078Z,2026-05-09T13:30:00Z,0,20790673342941744852311840448005658451405532384021799304656625859741587631435,"tennis,sports,games",Sports,0.285
2089897,Will AC Milan win on 2026-05-10?,sea-mil-ata-2026-05-10-mil,Sports,413628.3401449996,2026-04-26T23:12:17.674295Z,2026-05-10T18:45:00Z,0,67256634532640204820492924172770945321073667533795310423590922908197366710233,"sports,games,soccer,sea",Sports,0.435
2154324,LoL: Ground Zero Gaming vs CTBC Flying Oyster (BO3) - LCP Regular Season,lol-gz-cfo-2026-05-09,Sports,142497.9920729997,2026-05-04T11:27:56.06441Z,2026-05-09T15:10:00Z,0,31082605221160835755903262118876442745070560001636726622969355221140128529261,"sports,esports,league-of-legends,games",Sports,0.38
2139311,Atlanta Dream vs. Minnesota Lynx,wnba-atl-min-2026-05-09,Sports,94498.83624100001,2026-05-02T10:02:37.733565Z,2026-05-10T00:00:00Z,1,107196423219655931009157780783225344870454678886725358712354844830185643057138,"sports,games,wnba",Sports,0.62
2152553,Pistons vs. Cavaliers,nba-det-cle-2026-05-09,Sports,4779966.082630971,2026-05-04T04:04:22.210163Z,2026-05-09T19:00:00Z,0,90737935106161020035220432139140306134470228936913180373221117832087617414061,"sports,nba,games,basketball",Sports,0.385
2217267,Counter-Strike: SPARTA vs Lavked - Map 2 Winner,cs2-sparta-lavked-2026-05-10-game2,Sports,45700.18654400001,2026-05-09T21:23:24.802577Z,2026-05-10T20:15:00Z,1,80472251627029627330560995618678981922720900113892254965365501277204025433340,"sports,esports,games,counter-strike-2",Sports,0.535
2207414,Counter-Strike: TDK vs Lavked (BO3) - CCT Europe Series 1 Group Stage,cs2-tdk-lavked-2026-05-10,Sports,59734.74779300003,2026-05-09T19:27:13.166901Z,2026-05-10T17:10:00Z,1,71385301554508829198366108604604841592351119076155548867430541522316869308106,"sports,esports,games,counter-strike-2",Sports,0.445
2083078,Brighton & Hove Albion FC vs. Wolverhampton Wanderers FC: O/U 4.5,epl-bri-wol-2026-05-09-total-4pt5,Sports,35345.20169299999,2026-04-26T05:07:36.209961Z,2026-05-09T14:00:00Z,0,43699214897925823305960412359109096214553072496010757116537447013983328669649,"sports,games,soccer,premier-league,EPL",Sports,0.235
1969711,Will FC Groningen vs. NEC end in a draw?,ere-gro-nec-2026-05-10-draw,Sports,12435.945746000001,2026-04-13T14:34:38.626512Z,2026-05-10T14:45:00Z,0,11316721723036651517456890676056134543228834239865251874102112457385654115901,"sports,games,soccer,ere",Sports,0.245
2134840,Abidjan 2: Gauthier Onclin vs Eliakim Coulibaly,atp-onclin-couliba-2026-05-02,Sports,255340.58192800003,2026-05-01T22:34:15.966753Z,2026-05-09T17:00:00Z,1,98885275010839870104668821370879708777345418044183289345000884454564880101032,"tennis,sports,games",Sports,0.655
2083085,Brighton & Hove Albion FC vs. Wolverhampton Wanderers FC: Both Teams to Score,epl-bri-wol-2026-05-09-btts,Sports,15271.946154000001,2026-04-26T05:05:43.482284Z,2026-05-09T14:00:00Z,0,99461228825666036114288072476908784350099315197193397803068901418667447839443,"sports,games,soccer,premier-league,EPL",Sports,0.485
2155693,LoL: Cloud9 vs FlyQuest - Game 2 Winner,lol-c9-fly-2026-05-10-game2,Sports,419805.778947,2026-05-04T15:56:57.450787Z,2026-05-11T00:00:00Z,1,72742185701384600173371698056786561729691402107653553264406838859974526092007,"sports,esports,league-of-legends,games",Sports,0.615
2082139,Will Eintracht Braunschweig win on 2026-05-09?,bl2-bra-dyn-2026-05-09-bra,Sports,103944.96000700013,2026-04-26T04:10:33.477361Z,2026-05-09T11:00:00Z,1,81183170731748589958391468948793554284191891980152869874561305516931507606072,"sports,games,soccer,bundesliga-2",Sports,0.355
2082158,Will FC Schalke 04 win on 2026-05-09?,bl2-fcn-s04-2026-05-09-s04,Sports,47133.981604000015,2026-04-26T04:05:10.576266Z,2026-05-09T18:30:00Z,0,94671835605200579737635033791010689054867769455697393135180156921055534660147,"games,bundesliga-2,sports,soccer",Sports,0.325
2092337,Spread: Arsenal FC (-1.5),epl-wes-ars-2026-05-10-spread-away-1pt5,Sports,495915.4075729999,2026-04-27T05:03:11.978569Z,2026-05-10T15:30:00Z,0,63115925530221250285219990334237973605557988786421621632320246196827989574754,"sports,games,soccer,premier-league,EPL",Sports,0.365
2167187,Game Handicap: G2 (-1.5) vs GIANTX (+1.5),lol-g2-gx-2026-05-09-game-handicap-away-1pt5,Sports,109530.69427500003,2026-05-05T17:35:17.251986Z,2026-05-09T20:00:00Z,1,107847149931858910934908893772482166791960422128755295217668219930179809888757,"sports,esports,league-of-legends,games",Sports,0.545
1961907,Will FC Nordsjælland win on 2026-05-10?,den-nor-mid-2026-05-10-nor,Sports,12414.497085999994,2026-04-12T20:04:39.678205Z,2026-05-10T12:00:00Z,0,73199741319568035758887928319096846652001711915184055561807434404175963064750,"sports,games,soccer,denmark-superliga",Sports,0.31
2217439,Counter-Strike: Nuclear TigeRES vs Walczaki (BO3) - BC Game Masters Europe Series #1 Playoffs,cs2-ntr-wal2-2026-05-10,Sports,31193.637722000014,2026-05-09T22:19:03.837465Z,2026-05-10T16:10:00Z,0,67471967941513473212591903873125092222693018440213066116031956887850026491486,"sports,esports,games,counter-strike-2",Sports,0.0005
1961452,Will CA Mineiro vs. Botafogo FR end in a draw?,bra-cam-bot-2026-05-10-draw,Sports,17649.314584,2026-04-12T19:05:26.280072Z,2026-05-10T19:00:00Z,1,97666276433433209701865652454119087616046254368772689230178726765074215521948,"soccer,sports,games,brazil-serie-a",Sports,0.285
2107868,Will CD Guadalajara win on 2026-05-09?,mex-gua-tig-2026-05-09-gua,Sports,384202.7893169989,2026-04-28T19:16:40.425523Z,2026-05-10T01:07:00Z,1,115125038111767138306256912301979063712084589431804479246891420292242432990566,"sports,games,soccer,mex",Sports,0.445
1961779,Will FC Tōkyō vs. Tōkyō Verdy end in a draw?,j1100-fct-ver-2026-05-10-draw,Sports,18660.869877000005,2026-04-12T19:35:25.553081Z,2026-05-10T06:00:00Z,0,38161976351226721172029019051953645292180937043184591112626008841066952256928,"sports,japan-j-league,games,soccer",Sports,0.29
2101267,Valorant: Eintracht Frankfurt vs FOKUS (BO3) - VCL DACH: Evolution Playoffs,val-sge-fks1-2026-05-09,Sports,53399.22892099994,2026-04-28T01:33:41.928647Z,2026-05-09T22:15:00Z,0,87911725789406244103935699557363998293115939049490851839842923204285082907120,"sports,esports,games,valorant",Sports,0.51
2107873,Will Atlas FC win on 2026-05-09?,mex-caz-atl-2026-05-09-atl,Sports,20563.997656000003,2026-04-28T18:00:35.688912Z,2026-05-10T03:15:00Z,0,17569191448358115582668462185312066643746969966988509630115346536966867075516,"sports,games,soccer,mex",Sports,0.135
2092521,AS Monaco FC vs. Lille OSC: O/U 2.5,fl1-asm-lil-2026-05-10-total-2pt5,Sports,17383.347024000002,2026-04-27T05:10:38.220118Z,2026-05-10T19:00:00Z,0,41047095644954202084408687178065073731685123804273039880930143291770603608061,"sports,games,soccer,ligue-1",Sports,0.585
2096033,KBO: NC Dinos vs. LG Twins,kbo-nc-lg-2026-05-03,Sports,12496.872683000009,2026-04-27T13:02:49.863094Z,2026-05-10T05:00:00Z,1,84329310197043563070670730650889774954646085595020495604338162239202941329127,"sports,games,baseball,kbo",Sports,0.515
2149595,Valorant: Team Envy vs MIBR - Map 1 Winner,val-nv2-mibr-2026-05-09-game1,Sports,38809.08965999999,2026-05-03T17:42:41.63406Z,2026-05-10T05:30:00Z,1,45167012405496154937996920670685295156552905701438345704511573383004455219714,"sports,esports,games,valorant",Sports,0.215
2158584,Map Handicap: MOUZ (-1.5) vs Gentle Mates (+1.5),cs2-mouz-m8-2026-05-09-map-handicap-away-1pt5,Sports,42325.81736699998,2026-05-04T18:06:16.301653Z,2026-05-09T13:05:00Z,0,22227868094513880692927610181446474412693374346233901682274501633910351255652,"sports,esports,games,counter-strike-2",Sports,0.465
2181533,Valorant: Rex Regum Qeon vs DetonatioN FocusMe - Map 2 Winner,val-rrq1-dfm1-2026-05-09-game2,Sports,45200.25802499999,2026-05-07T12:42:15.443157Z,2026-05-09T12:00:00Z,1,57968800480988415151807835669793895562718679437548555798593874895893577859371,"sports,esports,games,valorant",Sports,0.58
2192211,Counter-Strike: Turma do Pagode vs Bounty Hunters Esports - Map 1 Winner,cs2-tdp-bhe-2026-05-09-game1,Sports,10190.560902000001,2026-05-09T00:45:47.651345Z,2026-05-09T19:00:00Z,0,7719628564522217185368060562427385138738386127032101539399319057475104109811,"sports,esports,games,counter-strike-2",Sports,0.58
1959525,Will Chicago Fire FC win on 2026-05-09?,mls-chi-nyr-2026-05-09-chi,Sports,32590.711559999996,2026-04-12T16:14:19.394026Z,2026-05-09T18:30:00Z,0,20661673292935236497417393491532903138009933347763026180770474406469091670857,"sports,games,soccer,mls",Sports,0.625
2092361,West Ham United FC vs. Arsenal FC: Both Teams to Score,epl-wes-ars-2026-05-10-btts,Sports,42931.85937800001,2026-04-27T05:10:35.066359Z,2026-05-10T15:30:00Z,0,54553535850199890358645881474878285838679069852968208529326853438578892920291,"sports,games,soccer,premier-league,EPL",Sports,0.535
1968474,Fluminense FC vs. EC Vitória: O/U 2.5,bra-flu-vit-2026-05-09-total-2pt5,Sports,18867.626925999986,2026-04-13T12:04:31.065567Z,2026-05-09T21:00:00Z,1,100046898167622950199533220353139250913947629056978822547888170332067585698003,"sports,games,soccer,brazil-serie-a",Sports,0.485
1977945,AFC Ajax vs. FC Utrecht: O/U 1.5,ere-aja-utr-2026-05-10-total-1pt5,Sports,18020.885718,2026-04-14T06:02:58.939142Z,2026-05-10T14:45:00Z,1,80845543551214354343962383453183907730872569112719298820300684237784449235834,"sports,games,soccer,ere",Sports,0.865
2128838,Las Vegas Aces vs. Los Angeles Sparks,wnba-las-la-2026-05-10,Sports,57920.81562000001,2026-05-01T00:44:49.341374Z,2026-05-10T22:00:00Z,1,11454690337250663327601760491042952640494263446656904188058218462163712340203,"wnba,sports,games",Sports,0.555
2182659,Counter-Strike: Betclic Apogee Esports vs Favbet (BO3) - NODWIN Clutch Series Group Stage,cs2-bca-fav-2026-05-09,Sports,20325.039848999997,2026-05-07T16:17:12.206191Z,2026-05-09T23:00:00Z,0,97876365673493322153861918207196837216447936708006605994184294337899708188836,"sports,esports,games,counter-strike-2",Sports,0.465
2116811,Will Rams Başakşehir FK vs. Samsunspor end in a draw?,tur-iba-sam-2026-05-09-draw,Sports,12697.617398999999,2026-04-29T16:19:39.139384Z,2026-05-09T17:00:00Z,0,45472003654499173160300419482860378153891690406941517860857737856812317891359,"sports,games,soccer,tur",Sports,0.26
2092484,Spread: Como 1907 (-2.5),sea-ver-com-2026-05-10-spread-away-2pt5,Sports,26124.515141000007,2026-04-27T05:06:29.61717Z,2026-05-10T10:30:00Z,0,49742450284784848584372077098627357028609424847551753973672995100077393293560,"sports,games,soccer,sea",Sports,0.21
1960261,Seattle Sounders FC vs. San Diego FC: O/U 3.5,mls-sea-sdg-2026-05-09-total-3pt5,Sports,44531.52532200002,2026-04-12T17:11:29.534773Z,2026-05-10T02:30:00Z,0,37807322046342967352599106633639617215224520395474886551815714154054640524770,"sports,games,soccer,mls",Sports,0.39
2214560,Games Total: O/U 2.5,cs2-aur1-the9-2026-05-10-total-games-2pt5,Sports,13510.306318000003,2026-05-09T18:23:46.839674Z,2026-05-10T14:20:00Z,0,65557451434399478730947829076856819364671213801258510680614360890145101259688,"sports,esports,games,counter-strike-2",Sports,0.0005
2083594,Will Real Betis Balompié win on 2026-05-09?,lal-rso-bet-2026-05-09-bet,Sports,426037.55349099997,2026-04-26T06:04:31.913948Z,2026-05-09T19:00:00Z,0,22229594011529265518443025874927602104750450953236836004221476817229251109091,"games,soccer,la-liga,sports",Sports,0.375
2179794,Ferran Torres: Anytime Goalscorer,lal-bar-rea-2026-05-10-ags-ferran-torres,Sports,13250.475449000003,2026-05-07T04:51:50.962922Z,2026-05-10T19:00:00Z,1,95426209828644111227933075123061457545964753496963438417683282600405706931972,"sports,la-liga,soccer,games",Sports,0.4
2158630,Map Handicap: PRV (-1.5) vs 9z (+1.5),cs2-prv-9z-2026-05-09-map-handicap-away-1pt5,Sports,28208.577039000018,2026-05-04T18:07:42.097423Z,2026-05-09T17:40:00Z,0,4457072665802301980700655207207508637693364341628686392980794272431185331110,"sports,esports,games,counter-strike-2",Sports,0.415
2051644,Will Max Verstappen win the 2026 F1 Miami Grand Prix?,f1-miami-grand-prix-winner-verstappen-2026-05-03,Sports,262665.90801500005,2026-04-22T11:35:16.12807Z,2026-05-10T20:00:00Z,0,60897130075168218828256875709795301570512429227488210121163345258199064955969,"formula1,f1,sports,grand-prix,games",Sports,0.257
2158642,Map Handicap: FURIA (-1.5) vs Monte (+1.5),cs2-furia-mnte-2026-05-09-map-handicap-away-1pt5,Sports,23909.322609000006,2026-05-04T18:08:29.792032Z,2026-05-09T18:30:00Z,1,102559160614201446925507196684057655558562812168818460201297354084636113371997,"sports,esports,games,counter-strike-2",Sports,0.42
2092348,West Ham United FC vs. Arsenal FC: O/U 1.5,epl-wes-ars-2026-05-10-total-1pt5,Sports,247687.06360499992,2026-04-27T05:16:33.740303Z,2026-05-10T15:30:00Z,0,81116428821506753065425904486552439289793070048292765120922722504485552592131,"sports,games,soccer,premier-league,EPL",Sports,0.795
2143118,Abidjan 2: Gauthier Onclin vs Michael Mmoh,atp-onclin-mmoh-2026-05-03,Sports,161350.974598,2026-05-02T22:03:19.66219Z,2026-05-10T15:00:00Z,1,113500536894727888178264559513295652369153661551815032382330430784901877547165,"tennis,sports,games",Sports,0.525
2140921,Shymkent 2: Buvaysar Gadamauri vs Manoj Dhamne Manas,atp-gadamau-manas-2026-05-03,Sports,200291.2207199996,2026-05-02T16:04:05.021243Z,2026-05-10T07:00:00Z,1,55066159050694499056963867482187471708323946153921963593519616695217165150798,"tennis,sports,games",Sports,0.615
2217470,Counter-Strike: Nemiga vs CYBERSHOKE Esports (BO3) - BC Game Masters Europe Series #1 Playoffs,cs2-nemi1-cs1-2026-05-10,Sports,11865.387053999997,2026-05-09T22:04:39.030297Z,2026-05-10T19:30:00Z,1,17693291935326794993550113761585468499459814011448307913424189193777397798657,"sports,esports,games,counter-strike-2",Sports,0.605
1949693,Will Sarpsborg 08 FF win on 2026-05-09?,nor-sar-ffk-2026-05-09-sar,Sports,21673.527665999998,2026-04-11T19:49:07.430858Z,2026-05-09T12:00:00Z,1,86175105767760374170455588007138472467347536107118459124913455943981261631204,"sports,games,soccer,norway-eliteserien",Sports,0.465
2133293,Aix en Provence: Pol Martin Tiffon vs Zizou Bergs,atp-tiffon-bergs-2026-05-02,Sports,141703.640048,2026-05-01T16:03:07.616998Z,2026-05-09T12:00:00Z,0,82587366623492999837279929748777480639304384227041354530028909637297074424629,"tennis,sports,games",Sports,0.275
2173304,Spread: FC Porto (-1.5),por-avs-por-2026-05-10-spread-away-1pt5,Sports,32354.673815,2026-05-06T09:04:51.021954Z,2026-05-10T17:00:00Z,0,106181301445954420019010321367597267082892386144696956716733500746118991002069,"sports,games,soccer,primeira-liga",Sports,0.585
2091352,Will Paris Saint-Germain FC win on 2026-05-10?,fl1-psg-sbr-2026-05-10-psg,Sports,558005.8829420006,2026-04-27T04:10:01.906532Z,2026-05-10T19:00:00Z,1,76788165060445718590048877909665407806552423353188445823367741319496650800709,"games,ligue-1,sports,soccer",Sports,0.825
2216440,Spread: Philadelphia Phillies (-1.5),mlb-col-phi-2026-05-10-spread-home-1pt5,Sports,55750.487771999986,2026-05-09T18:42:18.81574Z,2026-05-10T17:35:00Z,1,107952161057420932230139978189449520732420674409815485790059857565508787662772,"sports,baseball,mlb,games",Sports,0.565
2155670,LoL: Disguised vs Dignitas - Game 2 Winner,lol-dsg-dig-2026-05-09-game2,Sports,244754.53609600005,2026-05-04T15:55:46.430562Z,2026-05-10T04:00:00Z,1,35725901235831000354024266642163398057917957686568101851688829542238265530929,"sports,esports,league-of-legends,games",Sports,0.52
1969710,Will FC Groningen win on 2026-05-10?,ere-gro-nec-2026-05-10-gro,Sports,31962.143426000006,2026-04-13T14:34:32.676076Z,2026-05-10T14:45:00Z,1,64947168378110545971564358359738361778143780792772076567845750927599850799445,"sports,games,soccer,ere",Sports,0.335
2083036,US Lecce vs. Juventus FC: Both Teams to Score,sea-lec-juv-2026-05-09-btts,Sports,12373.261051,2026-04-26T05:12:34.406246Z,2026-05-09T18:45:00Z,0,12320753543094828421345511445563922657602539021500386347395830157299025446101,"sports,games,soccer,sea",Sports,0.455
2089693,Manchester City FC leading at halftime?,epl-mac-bre-2026-05-09-halftime-result-home,Sports,13850.985926999996,2026-04-26T22:41:46.213102Z,2026-05-09T16:30:00Z,0,32102519277552227227120199897208964507678104302055551874353383076878431860534,"sports,games,soccer,premier-league,EPL",Sports,0.545
2082136,Will Borussia Mönchengladbach win on 2026-05-09?,bun-aug-moe-2026-05-09-moe,Sports,76754.879379,2026-04-26T04:05:06.671176Z,2026-05-09T13:30:00Z,0,29363477170336496689288983503933961545185620309780702605066555669156991463063,"sports,games,soccer,bundesliga",Sports,0.265
2216688,Spread: Pittsburgh Pirates (-1.5),mlb-pit-sf-2026-05-09-spread-away-1pt5,Sports,23944.08778199998,2026-05-09T19:54:01.637742Z,2026-05-10T01:05:00Z,1,115302461387993351398990016264624545769602822521028708417461737632315359011445,"sports,baseball,mlb,games",Sports,0.375
2214548,Counter-Strike: TheMongolz vs Spirit - Map 2 Winner,cs2-mglz-ts7-2026-05-10-game2,Sports,461534.388352,2026-05-09T17:19:01.393304Z,2026-05-10T14:40:00Z,0,30677386893787191445743116215311222949420991747523446802440961330047602079151,"sports,esports,games,counter-strike-2",Sports,0.0005
1959597,Will Charlotte FC win on 2026-05-09?,mls-clt-fcc-2026-05-09-clt,Sports,108091.55382300005,2026-04-12T16:09:44.453438Z,2026-05-09T23:30:00Z,0,94469895614307613559005784937402652500317728207939981871646625627825902448851,"sports,games,soccer,mls",Sports,0.455
2167214,Game Handicap: KC (-1.5) vs Movistar KOI (+1.5),lol-mkoi-kc-2026-05-09-game-handicap-home-1pt5,Sports,12770.281992000002,2026-05-05T17:33:50.25577Z,2026-05-09T22:20:00Z,0,96014643391625413237855181156605449537223667797215715562983943507434768386308,"sports,esports,league-of-legends,games",Sports,0.345
2188782,Thunder vs. Lakers: O/U 212.5,nba-okc-lal-2026-05-09-total-212pt5,Sports,109861.112394,2026-05-08T11:12:28.908901Z,2026-05-10T00:30:00Z,1,36320973818350440225214577201281357089141040780085891061680542227442904160427,"sports,basketball,nba,games",Sports,0.505
2139297,Huzhou: Veronika Erjavec vs Katarzyna Kawa,wta-erjavec-kawa-2026-05-03,Sports,158049.84921599992,2026-05-02T10:02:56.162748Z,2026-05-10T06:30:00Z,0,48055478669906592661133142477588112446558993651432402914139322059482404142027,"tennis,sports,games",Sports,0.575
2158640,Counter-Strike: FURIA vs Monte - Map 2 Winner,cs2-furia-mnte-2026-05-09-game2,Sports,192779.606471,2026-05-04T18:05:43.682772Z,2026-05-09T18:30:00Z,1,9731232847858688077210805079455202735322279783406774079662966983636963029465,"sports,esports,games,counter-strike-2",Sports,0.675
2135482,Set 1 Winner: Sinner vs Zverev,atp-sinner-zverev-2026-05-03-first-set-winner-Sinner-vs-Zverev,Sports,73247.073068,2026-05-01T23:03:27.12199Z,2026-05-10T15:00:00Z,1,35224800938949381532139944193505259032952824349022769397593618074090668603484,"sports,tennis,games",Sports,0.775
2179796,Kylian Mbappe: Anytime Goalscorer,lal-bar-rea-2026-05-10-ags-kylian-mbappe,Sports,35150.674284,2026-05-07T04:41:47.294907Z,2026-05-10T19:00:00Z,0,77600606843287428205671140554795462186830337011035804849020898684537944682445,"sports,la-liga,soccer,games",Sports,0.003
2214549,Games Total: O/U 2.5,cs2-mglz-ts7-2026-05-10-total-games-2pt5,Sports,19523.298619000012,2026-05-09T17:47:45.339909Z,2026-05-10T14:40:00Z,0,18880098853633384871447959882144395013042200683852782140236648174515914482602,"sports,esports,games,counter-strike-2",Sports,0.0005
2116821,Will Gaziantep FK win on 2026-05-09?,tur-goz-gfk-2026-05-09-gfk,Sports,14482.998093999995,2026-04-29T16:20:28.882634Z,2026-05-09T17:00:00Z,0,86795237023885028654930787579402191167267895875825242055846150512196840443252,"sports,games,soccer,tur",Sports,0.145
2184721,Total Kills Over/Under 28.5 in Game 1?,lol-wb-nip-2026-05-10-game1-kill-over-28pt5,Sports,13476.608373000006,2026-05-07T21:44:14.3449Z,2026-05-10T15:00:00Z,1,5759494677080245547919585080106370346985014329028107464308019234497706640613,"sports,esports,league-of-legends,games",Sports,0.47
2192035,Spread: Cincinnati Reds (-1.5),mlb-hou-cin-2026-05-09-spread-home-1pt5,Sports,17913.870656000003,2026-05-08T18:48:36.791629Z,2026-05-09T20:10:00Z,1,77822673194427379268935261711781781132807323837413568748924384625861029292432,"sports,baseball,mlb,games",Sports,0.425
1960430,Atlanta United FC vs. Los Angeles Galaxy: O/U 2.5,mls-atl-lag-2026-05-09-total-2pt5,Sports,31991.42039599999,2026-04-12T17:08:24.924838Z,2026-05-09T23:30:00Z,1,21097389757282910896553451208813631559650223783393355870834639807692216957475,"sports,games,soccer,mls",Sports,0.585
1970528,Liaoning Tieren FC vs. Yunnan Yukun FC: O/U 3.5,chi-tie-yun-2026-05-10-total-3pt5,Sports,26405.682564000002,2026-04-13T16:30:01.711725Z,2026-05-10T11:00:00Z,0,15308960616791879010322331317976715050337426786741274193452431815105901741834,"sports,games,soccer,chinese-super-league",Sports,0.39
2219100,Spread: Boston Red Sox (-1.5),mlb-tb-bos-2026-05-10-spread-home-1pt5,Sports,17078.896432,2026-05-10T02:07:21.178196Z,2026-05-10T17:35:00Z,0,38214695575807482986215602183669481533803668649450707813969322088491895975311,"sports,baseball,mlb,games",Sports,0.0005
2083589,Will RC Celta de Vigo win on 2026-05-09?,lal-mad-cel-2026-05-09-cel,Sports,203534.0419290001,2026-04-26T06:04:43.121585Z,2026-05-09T16:30:00Z,1,5206682136148117612962377120159748868603092147120322604120973743224506076138,"sports,games,soccer,la-liga",Sports,0.275
1959583,Will Philadelphia Union win on 2026-05-09?,mls-ner-phi-2026-05-09-phi,Sports,18784.930559,2026-04-12T16:21:21.263734Z,2026-05-09T23:30:00Z,0,11982973135491479876715230001436859928587967037013457335139088376629222067427,"sports,games,soccer,mls",Sports,0.355
2091342,Will RC Strasbourg Alsace win on 2026-05-10?,fl1-ang-str-2026-05-10-str,Sports,87435.69023699986,2026-04-27T04:45:24.486796Z,2026-05-10T19:00:00Z,0,86200683963162364823607716016388771183633743514238731469221073279099235010040,"games,soccer,ligue-1,sports",Sports,0.375
2217444,Valorant: Fnatic vs Team Heretics - Map 2 Winner,val-fnc1-th1-2026-05-10-game2,Sports,43672.52285600001,2026-05-09T21:49:28.619662Z,2026-05-10T19:00:00Z,0,35163430116834050509884512065755778736775530627980101837372374751899922612574,"sports,esports,games,valorant",Sports,0.535
2092390,1. FC Köln vs. 1. FC Heidenheim 1846: O/U 3.5,bun-koe-hei-2026-05-10-total-3pt5,Sports,295170.23022699973,2026-04-27T05:08:49.430927Z,2026-05-10T15:30:00Z,1,63562091755595502754841523039529541552888133244480279351016827430340503878321,"sports,soccer,bundesliga,games",Sports,0.455
2092399,Crystal Palace FC vs. Everton FC: Both Teams to Score,epl-cry-eve-2026-05-10-btts,Sports,12131.836891999996,2026-04-27T05:03:40.154829Z,2026-05-10T13:00:00Z,1,3850364016266278059730079915838630756749316808595409517012335476890087542127,"sports,games,soccer,premier-league,EPL",Sports,0.56
1949411,Will SC Internacional win on 2026-05-09?,bra-cor-int-2026-05-09-int,Sports,16415.751688000008,2026-04-11T19:04:22.848885Z,2026-05-09T19:00:00Z,0,95524571031171157992623199511582880556885223797641550427356615970220903712629,"sports,games,soccer,brazil-serie-a",Sports,0.355
2082162,Will Wolverhampton Wanderers FC win on 2026-05-09?,epl-bri-wol-2026-05-09-wol,Sports,153769.8045290002,2026-04-26T04:23:59.382827Z,2026-05-09T14:00:00Z,0,98956521809378849414739447038203347617864350006650752742468338156130857102872,"sports,games,soccer,premier-league,EPL",Sports,0.085
2083947,La Laguna Tenerife vs. Basquet Club Andorra,bkligend-la-bas3-2026-05-02,Sports,19751.059891,2026-04-26T07:32:50.077179Z,2026-05-09T18:00:00Z,0,102292613558533600510516812015499094647106816592675885079726529749500238522194,"sports,games,basketball,liga-endesa",Sports,0.85
2133987,Chicago Sky vs. Portland Fire,wnba-chi-por-2026-05-09,Sports,125375.40744899996,2026-05-01T18:35:25.602784Z,2026-05-10T01:00:00Z,1,45748594708809941263663159354997637583206293768713819670687557382275531569221,"wnba,games,sports",Sports,0.665
2163628,Counter-Strike: Imperial vs UNO MILLE (BO3) - Odyssey Cup Brazil Playoffs,cs2-imp11-uno-2026-05-09,Sports,23881.070759000002,2026-05-05T08:13:01.783489Z,2026-05-10T01:00:00Z,0,71461632818651690086862848775346691909134324788429567574973627491545223754649,"sports,esports,games,counter-strike-2",Sports,0.785
2142034,Game Handicap: NS (-1.5) vs HANJIN BRION (+1.5),lol-ns-bro2-2026-05-09-game-handicap-away-1pt5,Sports,63695.145642,2026-05-02T18:50:25.974582Z,2026-05-09T16:10:00Z,0,86969238263089180601198258031864912736295989837153492175436158143527825674582,"sports,esports,league-of-legends,games",Sports,0.335
2080732,Will Cagliari Calcio win on 2026-05-09?,sea-cag-udi-2026-05-09-cag,Sports,992581.4876389975,2026-04-25T23:04:10.300638Z,2026-05-09T13:00:00Z,0,47210255963135212329024236218477738066146760921639090300383107586008074864134,"sports,games,soccer,sea",Sports,0.365
2082169,Will Manchester City FC win on 2026-05-09?,epl-mac-bre-2026-05-09-mac,Sports,5429194.647596072,2026-04-26T04:10:47.877098Z,2026-05-09T16:30:00Z,1,14217857576548855645229017785273803501251829924892187683500251674584755550608,"sports,soccer,EPL,games,premier-league",Sports,0.725
2154431,LoL: LOS vs Fluxo W7M - Game 1 Winner,lol-los-fxw7-2026-05-09-game1,Sports,117052.18475899997,2026-05-04T11:29:42.262731Z,2026-05-10T22:00:00Z,0,18873220671539980934838856066778952241696310605700440035730431206116934771444,"sports,esports,league-of-legends,games",Sports,0.615
2093298,Burgos vs. Forca Lleida CE,bkligend-bur-for-2026-05-03,Sports,14174.503492,2026-04-27T07:32:31.53751Z,2026-05-10T16:00:00Z,1,95353890360263148550817280419232602830647832939235657553819983675740348342704,"games,sports,basketball,liga-endesa",Sports,0.625
2187612,1H Spread: Thunder (-3.5),nba-okc-lal-2026-05-09-1h-spread-away-3pt5,Sports,17672.996268,2026-05-08T05:17:26.641495Z,2026-05-10T00:30:00Z,0,5582983385966446031703536753810923822886227361222828177252580329279735776597,"sports,basketball,nba,games",Sports,0.525
2143108,Fight to Go the Distance?,ufc-jim2-jar1-2026-05-09-go-the-distance,Sports,27193.381763999998,2026-05-02T22:03:07.001659Z,2026-05-10T03:59:59.999Z,0,85266993928329254627220576618406079902022662653948153765719361954880068713835,"sports,ufc,games",Sports,0.665
2192184,Counter-Strike: Nuclear TigeRES vs Alliance (BO3) - BC Game Masters Europe Series #1 Playoffs,cs2-ntr-all-2026-05-09,Sports,18973.855421999997,2026-05-08T18:53:44.968047Z,2026-05-09T17:00:00Z,1,54525107961881870833385049031200272714594053122767448988416222492027036142570,"sports,esports,games,counter-strike-2",Sports,0.685
1968454,EC Bahia vs. Cruzeiro EC: Both Teams to Score,bra-bah-cru-2026-05-09-btts,Sports,11931.095339,2026-04-13T12:06:46.088666Z,2026-05-10T00:00:00Z,1,84276088617987639163133050455505371098974623775328493884667704319915664861969,"sports,games,soccer,brazil-serie-a",Sports,0.52
1960222,San Jose Earthquakes vs. Vancouver Whitecaps FC: O/U 3.5,mls-sje-vwh-2026-05-09-total-3pt5,Sports,49213.98115199999,2026-04-12T17:05:46.094811Z,2026-05-10T02:30:00Z,0,83983654350802994942443043921344407904837517054220468704414231488969743569519,"sports,games,soccer,mls",Sports,0.415
2214558,Counter-Strike: Aurora Gaming vs The Huns Esports - Map 1 Winner,cs2-aur1-the9-2026-05-10-game1,Sports,78447.19428600003,2026-05-09T16:47:09.8804Z,2026-05-10T14:20:00Z,1,47575751852950587596056017262680633470488107415410489434962786640162767421515,"sports,esports,games,counter-strike-2",Sports,0.9995
2083017,Spread: Manchester City FC (-2.5),epl-mac-bre-2026-05-09-spread-home-2pt5,Sports,146175.55910600003,2026-04-26T05:10:08.184591Z,2026-05-09T16:30:00Z,1,62502158704865187238152742765137005205117844644397707309876028892131909260369,"sports,games,soccer,premier-league,EPL",Sports,0.285
2140591,LoL: Weibo Gaming vs Ninjas in Pyjamas (BO3) - LPL Group Ascend,lol-wb-nip-2026-05-10,Sports,488424.30828400154,2026-05-02T15:37:11.849363Z,2026-05-10T15:00:00Z,1,39077760535544088885204168286369002099331266893457953252271760541049274525128,"sports,esports,league-of-legends,games",Sports,0.535
1972931,Will SC Corinthians Paulista vs. São Paulo FC end in a draw?,bra-cor1-sao-2026-05-10-draw,Sports,23178.062668999988,2026-04-13T19:15:04.296554Z,2026-05-10T21:30:00Z,0,57260640626996957950615810168752159809615179922958163977102889197575526162640,"sports,games,soccer,brazil-serie-a",Sports,0.315
2082129,Will Holstein Kiel vs. 1. FC Magdeburg end in a draw?,bl2-ksv-fcm-2026-05-09-draw,Sports,30613.377769,2026-04-26T04:10:29.308066Z,2026-05-09T11:00:00Z,0,8347651369275863780186228752993694309678410612818072311653332525573488670752,"bundesliga-2,sports,games,soccer",Sports,0.235
2096039,Baltimore Orioles vs. New York Yankees,mlb-bal-nyy-2026-05-03,Sports,442055.3458149997,2026-04-27T13:02:43.922672Z,2026-05-10T17:35:00Z,0,31601456365541888813363948760251925594097297272661215836449084188511228793817,"sports,games,mlb,baseball",Sports,0.345
2092357,1. FSV Mainz 05 vs. 1. FC Union Berlin: Both Teams to Score,bun-mai-uni-2026-05-10-btts,Sports,11460.024703,2026-04-27T05:10:58.212647Z,2026-05-10T17:30:00Z,1,67919718406370848861264233705648737696758623288852587513798856793116076773557,"sports,games,soccer,bundesliga",Sports,0.575
2202787,Dota 2: PlayTime vs PARIVISION (BO3) - 1win Essence Playoffs,dota2-playti-pari-2026-05-09,Sports,214442.617029,2026-05-09T05:41:51.645448Z,2026-05-10T00:00:00Z,0,56330146835534109699529539715593756268070052957821209699198943655598159260858,"sports,esports,games,dota-2",Sports,0.0005
2083028,Manchester City FC vs. Brentford FC: O/U 3.5,epl-mac-bre-2026-05-09-total-3pt5,Sports,287589.2123370001,2026-04-26T05:06:33.799631Z,2026-05-09T16:30:00Z,0,45731207320200286768350358224433233647263126089392441074062553298183898675413,"sports,games,soccer,premier-league,EPL",Sports,0.485
2173729,CA Boca Juniors vs. CA Huracán: O/U 1.5,arg-boc-cah-2026-05-09-total-1pt5,Sports,17548.196246000003,2026-05-06T10:04:26.363525Z,2026-05-09T22:00:00Z,1,32471396795303667147144403918575758177394179292748445538272143733391570021287,"sports,games,soccer,arg",Sports,0.59
2192031,Spread: Toronto Blue Jays (-1.5),mlb-laa-tor-2026-05-09-spread-home-1pt5,Sports,29812.906505000006,2026-05-08T18:09:41.103053Z,2026-05-09T19:07:00Z,1,644321349106190255537936109687587054379112351198457131266858028179767576938,"sports,baseball,mlb,games",Sports,0.435
2167168,Will AA Argentinos Juniors win on 2026-05-09?,arg-aaj-lan-2026-05-09-aaj,Sports,22994.672703000015,2026-05-05T17:36:13.931076Z,2026-05-10T00:30:00Z,1,104454335491290310900892606837784384732714616112035271812929596067225509925152,"sports,games,soccer,arg",Sports,0.495
2091353,Will Paris Saint-Germain FC vs. Stade Brestois 29 end in a draw?,fl1-psg-sbr-2026-05-10-draw,Sports,47429.89290400004,2026-04-27T04:10:02.936756Z,2026-05-10T19:00:00Z,0,18732491475836881139215738150561465011016637432582638146004591584984942416429,"games,ligue-1,sports,soccer",Sports,0.115
2085851,Los Angeles Dodgers vs. St. Louis Cardinals,mlb-lad-stl-2026-05-02,Sports,379595.1596479999,2026-04-26T13:03:14.003288Z,2026-05-09T23:15:00Z,0,61014651420486096445366517902155937853163446306362826890883092735115748305444,"sports,games,mlb,baseball",Sports,0.565
2091230,Will Nottingham Forest FC win on 2026-05-10?,epl-not-new-2026-05-10-not,Sports,1390944.6419259985,2026-04-27T04:16:37.36022Z,2026-05-10T13:00:00Z,0,106923577561832841610259011555602782394407982555388440772837857770573361593592,"sports,games,soccer,premier-league,EPL",Sports,0.355
2082174,Will Manchester City FC vs. Brentford FC end in a draw?,epl-mac-bre-2026-05-09-draw,Sports,108090.02682600007,2026-04-26T04:10:51.882142Z,2026-05-09T16:30:00Z,0,106818405396965303425866307615816970284457058851387346461695095384624504119424,"sports,soccer,EPL,games,premier-league",Sports,0.165
2128333,LoL: Ninjas in Pyjamas vs Invictus Gaming - Game 1 Winner,lol-nip-ig1-2026-05-09-game1,Sports,263691.8659029994,2026-04-30T22:46:39.241094Z,2026-05-09T13:00:00Z,0,7762041846137399538397203358380114125554401953666647080526194146094964988158,"sports,esports,league-of-legends,games",Sports,0.59
2093036,Spread: Real Madrid CF (-2.5),lal-bar-rea-2026-05-10-spread-away-2pt5,Sports,17829.486970000005,2026-04-27T07:03:28.105291Z,2026-05-10T19:00:00Z,0,64791621729683644515262194997648052517688307917105102645969797496548522500226,"soccer,la-liga,sports,games",Sports,0.0305
2221029,Counter-Strike: Isurus vs Turma do Pagode - Map 2 Winner,cs2-isg-tdp-2026-05-10-game2,Sports,14096.876421000004,2026-05-10T07:52:32.318401Z,2026-05-10T21:00:00Z,1,22684546645766503644064239415821804179416248023879331759502247912021519084507,"sports,esports,games,counter-strike-2",Sports,0.325
2093041,FC Barcelona vs. Real Madrid CF: Both Teams to Score,lal-bar-rea-2026-05-10-btts,Sports,156824.82134400008,2026-04-27T07:02:49.914117Z,2026-05-10T19:00:00Z,0,109368471330993723668577888141954658920961278896148439121168333601453408202360,"games,soccer,la-liga,sports",Sports,0.695
2113829,CF Cruz Azul vs. Atlas FC: O/U 2.5,mex-caz-atl-2026-05-09-total-2pt5,Sports,20332.617590999995,2026-04-29T08:03:28.184396Z,2026-05-10T03:15:00Z,0,57015557363390077737452897415832958408962880487870847507344194003991920652056,"sports,games,soccer,mex",Sports,0.565
2202790,Dota 2: PlayTime vs PARIVISION - Game 1 Winner,dota2-playti-pari-2026-05-09-game1,Sports,187692.60333499996,2026-05-09T09:48:42.126454Z,2026-05-09T22:00:00Z,0,3492916222864187009828207635326306619739827656812995260410892553285668692553,"sports,esports,games,dota-2",Sports,0.32
2217438,Valorant: Fnatic vs Team Heretics (BO3) - VCT EMEA Playoffs,val-fnc1-th1-2026-05-10,Sports,265618.8040419996,2026-05-09T21:28:58.79793Z,2026-05-10T21:00:00Z,0,50062776305745642575309482808709061468195988973754432165782546821692522157982,"sports,esports,games,valorant",Sports,0.535
2083010,Spread: VfL Wolfsburg (-1.5),bun-wol-bay-2026-05-09-spread-home-1pt5,Sports,11153.418886,2026-04-26T05:06:25.802399Z,2026-05-09T16:30:00Z,0,45475318820325192178133633519200453999586660896613022364102287048283707859392,"sports,games,soccer,bundesliga",Sports,0.085
2017273,"UFC 328: Sean Strickland vs. Khamzat Chimaev (Middleweight, Main Card)",ufc-sea2-kha7-2026-05-09,Sports,13619340.240118997,2026-04-18T22:03:10.365231Z,2026-05-10T03:59:59.999Z,1,95946969362614270971845155358440977954164316271424679902550835681765991014456,"sports,ufc,games",Sports,0.185
2091270,Will Burnley FC vs. Aston Villa FC end in a draw?,epl-bur-ast-2026-05-10-draw,Sports,193111.46687600005,2026-04-27T04:12:11.42577Z,2026-05-10T13:00:00Z,1,100001416985346771350958918939730437386546144552438989356550492221604559613913,"sports,games,soccer,premier-league,EPL",Sports,0.225
2142004,Game Handicap: KT (-1.5) vs BNK FEARX (+1.5),lol-kt-fox1-2026-05-09-game-handicap-away-1pt5,Sports,170414.10633099996,2026-05-02T18:45:26.889198Z,2026-05-09T14:00:00Z,0,90573147902542952326441094194315317368110915317539383316580645034222435613277,"sports,esports,league-of-legends,games",Sports,0.425
1970199,JEF United Ichihara Chiba vs. FC Machida Zelvia: O/U 2.5,j1100-jef-zel-2026-05-10-total-2pt5,Sports,13199.578483,2026-04-13T15:49:02.314693Z,2026-05-10T08:00:00Z,0,13893257918644157312671355320697041587402400940301928868861693983595221455822,"sports,japan-j-league,games,soccer",Sports,0.44
1970418,Qingdao Hainiu FC vs. Dalian Yingbo FC: O/U 3.5,chi-hai-ygb-2026-05-10-total-3pt5,Sports,12167.475403,2026-04-13T16:09:23.712253Z,2026-05-10T12:00:00Z,1,448026193790475056884894410225725933791251370972449326310406738021927289296,"sports,games,soccer,chinese-super-league",Sports,0.31
2036457,Will Al Khaleej Saudi Club win on 2026-05-09?,spl-kha-ett-2026-05-09-kha,Sports,16132.150332000003,2026-04-20T19:37:35.731118Z,2026-05-09T15:55:00Z,0,111613670151471465642466594325231945073941101332471819853271440004829423718121,"sports,games,soccer,saudi-professional-league",Sports,0.435
2036465,Will Al Qadisiyah Saudi Club win on 2026-05-09?,spl-fay-qad-2026-05-09-qad,Sports,33682.094302999976,2026-04-20T19:37:30.901235Z,2026-05-09T18:00:00Z,1,3493349292468638308262483140069510486628878923415966614757551301993388194854,"sports,games,soccer,saudi-professional-league",Sports,0.655
2036466,Will Al Riyadh Saudi Club win on 2026-05-10?,spl-riy-fat-2026-05-10-riy,Sports,14937.987619000007,2026-04-20T19:39:03.417126Z,2026-05-10T16:05:00Z,1,98289033857099341728512311231459489002677385580422744167587610870955722308312,"sports,games,soccer,saudi-professional-league",Sports,0.47
2191311,CA Unión leading at halftime?,arg-riv1-uni-2026-05-09-halftime-result-away,Sports,10541.99125,2026-05-08T18:11:36.002176Z,2026-05-10T00:30:00Z,1,29919209618846977876990344571822442690091043037986613498692295810873414607332,"sports,games,soccer,arg",Sports,0.21
2158604,Counter-Strike: Spirit vs The Huns Esports - Map 1 Winner,cs2-ts7-the9-2026-05-09-game1,Sports,107266.6345910001,2026-05-04T18:03:34.12585Z,2026-05-09T16:00:00Z,1,27491186546009497367330088382797899775001982746014660048238992739091897839148,"sports,esports,games,counter-strike-2",Sports,0.875
2017319,"UFC 328: Alexander Volkov vs. Waldo Cortes-Acosta (Heavyweight, Main Card)",ufc-ale22-wal2-2026-05-09,Sports,926671.3796000029,2026-04-18T22:02:45.331829Z,2026-05-10T03:59:59.999Z,1,51303900184286138307292531608161781997284859003460451713987163956743707739710,"sports,ufc,games",Sports,0.565
2124636,Dinamo 1948 vs. FC Argeș Pitești: Both Teams to Score,rou1-din-fap-2026-05-10-btts,Sports,14170.427477000001,2026-04-30T12:02:58.205423Z,2026-05-10T16:00:00Z,1,51608502235720914409364681479276650048806434941814652573849177052707732967549,"sports,games,soccer",Sports,0.44
2140635,LoL: JD Gaming vs Anyone's Legend (BO3) - LPL Group Ascend,lol-jdg-al-2026-05-10,Sports,825212.7189379991,2026-05-02T15:35:30.482511Z,2026-05-10T17:20:00Z,1,72137476133539797983712140200353391406416782333075821090005915280450710284079,"sports,esports,league-of-legends,games",Sports,0.455
2017385,"UFC 328: Roman Kopylov vs. Marco Tulio (Middleweight, Early Prelims)",ufc-rom-mar80-2026-05-09,Sports,451114.36760900065,2026-04-18T22:09:36.091722Z,2026-05-10T03:59:59.999Z,1,12124564522041081256982217662957422544117637442778719367092741112874767179826,"sports,ufc,games",Sports,0.365
1959679,Will Portland Timbers win on 2026-05-09?,mls-por-skc-2026-05-09-por,Sports,42423.13323,2026-04-12T16:05:59.968872Z,2026-05-10T02:30:00Z,1,79864947717043366656858795709703264944512170556202266155183642556215144098619,"sports,games,soccer,mls",Sports,0.635
2167176,Will CA Independiente win on 2026-05-10?,arg-ros-ind-2026-05-10-ind,Sports,12398.879337,2026-05-05T17:35:03.5783Z,2026-05-10T18:00:00Z,0,6665575410852174844832009467920380396743028157846166536277646204258027413459,"sports,games,soccer,arg",Sports,0.225
2051810,Will Charles Leclerc win the Sprint at the 2026 F1 Miami Grand Prix?,f1-miami-grand-prix-sprint-winner-leclerc-2026-05-02,Sports,15778.640199000001,2026-04-22T11:36:59.882851Z,2026-05-09T16:00:00Z,0,104479527705259624029375314587601527431456330227153530575503152149457772600762,"formula1,f1,sports,grand-prix,games",Sports,0.13
2096059,Atlanta Braves vs. Colorado Rockies,mlb-atl-col-2026-05-03,Sports,343588.99101099995,2026-04-27T13:03:45.343397Z,2026-05-10T19:10:00Z,1,108574404704657785353470845674366431297736442397536072838210993939376792475327,"sports,games,mlb,baseball",Sports,0.605
2085842,Houston Astros vs. Boston Red Sox,mlb-hou-bos-2026-05-02,Sports,398390.79119000013,2026-04-26T13:02:56.313022Z,2026-05-09T20:10:00Z,1,44262969963098095249911047540787880641177704413904200220243736496274709609163,"sports,games,mlb,baseball",Sports,0.465
2207556,Counter-Strike: ex-RUBY vs INOX Division (BO3) - CCT Europe Series 1 Group Stage,cs2-ruby1-inox-2026-05-10,Sports,42263.36020699999,2026-05-09T10:22:36.374513Z,2026-05-10T23:10:00Z,1,49161331126569781429415802624096512838581264694952500768754775450009020824737,"sports,esports,games,counter-strike-2",Sports,0.425
2134845,Madrid Open: Jannik Sinner vs Alexander Zverev,atp-sinner-zverev-2026-05-03,Sports,968889.6441519974,2026-05-01T22:33:34.179697Z,2026-05-10T15:00:00Z,1,75799592156830013470678867372761598160061029872254476057648176523319678833320,"tennis,sports,games",Sports,0.825
2084765,Will Motherwell FC vs. Heart of Midlothian FC end in a draw?,scop-mot-hmi-2026-05-09-draw,Sports,20926.461132,2026-04-26T09:05:18.395976Z,2026-05-09T19:00:00Z,1,81306604261095074956699038410816316843692275517682254760194776302927076329046,"sports,games,soccer,scottish-premiership",Sports,0.27
2214649,Valorant: EDward Gaming vs XLG Gaming (BO5) - VCT China Playoffs,val-edg1-xlg-2026-05-10,Sports,218905.97669799972,2026-05-09T16:11:06.575464Z,2026-05-10T15:30:00Z,1,112587529813985055650853210145470232769855866141877938914794269310905067961874,"sports,esports,games,valorant",Sports,0.755
2092512,FC Metz vs. FC Lorient: O/U 2.5,fl1-met-lor-2026-05-10-total-2pt5,Sports,25285.192785000007,2026-04-27T05:03:53.073395Z,2026-05-10T19:00:00Z,1,64997944183662886916978928613106783416180891840629916155423506138588397371467,"sports,games,soccer,ligue-1",Sports,0.575
1969715,Will Heracles Almelo win on 2026-05-10?,ere-tel-her-2026-05-10-her,Sports,36523.160946,2026-04-13T14:36:12.41492Z,2026-05-10T14:45:00Z,0,11895572607861063912707733672697354295750066603926670814543824197919996980365,"sports,games,soccer,ere",Sports,0.115
1962222,Will Shanghai Haigang FC win on 2026-05-10?,chi-bgu-shp-2026-05-10-shp,Sports,17476.14623400001,2026-04-12T20:49:22.644616Z,2026-05-10T11:35:00Z,0,86234633053859170841296551151857494550724214285730759675180574128041816903383,"sports,games,soccer,chinese-super-league",Sports,0.19
2083578,Will Albacete Balompié win on 2026-05-09?,es2-alb-leo-2026-05-09-alb,Sports,19354.932091,2026-04-26T06:06:31.167796Z,2026-05-09T14:15:00Z,1,55112640595853882964281407554170260944669182341957002401064762722419822041128,"games,la-liga-2,sports,soccer",Sports,0.43
1962275,Will Jeonbuk Hyundai Motors FC win on 2026-05-10?,kor-any-jeo-2026-05-10-jeo,Sports,15693.725351999996,2026-04-12T21:06:29.658823Z,2026-05-10T07:30:00Z,0,35396728047634859926181391260511879826422988807939335069561447106206764773055,"sports,games,soccer,k-league",Sports,0.445
2167393,Will FC Alverca vs. Estoril Praia end in a draw?,por-alv-est-2026-05-10-draw,Sports,25897.944613999993,2026-05-05T17:49:10.344203Z,2026-05-10T19:30:00Z,1,28441669432840871265195548675436913364610431529558812292391215599310880764702,"sports,games,soccer,primeira-liga",Sports,0.265
2154270,Call of Duty: G2 Minnesota vs Boston Breach (BO5) - Call of Duty League Stage 3 Major Qualifiers Qualifiers,codmw-g2m-bos-2026-05-09,Sports,17596.445515,2026-05-04T11:32:17.989247Z,2026-05-10T04:25:00Z,0,50181193493349753937043357711101589419134541453602241123345092764492083487598,"sports,esports,call-of-duty,games",Sports,0.745
2223638,Washington Nationals vs. Miami Marlins: O/U 7.5,mlb-wsh-mia-2026-05-10-total-7pt5,Sports,20393.958442,2026-05-10T16:34:55.339882Z,2026-05-10T16:15:00Z,0,82953474919091665169518705768719317807237134940498715985111342447141133860731,"sports,baseball,mlb,games",Sports,
2214569,Counter-Strike: FURIA vs Heroic - Map 1 Winner,cs2-furia-hero-2026-05-10-game1,Sports,128930.44723299998,2026-05-09T17:22:17.689647Z,2026-05-10T17:20:00Z,1,45029360450117352634895520504742177194916764182496878452452362902945091302221,"sports,esports,games,counter-strike-2",Sports,0.9995
2202747,Dota 2: Nigma Galaxy vs L1ga Team - Game 2 Winner,dota2-ngx-l1ga-2026-05-09-game2,Sports,67326.01068200005,2026-05-09T08:09:49.30281Z,2026-05-09T16:00:00Z,1,35306069661778303621989473378253225949060861248440117686663034170692029391625,"sports,esports,games,dota-2",Sports,0.7
2142076,LoL: Kiwoom DRX vs Hanwha Life Esports (BO3) - LCK Rounds 1-2,lol-drx-hle1-2026-05-10,Sports,952109.4528659998,2026-05-02T18:51:34.313994Z,2026-05-10T16:15:00Z,0,61336759499798757693241417551349569768989013308617496503226956596547858221314,"sports,esports,league-of-legends,games",Sports,0.0485
2090844,Indian Premier League: Gujarat Titans vs Punjab Kings,cricipl-guj-pun-2026-05-03,Sports,2035252.9263790038,2026-04-27T02:16:49.945001Z,2026-05-10T14:00:00Z,1,59827479151596730943161199139069774232497713857953673361374257821429916240958,"indian-premier-league,cricket,sports,games",Sports,0.435
2214606,Counter-Strike: Monte vs magic (BO3) - PGL Astana Group Stage,cs2-mnte-mgc-2026-05-10,Sports,446561.42384600145,2026-05-09T17:32:08.009129Z,2026-05-10T17:55:00Z,1,30099499648464590491165256619946776430752610924985161276134900683986977188455,"sports,esports,games,counter-strike-2",Sports,0.565
2217208,Athletics vs. Baltimore Orioles: O/U 8.5,mlb-oak-bal-2026-05-09-total-8pt5,Sports,33745.489372000004,2026-05-09T20:55:27.681437Z,2026-05-09T20:05:00Z,0,47595678765974291231693885405551373548197086419890284603428107176022876846697,"sports,baseball,mlb,games",Sports,0.0005
1961774,Will Kashima Antlers win on 2026-05-10?,j1100-yom-kas-2026-05-10-kas,Sports,114425.58023499999,2026-04-12T19:35:59.188704Z,2026-05-10T05:00:00Z,0,39847441393617290781267930157424923254209194551331917830738098234751159812187,"sports,japan-j-league,games,soccer",Sports,0.475
2082160,Will Brighton & Hove Albion FC vs. Wolverhampton Wanderers FC end in a draw?,epl-bri-wol-2026-05-09-draw,Sports,41238.20145599999,2026-04-26T04:23:43.895796Z,2026-05-09T14:00:00Z,0,95919174391454971434717054151892676654562491101118154177562962291583247372524,"sports,games,soccer,premier-league,EPL",Sports,0.145
2128835,Phoenix Mercury vs. Las Vegas Aces,wnba-phx-las-2026-05-09,Sports,87408.26151799996,2026-05-01T00:44:48.368421Z,2026-05-09T19:30:00Z,1,113431091346763908834105940616404049805688525627892929534260749591043114441028,"games,wnba,sports",Sports,0.225
2140930,Wuxi: Tung-Lin Wu vs James McCabe,atp-tunglin-mccabe-2026-05-03,Sports,114940.76461900013,2026-05-02T16:06:45.658731Z,2026-05-11T03:00:00Z,0,25751891500846312820527395283019334279783228903487276090131705299351471951680,"tennis,sports,games",Sports,0.595
2091239,Will Newcastle United FC win on 2026-05-10?,epl-not-new-2026-05-10-new,Sports,4085232.7843239927,2026-04-27T04:16:45.615834Z,2026-05-10T13:00:00Z,0,18656969280055807953635292837576315441426790968558545464539221658071637340592,"sports,games,soccer,premier-league,EPL",Sports,0.385
2210463,Counter-Strike: Passion Academy vs LPH Gaming - Map 2 Winner,cs2-psna-lph-2026-05-10-game2,Sports,13813.435743000002,2026-05-09T14:06:45.571319Z,2026-05-10T14:30:00Z,0,37166347407278903386613159744951183460487625174516393727875817643356137915744,"sports,esports,games,counter-strike-2",Sports,0.47
2092457,AJ Auxerre vs. OGC Nice: O/U 3.5,fl1-aja-ogc-2026-05-10-total-3pt5,Sports,27943.648159000004,2026-04-27T05:11:43.555568Z,2026-05-10T19:00:00Z,0,4967138632429245277339793779250739027779938978419832019516494033894972813058,"sports,games,soccer,ligue-1",Sports,0.275
2096066,Chicago White Sox vs. San Diego Padres,mlb-cws-sd-2026-05-03,Sports,281668.3603079997,2026-04-27T13:03:43.55944Z,2026-05-10T20:10:00Z,0,115426919512599536133149802114234662968452776342358971977874767705464238419822,"sports,games,mlb,baseball",Sports,0.375
2092454,US Cremonese vs. Pisa SC: O/U 2.5,sea-cre-pis-2026-05-10-total-2pt5,Sports,51522.018146,2026-04-27T05:21:40.683459Z,2026-05-10T13:00:00Z,1,60651538892934488179068404197643977509652335200997709466398687873378635934660,"sports,games,soccer,sea",Sports,0.435
2017281,O/U 1.5 Rounds,ufc-sea2-kha7-2026-05-09-totals-1pt5,Sports,10411.887180000002,2026-04-18T22:04:05.83955Z,2026-05-10T03:59:59.999Z,1,71500468224603909982113281952896124469852573375042108684166072654866444982604,"sports,ufc,games",Sports,0.65
2139299,Jiujiang: Adam Walton vs Coleman Wong,atp-walton-wong-2026-05-03,Sports,240129.69579700017,2026-05-02T10:02:52.113095Z,2026-05-10T04:00:00Z,0,17440028229554734612426832632496273764072643157272819281712183623032472786409,"tennis,sports,games",Sports,0.435
1969707,Will AFC Ajax win on 2026-05-10?,ere-aja-utr-2026-05-10-aja,Sports,67622.21998200002,2026-04-13T14:34:50.973426Z,2026-05-10T14:45:00Z,0,12876540883230034788612869919522846843407847386342014265630944755372737634584,"sports,games,soccer,ere",Sports,0.585
2187633,Spread: Thunder (-9.5),nba-okc-lal-2026-05-09-spread-away-9pt5,Sports,901577.582207999,2026-05-08T05:15:20.846974Z,2026-05-10T00:30:00Z,1,53050441886028901440921662572264437872205834915709178133557931667786682781850,"sports,basketball,nba,games",Sports,0.475
1959648,Will Seattle Sounders FC vs. San Diego FC end in a draw?,mls-sea-sdg-2026-05-09-draw,Sports,21214.11742400001,2026-04-12T16:07:20.219055Z,2026-05-10T02:30:00Z,1,34707172334124957512184680972878610680281223297828319098422055049031512116323,"sports,games,soccer,mls",Sports,0.225
2051813,Will Kimi Antonelli win the Sprint at the 2026 F1 Miami Grand Prix?,f1-miami-grand-prix-sprint-winner-antonelli-2026-05-02,Sports,11119.147475000009,2026-04-22T11:37:21.060895Z,2026-05-09T16:00:00Z,0,17396416392244711158355254623341256537042328449370434007268195259347429322036,"formula1,f1,sports,grand-prix,games",Sports,0.29
2092840,Will Getafe CF win on 2026-05-10?,lal-ovi-get-2026-05-10-get,Sports,449298.6626580021,2026-04-27T06:06:13.056726Z,2026-05-10T16:30:00Z,0,105689276712118769164713340369145152790798378055102469215696635744751543916089,"sports,games,soccer,la-liga",Sports,0.345
2205327,Counter-Strike: largadosypelados vs Galorys - Map 2 Winner,cs2-ldp-gls1-2026-05-09-game2,Sports,10430.666266,2026-05-09T05:57:00.022322Z,2026-05-09T22:00:00Z,1,90019029494752961893453199113455319816010194411175938148167211868489896842173,"sports,esports,games,counter-strike-2",Sports,0.46
1970235,FC Tōkyō vs. Tōkyō Verdy: O/U 2.5,j1100-fct-ver-2026-05-10-total-2pt5,Sports,15083.573681999995,2026-04-13T15:47:53.929698Z,2026-05-10T06:00:00Z,1,42583198877144005047467731187889310254571138214232566617708955816603938150028,"sports,japan-j-league,games,soccer",Sports,0.38
1962221,Will Beijing Guoan FC vs. Shanghai Haigang FC end in a draw?,chi-bgu-shp-2026-05-10-draw,Sports,37982.75838500002,2026-04-12T20:49:20.464314Z,2026-05-10T11:35:00Z,1,81751972348301692087562185904641661569553880325214611020459113818013112830270,"sports,games,soccer,chinese-super-league",Sports,0.235
1971206,Silkeborg IF vs. FC København: O/U 3.5,den-sif-kob-2026-05-10-total-3pt5,Sports,22467.071352999992,2026-04-13T16:33:30.096674Z,2026-05-10T14:00:00Z,1,2751823278026590383424767684232436273072401226678256617426538391549087551793,"sports,games,soccer,denmark-superliga",Sports,0.44
2089890,Will ACF Fiorentina win on 2026-05-10?,sea-fio-gen-2026-05-10-fio,Sports,2201543.8081520004,2026-04-26T23:13:13.936601Z,2026-05-10T13:00:00Z,0,109571304758298927119384647154330944243358574427697752768349542925472079153557,"sports,games,soccer,sea",Sports,0.465
2192042,Minnesota Twins vs. Cleveland Guardians: O/U 7.5,mlb-min-cle-2026-05-09-total-7pt5,Sports,11826.864164999999,2026-05-08T19:01:43.902665Z,2026-05-09T22:10:00Z,0,34347257792652813659784208058059277893880954370447385011644031299721107507130,"sports,baseball,mlb,games",Sports,0.525
2082104,Will Liverpool FC vs. Chelsea FC end in a draw?,epl-liv-che-2026-05-09-draw,Sports,633148.0173969994,2026-04-26T04:17:22.10018Z,2026-05-09T11:30:00Z,1,13675271750300092338845080813008192986790413836335602968748035047746424566378,"sports,games,soccer,premier-league,EPL",Sports,0.235
2082178,Will Brentford FC win on 2026-05-09?,epl-mac-bre-2026-05-09-bre,Sports,387298.57465000026,2026-04-26T04:10:59.74049Z,2026-05-09T16:30:00Z,0,32853063288914998576906246284695766065162145083802183760715752162929771036510,"sports,soccer,EPL,games,premier-league",Sports,0.115
2186094,Pistons vs. Cavaliers: O/U 211.5,nba-det-cle-2026-05-09-total-211pt5,Sports,208734.0764849997,2026-05-08T02:12:31.725763Z,2026-05-09T19:00:00Z,1,56529043377758737123497034029015724718402590221881666930221636982739219107246,"sports,basketball,nba,games",Sports,0.525
1961436,Will EC Bahia win on 2026-05-09?,bra-bah-cru-2026-05-09-bah,Sports,304883.4708909999,2026-04-12T19:06:53.740018Z,2026-05-10T00:00:00Z,0,80590315236474474907076591901583921130777218957255020349420208311580202217620,"sports,games,soccer,brazil-serie-a",Sports,0.47
2083119,Spread: Manchester United FC (-2.5),epl-sun-mun-2026-05-09-spread-away-2pt5,Sports,11836.304659999998,2026-04-26T05:07:58.215892Z,2026-05-09T14:00:00Z,0,51971024714957701220677193160922436058882174405370743285364836635902996119219,"sports,games,soccer,premier-league,EPL",Sports,0.11
2184849,Valorant: Team Liquid vs Gentle Mates (BO3) - VCT EMEA Playoffs,val-tl1-gm-2026-05-09,Sports,130138.46644000005,2026-05-07T22:13:44.773496Z,2026-05-09T23:30:00Z,0,32529205113013379213252112490331738961220888270368726437913892452550586284312,"sports,esports,games,valorant",Sports,0.625
1961790,Will JEF United Ichihara Chiba win on 2026-05-10?,j1100-jef-zel-2026-05-10-jef,Sports,10671.327119,2026-04-12T19:35:13.632133Z,2026-05-10T08:00:00Z,0,36187303171666067013405710937469079272716160155746740837725994999256939881551,"sports,japan-j-league,games,soccer",Sports,0.205
2017364,"UFC 328: Ozzy Diaz vs. Ateba Gautier (Middleweight, Prelims)",ufc-ozz-ate-2026-05-09,Sports,344115.51067999966,2026-04-18T22:06:49.820725Z,2026-05-10T03:59:59.999Z,0,59398628742280570735011685916841444014677624728156952951370573314005511099471,"sports,ufc,games",Sports,0.115
2083982,Esenler Erokspor vs. Bursaspor,bkbsl-ese-bur-2026-05-02,Sports,10495.029361000003,2026-04-26T07:33:25.48366Z,2026-05-09T15:00:00Z,0,19394311229519096267980073300444689583561687091613221208425675594155679943403,"sports,games,basketball,bkbsl",Sports,0.78
2093558,VfB Stuttgart leading at halftime?,bun-stu-b04-2026-05-09-halftime-result-home,Sports,78544.26242199999,2026-04-27T08:24:24.479297Z,2026-05-09T13:30:00Z,1,49897930143373325532759074493565032279363003463890896065507949154743038180402,"sports,games,soccer,bundesliga",Sports,0.36
2134834,Cagliari: Hubert Hurkacz vs Roman Andres Burruchaga,atp-hurkacz-burruch-2026-05-02,Sports,490946.9056290005,2026-05-01T22:33:11.180403Z,2026-05-09T12:30:00Z,1,65143800310572970265182289667049978522029922205415836261654950978005475832689,"tennis,sports,games",Sports,0.685
2096360,TSV Fortuna 95 Düsseldorf vs. SV 07 Elversberg: O/U 3.5,bl2-dus-elv-2026-05-10-total-3pt5,Sports,12626.909973000003,2026-04-27T13:40:08.220063Z,2026-05-10T11:30:00Z,1,112752040890544544329827413948732618763112303882484666397697111107918144764382,"sports,games,soccer,bundesliga-2",Sports,0.42
2214528,Map Handicap: G2 (-1.5) vs MOUZ (+1.5),cs2-mouz-g2-2026-05-10-map-handicap-home-1pt5,Sports,13853.666994000003,2026-05-09T16:37:22.912859Z,2026-05-10T11:00:00Z,0,69615112468861132275153762946445352553681782254739474192820111306852140120968,"sports,esports,games,counter-strike-2",Sports,0.31
2152560,Knicks vs. 76ers,nba-nyk-phi-2026-05-10,Sports,3949697.1838949886,2026-05-04T04:04:36.111033Z,2026-05-10T19:30:00Z,1,55297441786017085969636905582063725290032450865351029055580704018493906917875,"sports,nba,games,basketball",Sports,0.515
2214608,Counter-Strike: Monte vs magic - Map 2 Winner,cs2-mnte-mgc-2026-05-10-game2,Sports,66847.11311099998,2026-05-09T15:55:28.725765Z,2026-05-10T17:55:00Z,1,13646486609804624705868052844839607961864132987965469579898381209920788887983,"sports,esports,games,counter-strike-2",Sports,0.555
2083029,US Lecce vs. Juventus FC: O/U 2.5,sea-lec-juv-2026-05-09-total-2pt5,Sports,174962.7741800001,2026-04-26T05:04:25.265413Z,2026-05-09T18:45:00Z,0,82572948695089688649107735175530497346614774671831579143291784777123358938160,"sports,games,soccer,sea",Sports,0.515
2089896,Will AS Roma win on 2026-05-10?,sea-par-rom-2026-05-10-rom,Sports,492109.7726779989,2026-04-26T23:06:35.493561Z,2026-05-10T16:00:00Z,1,64292133376215533726245016290370857538796407964736634946472220433224698213017,"sports,games,soccer,sea",Sports,0.655
2083109,Spread: Manchester United FC (-1.5),epl-sun-mun-2026-05-09-spread-away-1pt5,Sports,49523.00751500003,2026-04-26T05:04:21.12282Z,2026-05-09T14:00:00Z,0,65369796125385795855152018586981951293962922332882946823622798374904011211791,"sports,games,soccer,premier-league,EPL",Sports,0.255
2082154,Will 1. FC Nürnberg vs. FC Schalke 04 end in a draw?,bl2-fcn-s04-2026-05-09-draw,Sports,31741.27918,2026-04-26T04:05:10.851138Z,2026-05-09T18:30:00Z,0,84071296952885126614921914213559884277913664323550556801257307924510896302778,"games,bundesliga-2,sports,soccer",Sports,0.265
2083179,Fulham FC vs. AFC Bournemouth: O/U 2.5,epl-ful-bou-2026-05-09-total-2pt5,Sports,42466.36292600002,2026-04-26T05:03:55.323666Z,2026-05-09T14:00:00Z,0,11879378798569548041556513174336231407535656742318264596692315647430050853096,"sports,games,soccer,premier-league,EPL",Sports,0.595
2083832,Will Rodez Aveyron Football win on 2026-05-09?,fr2-fca-raf-2026-05-09-raf,Sports,12606.85869300001,2026-04-26T07:04:55.726988Z,2026-05-09T18:00:00Z,1,91438283905116230788314266729521809421496169660781741088883181398113363363600,"sports,games,soccer,ligue-2",Sports,0.295
2184851,Valorant: Team Liquid vs Gentle Mates - Map 1 Winner,val-tl1-gm-2026-05-09-game1,Sports,27437.02332700001,2026-05-07T22:14:25.799863Z,2026-05-09T23:30:00Z,1,88333659321658939369313170409322361172130008427370227333785133302398410672196,"sports,esports,games,valorant",Sports,0.585
2085829,Will there be a run scored in the first inning?: Baltimore Orioles vs. New York Yankees,mlb-bal-nyy-2026-05-02-nrfi,Sports,13041.114063,2026-04-26T13:02:32.157569Z,2026-05-09T17:35:00Z,0,26234890907717082867364151012568851002070019970212762708819357274591438647689,"sports,mlb,baseball,games",Sports,0.485
2017283,O/U 2.5 Rounds,ufc-sea2-kha7-2026-05-09-totals-2pt5,Sports,10163.367704,2026-04-18T22:04:37.755049Z,2026-05-10T03:59:59.999Z,1,18134032430164066789656077307158364398162078651327318939980210609698950390988,"sports,ufc,games",Sports,0.51
2219157,Counter-Strike: Brute vs Atreides (BO3) - CCT Europe Challengers Series Playoffs,cs2-brute-atreid-2026-05-10,Sports,13955.565176000004,2026-05-10T02:33:10.055448Z,2026-05-10T17:00:00Z,1,89362143448007586276863027099295538914373116824227786986119255297690692051846,"sports,esports,games,counter-strike-2",Sports,0.59
2201106,Dota 2: REKONIX vs 1win - Game 1 Winner,dota2-rnx-1win-2026-05-09-game1,Sports,216391.24247,2026-05-09T05:46:20.039543Z,2026-05-09T19:00:00Z,0,32215673163275271160080005948526572930186590545961580309648950619613704995323,"sports,esports,games,dota-2",Sports,0.485
2214651,Valorant: EDward Gaming vs XLG Gaming - Map 2 Winner,val-edg1-xlg-2026-05-10-game2,Sports,147649.75508299994,2026-05-09T16:11:04.479937Z,2026-05-10T15:30:00Z,1,47200346965937332954797145064246675028858573875203212593938467941813856637795,"sports,esports,games,valorant",Sports,0.9995
2051651,Will Oscar Piastri win the 2026 F1 Miami Grand Prix?,f1-miami-grand-prix-winner-piastri-2026-05-03,Sports,37922.12244399996,2026-04-22T11:35:42.644586Z,2026-05-10T20:00:00Z,0,113663435633617685411884865844848498721112484718419903479053676507758825310831,"formula1,f1,sports,grand-prix,games",Sports,0.044
2204682,Counter-Strike: MOUZ NXT vs UNiTY esports (BO3) - CCT Europe Series 1 Group Stage,cs2-mouzn-unity-2026-05-09,Sports,127688.68350099996,2026-05-09T05:33:43.520904Z,2026-05-09T23:00:00Z,1,60068389410838693963622041879707361230069890864143318828798219866747042275487,"sports,esports,games,counter-strike-2",Sports,0.425
2092397,Paris Saint-Germain FC vs. Stade Brestois 29: Both Teams to Score,fl1-psg-sbr-2026-05-10-btts,Sports,27650.47426799999,2026-04-27T05:10:48.07713Z,2026-05-10T19:00:00Z,0,65732895240154071260959106184043576791126548659586978595262082727640463080075,"games,sports,soccer,ligue-1",Sports,0.525
2109773,Will IR Tanger win on 2026-05-10?,mar1-irt-dhe-2026-05-10-irt,Sports,20233.257519999996,2026-04-28T20:14:21.794718Z,2026-05-10T16:00:00Z,0,56110397250587697310780412155951175605496423327480598829650667679454439129478,"sports,games,soccer",Sports,0.445
2082126,Will FC Augsburg win on 2026-05-09?,bun-aug-moe-2026-05-09-aug,Sports,492251.1068420002,2026-04-26T04:04:56.425359Z,2026-05-09T13:30:00Z,1,86687552966214761958867864212194779117268855319722895511118594237023958661446,"sports,games,soccer,bundesliga",Sports,0.475
2116803,Will Çaykur Rizespor win on 2026-05-09?,tur-eyu-riz-2026-05-09-riz,Sports,20041.374958999997,2026-04-29T16:19:24.026189Z,2026-05-09T17:00:00Z,0,113535737311615217406355073238377974604975181256038956908791375054948768488243,"sports,games,soccer,tur",Sports,0.265
2096061,Cleveland Guardians vs. Athletics,mlb-cle-oak-2026-05-03,Sports,336677.9578030005,2026-04-27T13:03:39.785719Z,2026-05-10T20:05:00Z,0,5398247736360213737115077803039757523366385821906896907014712454322559225099,"sports,mlb,baseball,games",Sports,0.525
2091320,Will OGC Nice win on 2026-05-10?,fl1-aja-ogc-2026-05-10-ogc,Sports,364561.76692600106,2026-04-27T04:16:33.393589Z,2026-05-10T19:00:00Z,0,76318214030907468668500621450147948938550265226028991507977393628354137201202,"sports,games,ligue-1,soccer",Sports,0.315
2082100,Will VfB Stuttgart vs. Bayer 04 Leverkusen end in a draw?,bun-stu-b04-2026-05-09-draw,Sports,114621.81158299999,2026-04-26T04:04:53.295142Z,2026-05-09T13:30:00Z,0,40676345890092636685295819431631732843317115448302832680550003055617430317616,"sports,games,soccer,bundesliga",Sports,0.235
2201094,Dota 2: REKONIX vs 1win (BO3) - 1win Essence Playoffs,dota2-rnx-1win-2026-05-09,Sports,140232.5349209998,2026-05-09T07:40:23.113061Z,2026-05-09T21:00:00Z,0,78999914197314194340538064211003035773510896818574083603267715074367271491685,"sports,esports,games,dota-2",Sports,0.495
1962273,Will FC Anyang win on 2026-05-10?,kor-any-jeo-2026-05-10-any,Sports,19235.234679,2026-04-12T21:05:29.638625Z,2026-05-10T07:30:00Z,0,71833536616770445382580716825670902283961596977617430884617228851834362462654,"sports,games,soccer,k-league",Sports,0.255
2092420,Angers SCO vs. RC Strasbourg Alsace: O/U 2.5,fl1-ang-str-2026-05-10-total-2pt5,Sports,82619.22393999997,2026-04-27T05:06:37.65968Z,2026-05-10T19:00:00Z,0,46335522466619912158157498354291498818551993905704122217063946343416637936805,"sports,games,soccer,ligue-1",Sports,0.495
2092407,Spread: Burnley FC (-1.5),epl-bur-ast-2026-05-10-spread-home-1pt5,Sports,18982.958045,2026-04-27T05:13:32.905646Z,2026-05-10T13:00:00Z,0,31613646707694613722954086124850923203251097134809401780333474775975815957177,"sports,games,soccer,premier-league,EPL",Sports,0.05
2085832,Arizona Diamondbacks vs. Chicago Cubs,mlb-ari-chc-2026-05-02,Sports,634570.7626760007,2026-04-26T13:03:00.160841Z,2026-05-09T18:20:00Z,0,90591403229163048283865795914652296488845916455376208796570083340648316456197,"sports,games,mlb,baseball",Sports,0.405
2089887,Will US Cremonese win on 2026-05-10?,sea-cre-pis-2026-05-10-cre,Sports,308281.83181700035,2026-04-26T23:14:36.371961Z,2026-05-10T13:00:00Z,1,3405898805237277147791401679258237291924442029010650059858177115915248919589,"sports,games,soccer,sea",Sports,0.555
2154517,LoL: Vivo Keyd Stars vs LOUD - Game 1 Winner,lol-vks-lll-2026-05-10-game1,Sports,159582.9626179999,2026-05-04T11:25:39.586623Z,2026-05-09T22:10:00Z,0,13297331628054682887299390890896681293948291772535111397540838648473078277752,"sports,esports,league-of-legends,games",Sports,0.475
2092395,Parma Calcio 1913 vs. AS Roma: Both Teams to Score,sea-par-rom-2026-05-10-btts,Sports,15861.480895999995,2026-04-27T05:19:04.284324Z,2026-05-10T16:00:00Z,1,46944630927660576135290464625135997529020983730636145295085915920467666421552,"sports,games,soccer,sea",Sports,0.445
2167391,Will FC Porto win on 2026-05-10?,por-avs-por-2026-05-10-por,Sports,116511.04164500008,2026-05-05T17:50:33.773089Z,2026-05-10T17:00:00Z,0,12003461244244501231216019484207076258601284567009061604952134369178382286832,"sports,games,soccer,primeira-liga",Sports,0.805
2083802,Real Sociedad de Fútbol vs. Real Betis Balompié: O/U 2.5,lal-rso-bet-2026-05-09-total-2pt5,Sports,155429.30989399995,2026-04-26T07:03:40.20728Z,2026-05-09T19:00:00Z,1,53712089391927006038047214153629061672239212377366232976777667983752152553734,"sports,games,soccer,la-liga",Sports,0.585
2092846,Will Córdoba CF vs. Granada CF end in a draw?,es2-cor-gra-2026-05-10-draw,Sports,49281.979913000025,2026-04-27T06:05:54.084269Z,2026-05-10T16:30:00Z,0,33417657012020347693494437685054319588735696983085279062879000566364684833378,"sports,games,soccer,la-liga-2",Sports,0.245
2083821,Club Atlético de Madrid vs. RC Celta de Vigo: Both Teams to Score,lal-mad-cel-2026-05-09-btts,Sports,12065.82058300001,2026-04-26T07:03:08.041106Z,2026-05-09T16:30:00Z,0,21572553621471685359345501840866572238971369027539887175048845420495524051945,"sports,games,soccer,la-liga",Sports,0.605
2154432,LoL: LOS vs Fluxo W7M - Game 2 Winner,lol-los-fxw7-2026-05-09-game2,Sports,16828.731831,2026-05-04T11:34:50.869743Z,2026-05-10T22:00:00Z,1,74998652210513626648687998950708352241578122761411234046126328678697964830349,"sports,esports,league-of-legends,games",Sports,0.6
2093063,Spread: Villarreal CF (-1.5),lal-mal-vil-2026-05-10-spread-away-1pt5,Sports,10845.306555,2026-04-27T07:03:33.540537Z,2026-05-10T12:00:00Z,0,28112608472346914592874920825001598797884370278874069715787460991645619428151,"sports,games,soccer,la-liga",Sports,0.165
2197080,Seattle Mariners vs. Chicago White Sox: O/U 9.5,mlb-sea-cws-2026-05-09-total-9pt5,Sports,23977.379820999995,2026-05-08T20:45:00.042159Z,2026-05-09T23:10:00Z,0,83873925255665390704819046968051626523183368283344188201190764778246606942036,"sports,baseball,mlb,games",Sports,0.445
2217516,Dota 2: REKONIX vs Nigma Galaxy - Game 1 Winner,dota2-rnx-ngx-2026-05-10-game1,Sports,125527.68094100004,2026-05-09T21:46:58.804753Z,2026-05-10T15:00:00Z,0,43851755339382701398626643067330226927598598489033059471182429267020454268545,"sports,esports,games,dota-2",Sports,0.0005
2092847,Will Real Madrid CF win on 2026-05-10?,lal-bar-rea-2026-05-10-rea,Sports,1995108.1030160098,2026-04-27T06:05:29.686001Z,2026-05-10T19:00:00Z,0,47547208931197356472925213693435946625038933287777456464795371058592632259920,"sports,games,soccer,la-liga",Sports,0.225
1950171,Will Shanghai Shenhua FC win on 2026-05-09?,chi-sgr-ton-2026-05-09-sgr,Sports,79938.24730199992,2026-04-11T20:49:05.443044Z,2026-05-09T11:35:00Z,0,74200045103391023684237163785687541361662764999829241546224452974332645131370,"sports,games,soccer,chinese-super-league",Sports,0.625
2192032,Los Angeles Angels vs. Toronto Blue Jays: O/U 8.5,mlb-laa-tor-2026-05-09-total-8pt5,Sports,111318.500546,2026-05-08T18:10:10.344882Z,2026-05-09T19:07:00Z,1,9508649451066611941539891986801197743648243014080771586569838206057352634357,"sports,baseball,mlb,games",Sports,0.465
2083074,RB Leipzig vs. FC St. Pauli 1910: O/U 3.5,bun-lei-pau-2026-05-09-total-3pt5,Sports,145295.95271499988,2026-04-26T05:05:45.457569Z,2026-05-09T13:30:00Z,0,69828290452245680141371290677530604820351555287981175610134791351856540538122,"sports,games,soccer,bundesliga",Sports,0.455
2224273,New York Yankees vs. Milwaukee Brewers: O/U 7.5,mlb-nyy-mil-2026-05-10-total-7pt5,Sports,31722.546705,2026-05-10T18:16:11.935967Z,2026-05-10T18:10:00Z,0,21322439806285040359108038155439064158815983190260715479678561845632580990956,"sports,baseball,mlb,games",Sports,0.0005
2083836,Sevilla FC vs. RCD Espanyol de Barcelona: Both Teams to Score,lal-sev-esp-2026-05-09-btts,Sports,28973.192123000008,2026-04-26T07:03:38.114717Z,2026-05-09T14:15:00Z,1,29440447964115363328574508137799310711583416327299104640646592568343150089338,"sports,games,soccer,la-liga",Sports,0.475
2092358,AC Milan vs. Atalanta BC: O/U 3.5,sea-mil-ata-2026-05-10-total-3pt5,Sports,53183.50077800004,2026-04-27T05:10:29.745443Z,2026-05-10T18:45:00Z,1,107007081053841589669109606745263345161372225034737496710164384038422275204412,"sports,games,soccer,sea",Sports,0.295
2017274,Fight to Go the Distance?,ufc-sea2-kha7-2026-05-09-go-the-distance,Sports,208599.90950899976,2026-04-18T22:03:14.32327Z,2026-05-10T03:59:59.999Z,1,10750696155350142780014723125976477558549770502398377237255722604964847238166,"sports,ufc,games",Sports,0.315
2085849,Texas Rangers vs. Detroit Tigers,mlb-tex-det-2026-05-02,Sports,233797.1746679999,2026-04-26T13:03:08.099294Z,2026-05-09T23:15:00Z,0,103178373332405662122719852274832392585305205693038755243597793663479241843897,"sports,games,mlb,baseball",Sports,0.445
2083597,Will Málaga CF win on 2026-05-09?,es2-mal-spo-2026-05-09-mal,Sports,53749.79090700001,2026-04-26T06:05:06.051561Z,2026-05-09T19:00:00Z,1,55664408155327680500164220580841989830423437638812351587568475694167445123473,"sports,games,soccer,la-liga-2",Sports,0.61
2140926,Ostrava: Nikolas Sanchez Izquierdo vs Zdenek Kolar,atp-izquier-kolar-2026-05-03,Sports,273285.3042670003,2026-05-02T16:03:49.232967Z,2026-05-10T09:00:00Z,1,34537337796144676512762301512199413321142319153469789715191918727021894528385,"tennis,sports,games",Sports,0.9995
2082168,Will VfL Wolfsburg win on 2026-05-09?,bun-wol-bay-2026-05-09-wol,Sports,245906.44840500053,2026-04-26T04:34:48.747077Z,2026-05-09T16:30:00Z,0,92844455754017472901896890025550383595922450912570618113628630983023134234671,"sports,soccer,games,bundesliga",Sports,0.195
2051635,Will Pierre Gasly win the 2026 F1 Miami Grand Prix?,f1-miami-grand-prix-winner-gasly-2026-05-03,Sports,10722.662141,2026-04-22T11:34:28.480415Z,2026-05-10T20:00:00Z,0,83452718542762012348706809253166527045315590550877930713133996483860805263374,"formula1,f1,sports,grand-prix,games",Sports,0.0035
2082124,Will Holstein Kiel win on 2026-05-09?,bl2-ksv-fcm-2026-05-09-ksv,Sports,32693.279175000007,2026-04-26T04:10:27.485131Z,2026-05-09T11:00:00Z,0,81224772530215465478586636166500219584586335719975590582307336687229411155916,"bundesliga-2,sports,games,soccer",Sports,0.315
2154328,LoL: Ground Zero Gaming vs CTBC Flying Oyster - Game 1 Winner,lol-gz-cfo-2026-05-09-game1,Sports,10072.090687,2026-05-04T11:30:33.868019Z,2026-05-09T15:10:00Z,0,109199558132007141063488397140935966569016507348004591095359818078283247762394,"sports,esports,league-of-legends,games",Sports,0.425
2186070,Spread: Cavaliers (-4.5),nba-det-cle-2026-05-09-spread-home-4pt5,Sports,1850313.9446870035,2026-05-08T02:12:29.738925Z,2026-05-09T19:00:00Z,1,45345567454670597117896359595003080611051758401242629833953831652885940119137,"sports,basketball,nba,games",Sports,0.515
1960504,Toronto FC vs. Inter Miami CF: O/U 2.5,mls-tor-mia-2026-05-09-total-2pt5,Sports,16939.359911,2026-04-12T17:13:17.268679Z,2026-05-09T17:00:00Z,1,94689102644010825174310906124103286487885359301603736845002304896876292839924,"sports,games,soccer,mls",Sports,0.645
2138283,Shandong Hi-Speed Kirin vs. Liaoning Flying Leopards,bkcba-sha2-lia-2026-05-03,Sports,23264.496485000003,2026-05-02T07:32:31.713513Z,2026-05-10T11:35:00Z,1,56374093786685810363481550640984901491022655865102422510803168269622060565340,"sports,games,basketball,cba",Sports,0.76
2167212,LoL: Movistar KOI vs Karmine Corp - Game 2 Winner,lol-mkoi-kc-2026-05-09-game2,Sports,284066.9834860002,2026-05-05T17:33:10.927774Z,2026-05-09T22:20:00Z,1,112834500370244711964646064501890003343322077433480252102871064040205310335806,"sports,esports,league-of-legends,games",Sports,0.415
2085962,1. FC Nürnberg vs. FC Schalke 04: O/U 3.5,bl2-fcn-s04-2026-05-09-total-3pt5,Sports,13701.180969000001,2026-04-26T13:33:26.208306Z,2026-05-09T18:30:00Z,0,2463687462058187472722480132623422197150266124894795305985565189131619461780,"sports,games,soccer,bundesliga-2",Sports,0.375
2156712,Will Marco Penge finish in the Top 20 at the 2026 ONEflight Myrtle Beach Classic?,2026-oneflight-myrtle-beach-classic-top20-marco-penge,Sports,36700.695920000006,2026-05-04T16:39:53.749479Z,2026-05-10T00:00:00Z,0,108946243362950917260407263669746962338412742894044975283330562960225383602301,"sports,golf,pga,pga-tour",Sports,0.024
2182648,Counter-Strike: Tricked vs Walczaki (BO3) - NODWIN Clutch Series Group Stage,cs2-tri9-wal2-2026-05-09,Sports,21221.53902599999,2026-05-07T16:15:37.120544Z,2026-05-09T20:00:00Z,1,13399295393511266541808858486726473905189671168207549460198902622904098141916,"sports,esports,games,counter-strike-2",Sports,0.225
2148560,Hurricanes vs. Flyers: O/U 4.5,nhl-car-phi-2026-05-09-total-4pt5,Sports,10781.870760000002,2026-05-03T15:33:18.291007Z,2026-05-09T22:00:00Z,1,17536017550754370330345910794347305593226118243951650592939295851408353375210,"sports,nhl,hockey,games",Sports,0.685
2154433,LoL: LOS vs Fluxo W7M - Game 3 Winner,lol-los-fxw7-2026-05-09-game3,Sports,17986.175368,2026-05-04T11:34:04.164164Z,2026-05-10T22:00:00Z,0,51874816818067221509473992894324768935595904974819863895419200489298218221232,"sports,esports,league-of-legends,games",Sports,0.6
2223641,Counter-Strike: Walczaki vs Nemiga - Map 2 Winner,cs2-wal2-nemi1-2026-05-10-game2,Sports,12130.793707999997,2026-05-10T16:34:57.686411Z,2026-05-10T23:15:00Z,1,40255431714590802530110353517008328833459758878059458226067644319330803093912,"sports,esports,games,counter-strike-2",Sports,0.9995
2131028,Strasbourg vs. Monaco,bkfr1-str-mon-2026-05-03,Sports,11882.330671000003,2026-05-01T07:32:55.927668Z,2026-05-10T17:00:00Z,0,113735943964084492451193365318177692881262489402529835617730442392902472373342,"sports,games,basketball,pro-a",Sports,0.49
2143117,Cagliari: Hubert Hurkacz vs Matteo Arnaldi,atp-hurkacz-arnaldi-2026-05-03,Sports,160830.4963889996,2026-05-02T22:03:24.514162Z,2026-05-10T13:00:00Z,0,47409304343566327346768156318935911093135285973099087448176708501208477472895,"tennis,sports,games",Sports,0.715
2091365,Will Paris FC win on 2026-05-10?,fl1-ren-pfc-2026-05-10-pfc,Sports,61925.414118000015,2026-04-27T04:05:50.00202Z,2026-05-10T19:00:00Z,0,63036795581743052986947875873493106118669973255177178203830176937955982907167,"sports,games,soccer,ligue-1",Sports,0.185
2116813,Will Gençlerbirliği SK win on 2026-05-09?,tur-gen-kas-2026-05-09-gen,Sports,20051.11706600001,2026-04-29T16:19:59.354772Z,2026-05-09T17:00:00Z,1,63563013977329395022911044900098508800680724822198209423143549212889119353784,"sports,games,soccer,tur",Sports,0.395
2099505,CD Leganés vs. Real Racing Club: O/U 1.5,es2-leg-rrc-2026-05-10-total-1pt5,Sports,12926.041534000005,2026-04-27T19:05:10.606947Z,2026-05-10T14:15:00Z,1,95186501631897302091816407282834408920011824968462864049540175857411566140285,"sports,games,soccer,la-liga-2",Sports,0.82
2140943,Wuxi: Jie Cui vs Alexis Galarneau,atp-cui-galarne-2026-05-03,Sports,56222.96752899982,2026-05-02T16:05:38.103141Z,2026-05-11T03:00:00Z,1,27017540323938142131841606768976581835937067720379298531759282528009250941406,"tennis,sports,games",Sports,0.325
2092461,Nottingham Forest FC vs. Newcastle United FC: O/U 1.5,epl-not-new-2026-05-10-total-1pt5,Sports,61401.627458000024,2026-04-27T05:18:22.710285Z,2026-05-10T13:00:00Z,1,14524025320789697183337531099814067767576554595299455555422813204405925913550,"sports,games,premier-league,soccer,EPL",Sports,0.795
2083125,Sunderland AFC vs. Manchester United FC: O/U 1.5,epl-sun-mun-2026-05-09-total-1pt5,Sports,73363.42629800002,2026-04-26T05:10:36.558664Z,2026-05-09T14:00:00Z,0,99847545941363674191604729215947892518973534975952174879285770718546559062471,"sports,games,soccer,premier-league,EPL",Sports,0.785
2202745,Dota 2: Nigma Galaxy vs L1ga Team - Game 1 Winner,dota2-ngx-l1ga-2026-05-09-game1,Sports,81090.66484299996,2026-05-09T06:58:29.141248Z,2026-05-09T16:00:00Z,1,69341871647315002508558253155421339603756742579935667603637576770826440385803,"sports,esports,games,dota-2",Sports,0.72
2217182,Washington Nationals vs. Miami Marlins: O/U 11.5,mlb-wsh-mia-2026-05-09-total-11pt5,Sports,18096.377707,2026-05-09T21:50:50.174469Z,2026-05-09T20:10:00Z,1,10983241026458843943987344803961706772627975454222877379917087808293513407615,"sports,baseball,mlb,games",Sports,0.9995
1961461,Will Ceará SC win on 2026-05-09?,bra2-csc-acg-2026-05-09-csc,Sports,34010.110121000005,2026-04-12T19:05:58.501698Z,2026-05-09T22:00:00Z,0,110993539375978566497361483882695453592129507167106618536876693032698792674832,"sports,games,soccer",Sports,0.495
2092427,Burnley FC vs. Aston Villa FC: O/U 2.5,epl-bur-ast-2026-05-10-total-2pt5,Sports,175444.75519199984,2026-04-27T05:03:28.033208Z,2026-05-10T13:00:00Z,1,51210367873050209612097615608794631759091013955624937210899493069130086758223,"sports,games,soccer,premier-league,EPL",Sports,0.515
2084764,Will Motherwell FC win on 2026-05-09?,scop-mot-hmi-2026-05-09-mot,Sports,10238.249145000002,2026-04-26T09:05:14.510747Z,2026-05-09T19:00:00Z,0,5084294545304024651072256922930042343876175898951744453511346780030463279913,"sports,games,soccer,scottish-premiership",Sports,0.33
2092825,Will FC Andorra win on 2026-05-10?,es2-and-lpm-2026-05-10-and,Sports,35370.603622999995,2026-04-27T06:05:34.004579Z,2026-05-10T12:00:00Z,1,54192324874362594373479015632422428326347811052266757714342296933292440929905,"sports,games,soccer,la-liga-2",Sports,0.375
2179806,Marcus Rashford: Anytime Goalscorer,lal-bar-rea-2026-05-10-ags-marcus-rashford,Sports,15727.998758000002,2026-05-07T04:44:20.663376Z,2026-05-10T19:00:00Z,1,6884632587674379011306395569640859485186553669194630670405220224840604328079,"sports,la-liga,soccer,games",Sports,0.34
2083236,VfB Stuttgart vs. Bayer 04 Leverkusen: Both Teams to Score,bun-stu-b04-2026-05-09-btts,Sports,10499.566069000006,2026-04-26T05:11:04.589601Z,2026-05-09T13:30:00Z,1,102218108517213007873879440884893335259306685331349513897746840991973446574275,"sports,games,soccer,bundesliga",Sports,0.71
2216478,Valorant: T1 vs Rex Regum Qeon - Map 2 Winner,val-t1-rrq1-2026-05-10-game2,Sports,34266.382432000006,2026-05-09T22:04:34.73177Z,2026-05-10T12:00:00Z,0,75572059556812753904998418047293626843984014951893539167249065210801077146268,"sports,esports,games,valorant",Sports,0.0005
2092435,Burnley FC vs. Aston Villa FC: O/U 4.5,epl-bur-ast-2026-05-10-total-4pt5,Sports,64306.91785599997,2026-04-27T05:09:44.403315Z,2026-05-10T13:00:00Z,0,50064705978538666701389538050676171832691244893742888826677500127179659406085,"sports,games,soccer,premier-league,EPL",Sports,0.145
2036462,Will Al Hazem SC win on 2026-05-09?,spl-njm-haz-2026-05-09-haz,Sports,24034.717629,2026-04-20T19:36:05.127559Z,2026-05-09T16:15:00Z,0,105457609775917282994882921650205419712287646951749616885835069874053194958059,"sports,games,soccer,saudi-professional-league",Sports,0.455
2083035,US Lecce vs. Juventus FC: O/U 4.5,sea-lec-juv-2026-05-09-total-4pt5,Sports,24125.827853000003,2026-04-26T05:20:32.197769Z,2026-05-09T18:45:00Z,0,3364197151530967004847618635361337750510426201858105247097300655782736490957,"sports,games,soccer,sea",Sports,0.135
1969716,Will Go Ahead Eagles win on 2026-05-10?,ere-goa-psv-2026-05-10-goa,Sports,19392.633839999995,2026-04-13T14:36:37.517174Z,2026-05-10T14:45:00Z,0,65931598421143862102226925500081000279119918118515235559908538569772210963022,"sports,games,soccer,ere",Sports,0.205
2017285,O/U 3.5 Rounds,ufc-sea2-kha7-2026-05-09-totals-3pt5,Sports,84392.63941199997,2026-04-18T22:03:10.108645Z,2026-05-10T03:59:59.999Z,1,58765552655167720592324329688128791868365937436448756105622270255072498553690,"sports,ufc,games",Sports,0.435
2092353,1. FSV Mainz 05 vs. 1. FC Union Berlin: O/U 4.5,bun-mai-uni-2026-05-10-total-4pt5,Sports,19327.616745999996,2026-04-27T05:18:32.963177Z,2026-05-10T17:30:00Z,0,78288319148678684861962095776823294024581952400759647546992236160499169357171,"sports,games,soccer,bundesliga",Sports,0.185
2204637,Counter-Strike: GenOne vs Ursa (BO3) - CCT Europe Series 1 Group Stage,cs2-g1-ursa-2026-05-09,Sports,40469.077642,2026-05-09T07:23:16.243069Z,2026-05-09T17:00:00Z,1,61434154644865713150338842376623111512977316296414675267323561874744095679849,"sports,esports,games,counter-strike-2",Sports,0.635
1959635,Will D.C. United SC win on 2026-05-09?,mls-nas-dcu-2026-05-09-dcu,Sports,45071.15918999999,2026-04-12T16:20:31.170423Z,2026-05-10T01:00:00Z,0,41729850224550639913029714714622644332495478804686525979894627412499452833352,"sports,games,soccer,mls",Sports,0.17
2190518,Counter-Strike: CYBERSHOKE Esports vs AM Gaming - Map 1 Winner,cs2-cs1-am-2026-05-09-game1,Sports,10564.369166999999,2026-05-08T17:12:50.997145Z,2026-05-09T20:00:00Z,1,6525220452605172157238473691299861918656436675171360667370702978264177003446,"sports,esports,games,counter-strike-2",Sports,0.61
2101251,Valorant: CGN Esports vs RIZON (BO3) - VCL DACH: Evolution Playoffs,val-cgn-rzn-2026-05-09,Sports,16117.950538000001,2026-04-28T01:34:45.759453Z,2026-05-09T19:00:00Z,1,73162125942531833928928762256340017447200024423526135076838467675633078516290,"sports,esports,games,valorant",Sports,0.815
2051868,Will Carlos Sainz Jr. finish on the podium at the 2026 F1 Miami Grand Prix?,f1-miami-grand-prix-driver-podium-jr-2026-05-03,Sports,17033.185266,2026-04-22T11:33:56.782075Z,2026-05-10T20:00:00Z,0,53376520612370820494963460038296102641123472018059072814117383004792758864447,"formula1,f1,sports,grand-prix,games",Sports,0.0105
2051866,Will Max Verstappen finish on the podium at the 2026 F1 Miami Grand Prix?,f1-miami-grand-prix-driver-podium-verstappen-2026-05-03,Sports,20544.57448699999,2026-04-22T11:33:24.407531Z,2026-05-10T20:00:00Z,0,86770835697158464543821037848313744644308535500001654551545917061522254201561,"formula1,f1,sports,grand-prix,games",Sports,0.565
2217517,Dota 2: REKONIX vs Nigma Galaxy - Game 2 Winner,dota2-rnx-ngx-2026-05-10-game2,Sports,115896.17131900002,2026-05-09T22:01:30.712619Z,2026-05-10T15:00:00Z,0,61256886257632676687670407556950777127214997528099254316556208219203307935046,"sports,esports,games,dota-2",Sports,0.0005
2216693,Athletics vs. Baltimore Orioles: O/U 9.5,mlb-oak-bal-2026-05-10-total-9pt5,Sports,94125.32782199993,2026-05-09T22:01:34.592516Z,2026-05-10T17:35:00Z,0,65471032032614978036411491253586803295547874601078475010746216727829271476179,"sports,baseball,mlb,games",Sports,0.535
2155691,LoL: Cloud9 vs FlyQuest (BO3) - LCS Regular Season,lol-c9-fly-2026-05-10,Sports,469115.0504529995,2026-05-04T15:53:09.939688Z,2026-05-11T02:00:00Z,1,23551925389693000575150860433381878466684655580199662888891896782370808860259,"sports,esports,league-of-legends,games",Sports,0.675
2083791,Will AS Saint-Étienne win on 2026-05-09?,fr2-ass-ami-2026-05-09-ass,Sports,22924.788535999993,2026-04-26T07:05:26.425969Z,2026-05-09T18:00:00Z,1,89517350381842305016444896916324600761151380857367106081258037935931238156856,"sports,games,soccer,ligue-2",Sports,0.845
2107871,Will CF Cruz Azul win on 2026-05-09?,mex-caz-atl-2026-05-09-caz,Sports,53470.82499300004,2026-04-28T18:40:47.866863Z,2026-05-10T03:15:00Z,1,24561987882886742972369177361023037480537357114784404606874758466921821482372,"sports,games,soccer,mex",Sports,0.665
1971204,Silkeborg IF vs. FC København: O/U 2.5,den-sif-kob-2026-05-10-total-2pt5,Sports,20835.479682,2026-04-13T16:33:03.24413Z,2026-05-10T14:00:00Z,1,75761454509331950399702985655801111726612283968826186133761713228997966008260,"sports,games,soccer,denmark-superliga",Sports,0.655
2192046,Seattle Mariners vs. Chicago White Sox: O/U 8.5,mlb-sea-cws-2026-05-09-total-8pt5,Sports,10839.722735000005,2026-05-08T18:27:31.970528Z,2026-05-09T23:10:00Z,0,57222607458757882909248957643956924912483420447575697052103690643014104365863,"sports,baseball,mlb,games",Sports,0.545
2142000,LoL: KT Rolster vs BNK FEARX (BO3) - LCK Rounds 1-2,lol-kt-fox1-2026-05-09,Sports,1022343.9484319984,2026-05-02T18:47:03.545498Z,2026-05-09T14:00:00Z,0,58821692992506663005430136636646125840972996676199224838736521627301947748283,"sports,esports,league-of-legends,games",Sports,0.705
2092396,Crystal Palace FC vs. Everton FC: O/U 4.5,epl-cry-eve-2026-05-10-total-4pt5,Sports,52372.379578000015,2026-04-27T05:21:08.946468Z,2026-05-10T13:00:00Z,0,106817313008462234438997289345705197177424387689406626767526055023835055534369,"sports,games,soccer,premier-league,EPL",Sports,0.135
2080734,Will Udinese Calcio win on 2026-05-09?,sea-cag-udi-2026-05-09-udi,Sports,878952.5218309985,2026-04-25T23:04:26.989445Z,2026-05-09T13:00:00Z,1,2423245687056672856017751822142285093982749038725790003449653154050531352945,"sports,games,soccer,sea",Sports,0.325
1962220,Will Beijing Guoan FC win on 2026-05-10?,chi-bgu-shp-2026-05-10-bgu,Sports,61989.638126000005,2026-04-12T20:49:10.635056Z,2026-05-10T11:35:00Z,0,37001953610529321038759866513842844671350296612711786711407016376594447618788,"sports,games,soccer,chinese-super-league",Sports,0.565
2141156,Pakistan Super League: Peshawar Zalmi vs Hyderabad Kingsmen,cricpsl-pes-hyd-2026-05-03,Sports,179099.052571,2026-05-02T16:11:07.680487Z,2026-05-10T10:00:00Z,1,62839863276597852431448602568878338146699989679879360454404800204077528037310,"sports,games,cricket,pakistan-super-league",Sports,0.565
1968449,EC Bahia vs. Cruzeiro EC: O/U 2.5,bra-bah-cru-2026-05-09-total-2pt5,Sports,89080.66955299991,2026-04-13T12:05:14.74216Z,2026-05-10T00:00:00Z,1,41803857028307522514677924447511693511766912286381112043071070809537538847384,"sports,games,soccer,brazil-serie-a",Sports,0.47
2088202,Will FK Pardubice vs. MFK Karviná end in a draw?,cze1-fkp-mfk-2026-05-10-draw,Sports,10071.67219,2026-04-26T19:11:01.897709Z,2026-05-10T13:00:00Z,0,31915207190783868966101459491907511980243505728969519334358008073075022028338,"sports,games,soccer",Sports,0.265
2083051,Spread: FC St. Pauli 1910 (-1.5),bun-lei-pau-2026-05-09-spread-away-1pt5,Sports,15488.791104999997,2026-04-26T05:04:54.720971Z,2026-05-09T13:30:00Z,0,75409583394594726608944023082261998754886402509979465594489864975771004561894,"sports,games,soccer,bundesliga",Sports,0.0265
1970208,Nagoya Grampus vs. Kyōto Sanga FC: O/U 2.5,j1100-ngr-kyo-2026-05-10-total-2pt5,Sports,26795.443087000007,2026-04-13T15:47:41.55606Z,2026-05-10T07:00:00Z,1,92334826460397950280055415977812449903551696895102118355929664329003022911098,"sports,japan-j-league,games,soccer",Sports,0.49
2091288,Will Everton FC win on 2026-05-10?,epl-cry-eve-2026-05-10-eve,Sports,359453.4931190014,2026-04-27T04:12:35.231201Z,2026-05-10T13:00:00Z,0,82226702254824690004239434224649672547743284240991095158041009215282777444272,"sports,games,soccer,premier-league,EPL",Sports,0.395
2142077,LoL: Kiwoom DRX vs Hanwha Life Esports - Game 1 Winner,lol-drx-hle1-2026-05-10-game1,Sports,407210.6838540001,2026-05-02T18:48:05.589049Z,2026-05-10T16:15:00Z,1,42566508462203523549201310720534057695323855771580323704580407321396875372929,"sports,esports,league-of-legends,games",Sports,0.135
2091234,Will Nottingham Forest FC vs. Newcastle United FC end in a draw?,epl-not-new-2026-05-10-draw,Sports,418945.8746970006,2026-04-27T04:16:49.750959Z,2026-05-10T13:00:00Z,1,20141897725812811113390278192533155740079859770422801461532399595457269362515,"sports,games,soccer,premier-league,EPL",Sports,0.265
2154495,LoL: Fukuoka SoftBank Hawks Gaming vs GAM Esports - Game 2 Winner,lol-shg-gam-2026-05-10-game2,Sports,57683.269341,2026-05-04T11:38:19.341786Z,2026-05-10T17:15:00Z,0,90049453640596527717874057571292747278567681867154433142243307778945244011481,"sports,esports,league-of-legends,games",Sports,0.57
2093052,Spread: Athletic Club (-1.5),lal-bil-val-2026-05-10-spread-home-1pt5,Sports,23255.571352000006,2026-04-27T07:02:52.210645Z,2026-05-10T14:15:00Z,0,5108449094216298212232270308137399286106385654921401669629111159115869780513,"sports,games,soccer,la-liga",Sports,0.305
2140973,Wuxi: Akira Santillan vs Coleman Wong,atp-santill-wong-2026-05-03,Sports,39522.43353900001,2026-05-02T16:05:12.863167Z,2026-05-11T03:00:00Z,1,106037151972004945814503451953242535145703532159896092605535501913543806641108,"tennis,sports,games",Sports,0.165
2140935,Wuxi: Alex Bolt vs Fajing Sun,atp-bolt-su-2026-05-03,Sports,152980.47816399994,2026-05-02T16:04:11.959747Z,2026-05-11T03:00:00Z,0,73863880390917212505890944867012960391445204504761537765046920395813244740539,"tennis,sports,games",Sports,0.545
2142031,LoL: Nongshim Red Force vs HANJIN BRION - Game 1 Winner,lol-ns-bro2-2026-05-09-game1,Sports,509052.27200600045,2026-05-02T18:45:57.99843Z,2026-05-09T16:10:00Z,0,40142489396684947324094494269891276270352828027983376422038784523381122928684,"sports,esports,league-of-legends,games",Sports,0.55
2217181,Houston Astros vs. Cincinnati Reds: O/U 7.5,mlb-hou-cin-2026-05-09-total-7pt5,Sports,20334.119999999995,2026-05-09T20:29:45.144182Z,2026-05-09T20:10:00Z,0,48028754231402544631174850981524572501396691002721979391393600205704458966545,"sports,baseball,mlb,games",Sports,0.0005
2190422,Valorant: XLG Gaming vs Dragon Ranger Gaming - Map 3 Winner,val-xlg-drg-2026-05-09-game3,Sports,29834.1725,2026-05-08T17:03:22.453871Z,2026-05-09T14:00:00Z,0,83952169445733262448586699210064458834708631676960334663438639893290644044445,"sports,esports,games,valorant",Sports,0.0005
2220481,Athletics vs. Baltimore Orioles: O/U 10.5,mlb-oak-bal-2026-05-10-total-10pt5,Sports,191583.84758499995,2026-05-10T05:07:26.322808Z,2026-05-10T17:35:00Z,0,92014528937188478654463767546416956568172578256767263892902401683747541209356,"sports,baseball,mlb,games",Sports,0.0005
2083228,Liverpool FC vs. Chelsea FC: O/U 3.5,epl-liv-che-2026-05-09-total-3pt5,Sports,291587.7912700008,2026-04-26T05:05:31.405008Z,2026-05-09T11:30:00Z,0,15743581122510937759698305112922935052175369032525455114824099280111854180801,"sports,games,soccer,premier-league,EPL",Sports,0.455
2152555,Spurs vs. Timberwolves,nba-sas-min-2026-05-10,Sports,8023685.687903052,2026-05-04T04:04:21.954424Z,2026-05-10T23:30:00Z,0,86255069788054401001410235574609972397532509074163607443298886063446696622457,"sports,nba,games,basketball",Sports,0.635
2083851,Elche CF vs. Deportivo Alavés: O/U 4.5,lal-elc-ala-2026-05-09-total-4pt5,Sports,17886.436958000002,2026-04-26T07:02:59.647019Z,2026-05-09T12:00:00Z,0,33552244320781452493875598728490928309150837179312107250311887506653821166305,"sports,games,soccer,la-liga",Sports,0.125
2082140,Will Sunderland AFC win on 2026-05-09?,epl-sun-mun-2026-05-09-sun,Sports,368341.7010139998,2026-04-26T04:05:25.705798Z,2026-05-09T14:00:00Z,0,71101450483793606294316899802480233274819763426522779192378863295495226965635,"sports,games,soccer,premier-league,EPL",Sports,0.245
2093301,Real Madrid vs. CB Murcia,bkligend-rea-cb2-2026-05-03,Sports,11278.800932000002,2026-04-27T07:32:33.573473Z,2026-05-10T15:00:00Z,1,74508274877037211354133119437870782531122706991207204091618878450392915200758,"sports,games,basketball,liga-endesa",Sports,0.74
2202792,Dota 2: PlayTime vs PARIVISION - Game 2 Winner,dota2-playti-pari-2026-05-09-game2,Sports,147279.84442699995,2026-05-09T05:42:14.102774Z,2026-05-09T22:00:00Z,1,68403404870329235074169839075350201306281428927624115346698926258538901834357,"sports,esports,games,dota-2",Sports,0.9995
2089892,Will Genoa CFC win on 2026-05-10?,sea-fio-gen-2026-05-10-gen,Sports,114264.37409899995,2026-04-26T23:05:40.022747Z,2026-05-10T13:00:00Z,0,97306236001095196726665188213083651408651270921462610770101366472977498881176,"sports,games,soccer,sea",Sports,0.245
2092451,US Cremonese vs. Pisa SC: O/U 1.5,sea-cre-pis-2026-05-10-total-1pt5,Sports,32195.700552000035,2026-04-27T05:09:48.267409Z,2026-05-10T13:00:00Z,1,109602828772049210863012027946800625381444879460663197304968797327645289218722,"sports,games,soccer,sea",Sports,0.705
2158594,Counter-Strike: TheMongolz vs magic - Map 2 Winner,cs2-mglz-mgc-2026-05-09-game2,Sports,126472.16316299999,2026-05-04T18:05:39.893782Z,2026-05-09T12:50:00Z,1,88682046492825777397242986279229875713483322331604632364811278232533210211895,"sports,esports,games,counter-strike-2",Sports,0.69
1961792,Will FC Machida Zelvia win on 2026-05-10?,j1100-jef-zel-2026-05-10-zel,Sports,54301.87414599998,2026-04-12T19:35:17.618968Z,2026-05-10T08:00:00Z,1,96029028757131481784886423077472537568706094799170654607051549827023922368526,"sports,japan-j-league,games,soccer",Sports,0.535
2088138,Burgos CF vs. UD Almería: O/U 1.5,es2-bur-alm-2026-05-09-total-1pt5,Sports,17584.847716999993,2026-04-26T19:04:51.156178Z,2026-05-09T14:15:00Z,0,57021260177708100588875540530057295988869120577203279847986954833329162970843,"sports,games,soccer,la-liga-2",Sports,0.74
2210368,Counter-Strike: MASQ vs Oldboys (BO3) - United21 Group A,cs2-masq-oldboy-2026-05-10,Sports,26926.027170999998,2026-05-09T12:53:43.282835Z,2026-05-10T14:10:00Z,1,18631035574237604206862814458554456565355828401545163422396403097976389733416,"sports,esports,games,counter-strike-2",Sports,0.9995
2092848,Will Granada CF win on 2026-05-10?,es2-cor-gra-2026-05-10-gra,Sports,20254.208291999992,2026-04-27T06:05:58.165967Z,2026-05-10T16:30:00Z,0,106652560948203539148454399795266276755471687313075765702699350632689772537202,"sports,games,soccer,la-liga-2",Sports,0.2
2092393,Parma Calcio 1913 vs. AS Roma: O/U 4.5,sea-par-rom-2026-05-10-total-4pt5,Sports,11793.386759999996,2026-04-27T05:04:22.255592Z,2026-05-10T16:00:00Z,1,7324826430070827605581133200976301556168021123185647380743733078770147415773,"sports,games,soccer,sea",Sports,0.11
2217277,Counter-Strike: TDK vs Nuclear TigeRES (BO3) - NODWIN Clutch Series Group Stage,cs2-tdk-ntr-2026-05-10,Sports,29486.801889000028,2026-05-09T21:43:28.155767Z,2026-05-10T23:45:00Z,0,72194878156381820820543738556324772922078508074864986947117250005980005573319,"sports,esports,games,counter-strike-2",Sports,0.515
1962791,Will Vegalta Sendai win on 2026-05-10?,j2100-van-veg-2026-05-10-veg,Sports,14187.40893200001,2026-04-12T21:50:15.282048Z,2026-05-10T05:00:00Z,0,87910360846933144311520975030117112276168654542440208756428248953137393853752,"sports,japan-j2-league,games,soccer",Sports,0.47
2218036,Dota 2: 1win vs PARIVISION (BO3) - 1win Essence Playoffs,dota2-1win-pari-2026-05-10,Sports,72563.54893600004,2026-05-09T22:42:54.577636Z,2026-05-10T22:00:00Z,0,93007339191412447749912026978878189314672171467213551127919975777999923025356,"sports,esports,games,dota-2",Sports,0.195
2154471,LoL: DetonatioN FocusMe vs Deep Cross Gaming - Game 2 Winner,lol-dfm-dcg-2026-05-10-game2,Sports,13063.278815999996,2026-05-04T11:26:05.916738Z,2026-05-10T15:15:00Z,0,19327412664259233009381077657196767911303987883786853392729645562468125996148,"sports,esports,league-of-legends,games",Sports,0.255
2091221,Will AS Monaco FC win on 2026-05-10?,fl1-asm-lil-2026-05-10-asm,Sports,47770.35032700002,2026-04-27T04:05:51.294191Z,2026-05-10T19:00:00Z,0,42587914289425588759955875841398380952403036292772363273179598340525810849270,"sports,games,soccer,ligue-1",Sports,0.395
2221028,Counter-Strike: Isurus vs Turma do Pagode - Map 1 Winner,cs2-isg-tdp-2026-05-10-game1,Sports,11144.692150000003,2026-05-10T07:53:35.12381Z,2026-05-10T21:00:00Z,1,2575502411939609274597604738273755766430838687354967759048716494472121291003,"sports,esports,games,counter-strike-2",Sports,0.325
2091232,Will SC Preußen Münster win on 2026-05-10?,bl2-mun-svd-2026-05-10-mun,Sports,17559.953202,2026-04-27T04:05:34.264083Z,2026-05-10T11:30:00Z,0,15067763433690931722982360712901967360602662776597743595680365598579303053457,"sports,games,soccer,bundesliga-2",Sports,0.405
2216441,Colorado Rockies vs. Philadelphia Phillies: O/U 8.5,mlb-col-phi-2026-05-10-total-8pt5,Sports,16614.739799999996,2026-05-09T20:34:51.558215Z,2026-05-10T17:35:00Z,0,80641717133265738423833531167989604649104012382078498892529992335718717902677,"sports,baseball,mlb,games",Sports,0.485
2091283,Will Toulouse FC win on 2026-05-10?,fl1-tou-lyo-2026-05-10-tou,Sports,164722.07952600016,2026-04-27T04:31:27.938691Z,2026-05-10T19:00:00Z,1,36477006946956806683400771862694419897857136496730329645898462292391665584723,"sports,games,soccer,ligue-1",Sports,0.225
1961785,Will Kashiwa Reysol vs. Kawasaki Frontale end in a draw?,j1100-rey-kaw-2026-05-10-draw,Sports,21907.96421200003,2026-04-12T19:34:33.883657Z,2026-05-10T07:00:00Z,0,25609238368694579271893246211690503434775147073309967341991587876353594895717,"sports,japan-j-league,games,soccer",Sports,0.255
1960328,Nashville SC vs. D.C. United SC: O/U 2.5,mls-nas-dcu-2026-05-09-total-2pt5,Sports,21781.663079,2026-04-12T17:10:52.943886Z,2026-05-10T01:00:00Z,1,23119668472828833655153384003415590024912873979844801097960856544363020123363,"sports,games,soccer,mls",Sports,0.495
2091279,Will SpVgg Greuther Fürth win on 2026-05-10?,bl2-ber-fur-2026-05-10-fur,Sports,15258.415211999998,2026-04-27T04:31:47.010553Z,2026-05-10T11:30:00Z,0,50240359154559757320554151121104607935789120241591069853503966449024573948171,"sports,games,soccer,bundesliga-2",Sports,0.255
2051643,Will Kimi Antonelli win the 2026 F1 Miami Grand Prix?,f1-miami-grand-prix-winner-antonelli-2026-05-03,Sports,349807.2214630001,2026-04-22T11:35:14.243712Z,2026-05-10T20:00:00Z,1,106027180529859990134554338676947928564315668478221038098271113265356917896411,"formula1,f1,sports,grand-prix,games",Sports,0.37
2088183,Will FK Mladá Boleslav win on 2026-05-09?,cze1-fmb-fcz-2026-05-09-fmb,Sports,10173.808994000003,2026-04-26T19:12:56.401518Z,2026-05-09T12:00:00Z,0,338607906250025109932511926426231887406769902638380867033105290343775493257,"sports,games,soccer",Sports,0.52
1959592,Will Atlanta United FC vs. Los Angeles Galaxy end in a draw?,mls-atl-lag-2026-05-09-draw,Sports,15109.462494,2026-04-12T16:14:12.217907Z,2026-05-09T23:30:00Z,0,36748064366030137637173418350359507755612029193093568489219627919290820323673,"sports,games,soccer,mls",Sports,0.265
2083811,Will Clermont Foot 63 win on 2026-05-09?,fr2-clf-gui-2026-05-09-clf,Sports,56665.23420099998,2026-04-26T07:06:31.579687Z,2026-05-09T18:00:00Z,1,85064010345953353569423476336257380655381252409440907808719344131723098237129,"sports,games,soccer,ligue-2",Sports,0.345
2083801,Real Sociedad de Fútbol vs. Real Betis Balompié: O/U 1.5,lal-rso-bet-2026-05-09-total-1pt5,Sports,43796.71999499999,2026-04-26T07:03:38.372143Z,2026-05-09T19:00:00Z,1,28933399500666764565392988542341510993375521650335824130608495116782561450403,"sports,games,soccer,la-liga",Sports,0.815
2080739,Will US Lecce vs. Juventus FC end in a draw?,sea-lec-juv-2026-05-09-draw,Sports,33475.393900999974,2026-04-25T23:04:32.129202Z,2026-05-09T18:45:00Z,0,100526881650653781681283486406277425622226701237772523550822227194371051598701,"sports,games,soccer,sea",Sports,0.205
2173730,CA Boca Juniors vs. CA Huracán: O/U 2.5,arg-boc-cah-2026-05-09-total-2pt5,Sports,11241.955894999997,2026-05-06T10:05:34.037662Z,2026-05-09T22:00:00Z,0,33554660515538898453702845004466766258566309625545943454823740725926473324174,"sports,games,soccer,arg",Sports,0.31
2214536,Counter-Strike: K27 vs Gentle Mates - Map 1 Winner,cs2-k271-m8-2026-05-10-game1,Sports,70244.10620700003,2026-05-09T17:38:36.119868Z,2026-05-10T09:00:00Z,0,70057285552066040242474875141776247000657488899409758734681220041777124304539,"sports,esports,games,counter-strike-2",Sports,0.445
2167180,LoL: G2 Esports vs GIANTX (BO3) - LEC Regular Season,lol-g2-gx-2026-05-09,Sports,219767.62614299986,2026-05-05T17:33:30.701941Z,2026-05-09T20:00:00Z,1,44516963686356786642478827934473618358082638860850019423813691933236890273598,"sports,esports,league-of-legends,games",Sports,0.845
2091243,Will Hamburger SV vs. SC Freiburg end in a draw?,bun-hsv-fre-2026-05-10-draw,Sports,43260.87494400002,2026-04-27T04:11:17.349332Z,2026-05-10T13:30:00Z,0,64505061986568082358819371259798293671545022143091400207268474686608957836764,"sports,games,soccer,bundesliga",Sports,0.255
2093067,RCD Mallorca vs. Villarreal CF: O/U 1.5,lal-mal-vil-2026-05-10-total-1pt5,Sports,17632.21735099999,2026-04-27T07:03:13.246883Z,2026-05-10T12:00:00Z,1,76577067358453355899075841639097303798329298256292226440832736158517627351127,"sports,games,soccer,la-liga",Sports,0.805
2142032,LoL: Nongshim Red Force vs HANJIN BRION - Game 2 Winner,lol-ns-bro2-2026-05-09-game2,Sports,1245365.5414079968,2026-05-02T18:45:14.349892Z,2026-05-09T16:10:00Z,0,37203569490506500147549967585543899753744170614081441657183589630073286617660,"sports,esports,league-of-legends,games",Sports,0.545
2083033,VfL Wolfsburg vs. FC Bayern München: Both Teams to Score,bun-wol-bay-2026-05-09-btts,Sports,13434.091152999994,2026-04-26T05:09:55.783974Z,2026-05-09T16:30:00Z,0,4441135543422672256672251340795606620383463932884303841056012048283516777091,"sports,games,soccer,bundesliga",Sports,0.715
2214653,Valorant: EDward Gaming vs XLG Gaming - Map 4 Winner,val-edg1-xlg-2026-05-10-game4,Sports,62692.726670000004,2026-05-09T16:29:55.299038Z,2026-05-10T15:30:00Z,0,107982402947211197293870180028405744338395346520061865432502374733373918980390,"sports,esports,games,valorant",Sports,0.56
2017279,Will the fight be won by submission?,ufc-sea2-kha7-2026-05-09-win-by-submission,Sports,104889.90393700005,2026-04-18T22:03:35.623438Z,2026-05-10T03:59:59.999Z,0,16892608537604780311427424981818678058817656315013996055467554463102763283724,"sports,ufc,games",Sports,0.49
2085839,Milwaukee Brewers vs. Washington Nationals,mlb-mil-wsh-2026-05-02,Sports,257413.90083499995,2026-04-26T13:02:54.020653Z,2026-05-09T20:05:00Z,1,80024086797915783976513500435130459478643345084699261357057361783855102661880,"sports,games,mlb,baseball",Sports,0.555
2094573,Will Celtic FC win on 2026-05-10?,scop-cel-ran-2026-05-10-cel,Sports,99569.08753300019,2026-04-27T09:04:18.441709Z,2026-05-10T11:00:00Z,1,17168195716682681242538425280360905524198184763629225468540896911835922283484,"sports,games,soccer,scottish-premiership",Sports,0.495
2082147,Will SV Werder Bremen win on 2026-05-09?,bun-hof-wer-2026-05-09-wer,Sports,89268.80112099997,2026-04-26T04:10:21.634452Z,2026-05-09T13:30:00Z,0,73142401994768980722802325835711122705948744246669678744579700463402294352397,"sports,games,soccer,bundesliga",Sports,0.155
2186071,Pistons vs. Cavaliers: O/U 212.5,nba-det-cle-2026-05-09-total-212pt5,Sports,346617.2724519995,2026-05-08T02:12:33.946549Z,2026-05-09T19:00:00Z,1,90538908778993076244585822766363592892105992531150837082634151213899822561621,"sports,basketball,nba,games",Sports,0.495
2090832,Indian Premier League: Sunrisers Hyderabad vs Kolkata Knight Riders,cricipl-sun-kol-2026-05-03,Sports,1874096.586053004,2026-04-27T02:16:45.817624Z,2026-05-10T10:00:00Z,0,86712995773477803401168622307843822166384132094473734469591886969894366360587,"sports,indian-premier-league,games,cricket",Sports,0.605
2207426,Counter-Strike: Favbet vs Oxuji Esports (BO3) - CCT Europe Series 1 Group Stage,cs2-fav-oxuji-2026-05-10,Sports,87696.83944699999,2026-05-09T13:29:44.525076Z,2026-05-10T20:10:00Z,0,5151801617112887681892185337259203066739947243519356725791503945289406318117,"sports,esports,games,counter-strike-2",Sports,0.665
2083144,Sunderland AFC vs. Manchester United FC: Both Teams to Score,epl-sun-mun-2026-05-09-btts,Sports,31491.955308000008,2026-04-26T05:06:49.473422Z,2026-05-09T14:00:00Z,0,6518008113447902959329493173657425958022762658380633690516570019996339926851,"sports,games,soccer,premier-league,EPL",Sports,0.585
2204274,Knicks vs. 76ers: O/U 212.5,nba-nyk-phi-2026-05-10-total-212pt5,Sports,85074.25674999994,2026-05-09T08:50:04.869627Z,2026-05-10T19:30:00Z,1,72913602503902864138994826215573257577981003675644188004409610180375914070074,"sports,basketball,nba,games",Sports,0.515
2184841,Valorant: Team Heretics vs BBL Esports - Map 2 Winner,val-th1-bbl1-2026-05-09-game2,Sports,50912.30377400002,2026-05-07T22:12:33.994525Z,2026-05-09T19:00:00Z,1,39229910091519830011689522763096264626637965424229410165875524173255060126614,"sports,esports,games,valorant",Sports,0.58
2148564,Avalanche vs. Wild,nhl-col-min-2026-05-09,Sports,490249.165865999,2026-05-03T15:34:50.494804Z,2026-05-10T01:00:00Z,0,23745633139152108378331759838805486309981881204478353423024155026141755073132,"sports,nhl,games,hockey",Sports,0.555
1969708,Will AFC Ajax vs. FC Utrecht end in a draw?,ere-aja-utr-2026-05-10-draw,Sports,16357.872582999995,2026-04-13T14:34:58.984031Z,2026-05-10T14:45:00Z,0,10652304482421246691533468359741693484062818149559736887817419748270954711817,"sports,games,soccer,ere",Sports,0.215
2158626,Counter-Strike: PARIVISION vs 9z (BO3) - PGL Astana Group Stage,cs2-prv-9z-2026-05-09,Sports,615248.3367890004,2026-05-04T18:05:15.725548Z,2026-05-09T17:40:00Z,0,56929274879799539167707497944735127570714835409994178581281695175443289123663,"sports,esports,games,counter-strike-2",Sports,0.715
2214580,Counter-Strike: PARIVISION vs Fisher College - Map 1 Winner,cs2-prv-fc-2026-05-10-game1,Sports,16538.064440000002,2026-05-09T18:13:17.261605Z,2026-05-10T16:05:00Z,1,31430067776572829008821041592799654491338055498586092637683988175241465844027,"sports,esports,games,counter-strike-2",Sports,0.9995
2092430,Hamburger SV vs. SC Freiburg: O/U 4.5,bun-hsv-fre-2026-05-10-total-4pt5,Sports,60579.75767099999,2026-04-27T05:17:30.21282Z,2026-05-10T13:30:00Z,1,99627797626910102202858873774811761078759351691120726711858647384286898937495,"sports,games,soccer,bundesliga",Sports,0.18
2214550,Map Handicap: TS (-1.5) vs TheMongolz (+1.5),cs2-mglz-ts7-2026-05-10-map-handicap-home-1pt5,Sports,60387.86728300005,2026-05-09T17:46:57.013956Z,2026-05-10T14:40:00Z,1,52682969733338101497203746688560157053868690724889013362924054135662547430255,"sports,esports,games,counter-strike-2",Sports,0.9995
1970546,Qingdao Xihaian FC vs. Wuhan San Zhen FC: Both Teams to Score,chi-qin-wsz-2026-05-10-btts,Sports,27515.622539999997,2026-04-13T16:16:00.299122Z,2026-05-10T09:30:00Z,1,96528263816444589365210586808003742922482519130972156272859764263872549623005,"sports,games,soccer,chinese-super-league",Sports,0.52
1960458,CF Montréal vs. Orlando City SC: O/U 1.5,mls-mim-orl-2026-05-09-total-1pt5,Sports,16751.94432300001,2026-04-12T17:09:44.918887Z,2026-05-09T20:30:00Z,1,78382623207917263712068085749083070481774173944192328465033178886751725489428,"sports,games,soccer,mls",Sports,0.845
1961440,Will Cruzeiro EC win on 2026-05-09?,bra-bah-cru-2026-05-09-cru,Sports,42663.26541799998,2026-04-12T19:07:27.845365Z,2026-05-10T00:00:00Z,1,25104730921394952757109915963083670098215321503075517531865358556283434427660,"sports,games,soccer,brazil-serie-a",Sports,0.245
2096054,Los Angeles Dodgers vs. St. Louis Cardinals,mlb-lad-stl-2026-05-03,Sports,783485.2324970021,2026-04-27T13:03:51.61504Z,2026-05-10T18:15:00Z,1,49068070454116326100263912591671397575311648850824080574866427904859524462308,"games,mlb,baseball,sports",Sports,0.575
2217207,Washington Nationals vs. Miami Marlins: O/U 10.5,mlb-wsh-mia-2026-05-09-total-10pt5,Sports,11922.240120999999,2026-05-09T20:57:02.739256Z,2026-05-09T20:10:00Z,1,82036291131550669193952929925505262382261665184048983460171113808160337198628,"sports,baseball,mlb,games",Sports,0.9995
2158617,Counter-Strike: Team Falcons vs K27 - Map 2 Winner,cs2-fal2-k271-2026-05-09-game2,Sports,131726.08913199994,2026-05-04T18:08:04.335224Z,2026-05-09T16:25:00Z,1,100827755865887863875983021175819101837352724334346993158305875521824244716851,"sports,esports,games,counter-strike-2",Sports,0.815
2092513,FC Metz vs. FC Lorient: O/U 3.5,fl1-met-lor-2026-05-10-total-3pt5,Sports,12163.936508999997,2026-04-27T05:13:33.425113Z,2026-05-10T19:00:00Z,1,100847819446475860494191179003027137569063375233158739510079592851093316325240,"sports,games,soccer,ligue-1",Sports,0.355
2125256,Göztepe SK vs. Gaziantep FK: O/U 2.5,tur-goz-gfk-2026-05-09-total-2pt5,Sports,13126.108155000004,2026-04-30T14:02:51.897138Z,2026-05-09T17:00:00Z,1,34017391101569632448795756981845247043949659660636855031567951744349337695136,"sports,games,soccer,tur",Sports,0.555
2154493,LoL: Fukuoka SoftBank Hawks Gaming vs GAM Esports - Game 1 Winner,lol-shg-gam-2026-05-10-game1,Sports,31891.174584000004,2026-05-04T11:27:34.078445Z,2026-05-10T17:15:00Z,0,4070548885486739086465283109168363303699771823653372273186390248653094140682,"sports,esports,league-of-legends,games",Sports,0.57
2216725,Thunder vs. Lakers: O/U 210.5,nba-okc-lal-2026-05-09-total-210pt5,Sports,84932.79850700003,2026-05-09T19:30:12.753532Z,2026-05-10T00:30:00Z,1,60780902897363539581341571665067939679962042875661771411063995560783185912508,"sports,basketball,nba,games",Sports,0.515
1959609,Will FC Dallas vs. Real Salt Lake end in a draw?,mls-dal-rsl-2026-05-09-draw,Sports,44260.13765100001,2026-04-12T16:23:01.605291Z,2026-05-10T00:30:00Z,0,79906438191485922460988936564736630597563236575788681845844873888594286177973,"sports,games,soccer,mls",Sports,0.255
2143107,"UFC 328: Jim Miller vs. Jared Gordon (Lightweight, Prelims)",ufc-jim2-jar1-2026-05-09,Sports,1148344.610402999,2026-05-02T22:03:24.25842Z,2026-05-10T03:59:59.999Z,1,67946545388205180608439116492143246246468592197883782661874312545905047606572,"sports,ufc,games",Sports,0.295
1970252,Yokohama F·Marinos vs. Kashima Antlers: O/U 1.5,j1100-yom-kas-2026-05-10-total-1pt5,Sports,10251.370623,2026-04-13T15:48:09.762089Z,2026-05-10T05:00:00Z,1,33161860550301949857735811745841041937703585282202517887870531077930934992661,"sports,japan-j-league,games,soccer",Sports,0.74
1970421,Qingdao Hainiu FC vs. Dalian Yingbo FC: O/U 4.5,chi-hai-ygb-2026-05-10-total-4pt5,Sports,20609.978255000016,2026-04-13T16:04:02.821399Z,2026-05-10T12:00:00Z,0,80036559878181282922746231892632860436647995878121307345650350993872166148481,"sports,games,soccer,chinese-super-league",Sports,0.15
2092838,Will Real Oviedo vs. Getafe CF end in a draw?,lal-ovi-get-2026-05-10-draw,Sports,191998.054214,2026-04-27T06:06:08.052116Z,2026-05-10T16:30:00Z,1,24027697545089355109583247798948034152126801241580363437889033307459329309367,"sports,games,soccer,la-liga",Sports,0.305
1962223,Will Shenzhen Xinpengcheng FC win on 2026-05-10?,chi-xin-sha-2026-05-10-xin,Sports,10154.989399000004,2026-04-12T20:49:54.492968Z,2026-05-10T12:00:00Z,0,36142885425451174548557559814806176795488054004704661588754360628525219688034,"sports,games,soccer,chinese-super-league",Sports,0.255
2158619,Map Handicap: FAL (-1.5) vs K27 (+1.5),cs2-fal2-k271-2026-05-09-map-handicap-away-1pt5,Sports,290237.4293780002,2026-05-04T18:03:07.907935Z,2026-05-09T16:25:00Z,1,45258175377396039743138769185470548161125858492519267967014007335143564268708,"sports,esports,games,counter-strike-2",Sports,0.635
1969701,Will FC Twente '65 win on 2026-05-10?,ere-twe-spa-2026-05-10-twe,Sports,18001.125971,2026-04-13T14:35:10.24845Z,2026-05-10T14:45:00Z,1,11868287158770046453191445180877563491844337187146981936710454096236479444656,"sports,games,soccer,ere",Sports,0.715
2083138,TSG 1899 Hoffenheim vs. SV Werder Bremen: O/U 4.5,bun-hof-wer-2026-05-09-total-4pt5,Sports,14377.578974999997,2026-04-26T05:10:24.316684Z,2026-05-09T13:30:00Z,0,63124370224205035038302554723022785994883168269260387167711030632448225428217,"sports,games,soccer,bundesliga",Sports,0.305
2214537,Counter-Strike: K27 vs Gentle Mates - Map 2 Winner,cs2-k271-m8-2026-05-10-game2,Sports,142584.9766849999,2026-05-09T15:43:58.140321Z,2026-05-10T09:00:00Z,1,44647506968310507652216226279449237563266706289785850015971537418114225941241,"sports,esports,games,counter-strike-2",Sports,0.495
2080735,Will SS Lazio win on 2026-05-09?,sea-laz-int-2026-05-09-laz,Sports,50212.02810200002,2026-04-25T23:04:55.057431Z,2026-05-09T16:00:00Z,0,56287865389131861053026371242619876809354584983221567674868235752040518028199,"sports,games,soccer,sea",Sports,0.215
2092843,Will FC Barcelona win on 2026-05-10?,lal-bar-rea-2026-05-10-bar,Sports,10618784.457511151,2026-04-27T06:05:23.486684Z,2026-05-10T19:00:00Z,1,17308554830612181239994496683403599194797416212972952180907211596081025105494,"sports,games,soccer,la-liga",Sports,0.595
2083850,Elche CF vs. Deportivo Alavés: O/U 3.5,lal-elc-ala-2026-05-09-total-3pt5,Sports,19752.269098000004,2026-04-26T07:03:09.847322Z,2026-05-09T12:00:00Z,0,11415190872917439850390431905938724723497710092037843982700119882456972434291,"sports,games,soccer,la-liga",Sports,0.275
2212120,1H Spread: Thunder (-4.5),nba-okc-lal-2026-05-09-1h-spread-away-4pt5,Sports,11411.395421999998,2026-05-09T14:04:55.823109Z,2026-05-10T00:30:00Z,0,87484538098467072447123884146358449846580769921266992198805102784666757534772,"sports,basketball,nba,games",Sports,0.485
2142055,LoL: T1 vs Dplus KIA - Game 2 Winner,lol-t1-dk-2026-05-10-game2,Sports,843152.3695450015,2026-05-02T18:44:46.293202Z,2026-05-10T12:00:00Z,1,4596115941935882602988372966565512606866172222753124207187751474342197417148,"sports,esports,league-of-legends,games",Sports,0.595
2051636,Will Fernando Alonso win the 2026 F1 Miami Grand Prix?,f1-miami-grand-prix-winner-alonso-2026-05-03,Sports,10227.415318,2026-04-22T11:34:40.387482Z,2026-05-10T20:00:00Z,0,60698424204153847738065377345645190367942175733843404518038695837247012739637,"formula1,f1,sports,grand-prix,games",Sports,0.0005
2192052,St. Louis Cardinals vs. San Diego Padres: O/U 8.5,mlb-stl-sd-2026-05-09-total-8pt5,Sports,14963.691066000001,2026-05-08T18:47:47.083324Z,2026-05-09T23:15:00Z,0,14969083215507127312796909750105155595045025138269474924798717905692200920180,"sports,baseball,mlb,games",Sports,0.455
2148562,Hurricanes vs. Flyers: O/U 6.5,nhl-car-phi-2026-05-09-total-6pt5,Sports,17630.836355999996,2026-05-03T15:32:59.826703Z,2026-05-09T22:00:00Z,0,104066962420467784333768474928709574539471327840211554352451190453734870524021,"sports,nhl,hockey,games",Sports,0.325
2192043,Spread: Chicago Cubs (-1.5),mlb-chc-tex-2026-05-09-spread-away-1pt5,Sports,20738.374457000013,2026-05-08T18:56:44.572879Z,2026-05-09T23:05:00Z,0,38206118594224380340432544376516080887301901236654276690587535189048831655082,"sports,baseball,mlb,games",Sports,0.435
2223639,Counter-Strike: Walczaki vs Nemiga (BO3) - BC Game Masters Europe Series #1 Playoffs,cs2-wal2-nemi1-2026-05-10,Sports,74589.24254499997,2026-05-10T16:39:07.413954Z,2026-05-10T23:15:00Z,1,67774934940136953617480120575899069202247437675256441697708556906276311516939,"sports,esports,games,counter-strike-2",Sports,0.9995
2092446,Spread: US Cremonese (-2.5),sea-cre-pis-2026-05-10-spread-home-2pt5,Sports,44563.93592199998,2026-04-27T05:03:55.313826Z,2026-05-10T13:00:00Z,1,57502213952432490781639007896076187965736448335190044843257784235876137783450,"sports,games,soccer,sea",Sports,0.115
2091335,Will Angers SCO win on 2026-05-10?,fl1-ang-str-2026-05-10-ang,Sports,49962.17976300001,2026-04-27T04:45:12.63725Z,2026-05-10T19:00:00Z,0,90906833041662899328362375643565377089179542180926119535413022752770970501103,"games,soccer,ligue-1,sports",Sports,0.355
2173311,AVS Futebol vs. FC Porto: O/U 4.5,por-avs-por-2026-05-10-total-4pt5,Sports,13373.845605999999,2026-05-06T09:04:37.986604Z,2026-05-10T17:00:00Z,0,97207836478270070394841254610302473010015455551077308099889465530523968432696,"sports,games,soccer,primeira-liga",Sports,0.225
2091304,Will Arsenal FC win on 2026-05-10?,epl-wes-ars-2026-05-10-ars,Sports,8733707.715119015,2026-04-27T04:11:43.173875Z,2026-05-10T15:30:00Z,1,83723168637461689344171659373209590063356151850233630924810314180898757245166,"sports,games,soccer,premier-league,EPL",Sports,0.635
1977906,Feyenoord Rotterdam vs. AZ: O/U 2.5,ere-fey-az-2026-05-10-total-2pt5,Sports,11183.620329000001,2026-04-14T06:02:56.770206Z,2026-05-10T14:45:00Z,0,60172353657373689676573909913006612004381458376291891915875920783629358699885,"sports,games,soccer,ere",Sports,0.675
1969720,Will PSV win on 2026-05-10?,ere-goa-psv-2026-05-10-psv,Sports,59635.036356000026,2026-04-13T14:36:49.499249Z,2026-05-10T14:45:00Z,1,67966284716335903337857072652936250132571031359201532151721395341173394675108,"sports,games,soccer,ere",Sports,0.595
2017297,Fight to Go the Distance?,ufc-tat1-jos49-2026-05-09-go-the-distance,Sports,18006.122425000005,2026-04-18T22:05:37.933903Z,2026-05-10T03:59:59.999Z,0,36721630725022718851696662200119860108352825417760577688932398993792398040284,"sports,ufc,games",Sports,0.365
2116818,Will Kayserispor win on 2026-05-09?,tur-ala-kay-2026-05-09-kay,Sports,14907.454465999997,2026-04-29T16:19:55.258305Z,2026-05-09T17:00:00Z,0,75810723134763241034300996748553277648345864602095516855248439204608460047758,"sports,games,soccer,tur",Sports,0.315
2138282,Guangdong Southern Tigers vs. Guangzhou Loong Lions,bkcba-gua-gua2-2026-05-03,Sports,29790.384194,2026-05-02T07:32:31.970008Z,2026-05-10T11:35:00Z,1,58546717005855237951324816834311156493073354479929982682109416575079493878496,"sports,games,basketball,cba",Sports,0.825
2092466,Nottingham Forest FC vs. Newcastle United FC: O/U 3.5,epl-not-new-2026-05-10-total-3pt5,Sports,14904.992701000003,2026-04-27T05:05:12.101022Z,2026-05-10T13:00:00Z,0,95569704209724928454731041473333024041693178009656542246120685009667483034922,"sports,games,premier-league,soccer,EPL",Sports,0.335
2080736,Will SS Lazio vs. FC Internazionale Milano end in a draw?,sea-laz-int-2026-05-09-draw,Sports,55493.43390800001,2026-04-25T23:05:02.194331Z,2026-05-09T16:00:00Z,0,275710472905633694945980523958014765144572912499125597666965093620484011717,"sports,games,soccer,sea",Sports,0.265
2083828,Will FC Annecy win on 2026-05-09?,fr2-fca-raf-2026-05-09-fca,Sports,29176.175092999998,2026-04-26T07:04:47.765982Z,2026-05-09T18:00:00Z,0,17734678532251121275574493761285776303443339689371486972229044896141446190707,"sports,games,soccer,ligue-2",Sports,0.44
1959610,Will Real Salt Lake win on 2026-05-09?,mls-dal-rsl-2026-05-09-rsl,Sports,14240.191590999999,2026-04-12T16:23:02.379775Z,2026-05-10T00:30:00Z,0,1822638119861008000192196297621915619027389609664364821086514232061367100700,"sports,games,soccer,mls",Sports,0.315
2148566,Avalanche vs. Wild: O/U 5.5,nhl-col-min-2026-05-09-total-5pt5,Sports,56114.53775500003,2026-05-03T15:34:01.614983Z,2026-05-10T01:00:00Z,1,68916893188881093181382412419464733680740834589700747036100204213754649518105,"sports,nhl,hockey,games",Sports,0.585
2204493,Dota 2: Inner Circle vs Team Lynx (BO3) - European Pro League Playoffs,dota2-ic-lynx-2026-05-09,Sports,30277.483729999993,2026-05-09T06:23:13.379028Z,2026-05-09T21:00:00Z,0,96020319147139751672398941653195743909383334323499151791944072370642147457353,"sports,esports,games,dota-2",Sports,0.49
2038454,Al Najmah Saudi Club vs. Al Hazem SC: O/U 4.5,spl-njm-haz-2026-05-09-total-4pt5,Sports,12487.916975,2026-04-20T23:05:16.625384Z,2026-05-09T16:15:00Z,0,42581702491111579222582429952857076556085204473485614916084062094770594583937,"sports,games,soccer,saudi-professional-league",Sports,0.145
2109804,Will AS FAR win on 2026-05-10?,mar1-hua-asf-2026-05-10-asf,Sports,10113.141998999994,2026-04-28T20:16:22.375108Z,2026-05-10T20:00:00Z,1,36073446291112139807947885582018665858066672175072517618145422738149957385813,"sports,games,soccer",Sports,0.585
2158605,Counter-Strike: Spirit vs The Huns Esports - Map 2 Winner,cs2-ts7-the9-2026-05-09-game2,Sports,58917.52995199995,2026-05-04T18:04:56.184418Z,2026-05-09T16:00:00Z,1,30335686873860775156878283166393677778114462022921315588497416824666352535735,"sports,esports,games,counter-strike-2",Sports,0.905
2082131,Will FC Augsburg vs. Borussia Mönchengladbach end in a draw?,bun-aug-moe-2026-05-09-draw,Sports,94790.855579,2026-04-26T04:05:06.926564Z,2026-05-09T13:30:00Z,0,85126301583955713372231650257906062448651719805600855797795278858685736916645,"sports,games,soccer,bundesliga",Sports,0.255
1970209,Nagoya Grampus vs. Kyōto Sanga FC: O/U 3.5,j1100-ngr-kyo-2026-05-10-total-3pt5,Sports,11319.596335000002,2026-04-13T15:47:39.707478Z,2026-05-10T07:00:00Z,0,108731958245608237795812372197213680221723725870087305063862489260920712660520,"sports,japan-j-league,games,soccer",Sports,0.27
2082153,Will RB Leipzig vs. FC St. Pauli 1910 end in a draw?,bun-lei-pau-2026-05-09-draw,Sports,30652.584722000007,2026-04-26T04:13:09.517745Z,2026-05-09T13:30:00Z,0,30086294038668444081101437591027045949629560901426922827865344138859457392722,"bundesliga,sports,games,soccer",Sports,0.155
2083129,TSG 1899 Hoffenheim vs. SV Werder Bremen: O/U 1.5,bun-hof-wer-2026-05-09-total-1pt5,Sports,24129.49782299999,2026-04-26T05:13:54.700629Z,2026-05-09T13:30:00Z,0,94557487129353799702048325199660075391120247674673630755431081507423881444908,"sports,games,soccer,bundesliga",Sports,0.885
2092494,Hellas Verona FC vs. Como 1907: Both Teams to Score,sea-ver-com-2026-05-10-btts,Sports,24203.723499999996,2026-04-27T05:14:28.910742Z,2026-05-10T10:30:00Z,0,31417393512264507834357937106229830855478002347809135011564883567614951334158,"sports,games,soccer,sea",Sports,0.45
2093049,Real Oviedo vs. Getafe CF: O/U 3.5,lal-ovi-get-2026-05-10-total-3pt5,Sports,13889.342726999997,2026-04-27T07:02:35.726363Z,2026-05-10T16:30:00Z,0,12764325048496337304310529346093731979716317393281653122929544354574751187797,"sports,games,soccer,la-liga",Sports,0.16
2125235,Galatasaray SK vs. Antalyaspor: O/U 4.5,tur-gal-ant-2026-05-09-total-4pt5,Sports,15260.107176999994,2026-04-30T14:07:10.272158Z,2026-05-09T17:00:00Z,1,18407479111638073528615603545618645084849233185787967030130828347318713287708,"sports,games,soccer,tur",Sports,0.305
2158628,Counter-Strike: PARIVISION vs 9z - Map 2 Winner,cs2-prv-9z-2026-05-09-game2,Sports,242466.7462169997,2026-05-04T18:06:38.571088Z,2026-05-09T17:40:00Z,0,66288252340821050777768538805381416712505993798749250511430755421525968588356,"sports,esports,games,counter-strike-2",Sports,0.685
2091278,Will 1. FC Heidenheim 1846 win on 2026-05-10?,bun-koe-hei-2026-05-10-hei,Sports,170699.9199049999,2026-04-27T04:53:45.17823Z,2026-05-10T15:30:00Z,1,41905622702773881746924615460986484868202378825453084241279039036357854357153,"sports,games,soccer,bundesliga",Sports,0.285
2155669,LoL: Disguised vs Dignitas - Game 1 Winner,lol-dsg-dig-2026-05-09-game1,Sports,136165.36874699994,2026-05-04T15:52:55.892714Z,2026-05-10T04:00:00Z,1,11081256968400605168698183667629685860505673903061176615151502472590398777161,"sports,esports,league-of-legends,games",Sports,0.505
2216481,Valorant: Paper Rex vs DRX (BO3) - VCT Pacific Playoffs,val-pr1-drx1-2026-05-10,Sports,82828.23619100005,2026-05-09T19:52:24.970707Z,2026-05-10T17:30:00Z,1,110189437135125782363710378696081722735585065577448712316871868840701609046635,"sports,esports,games,valorant",Sports,0.66
2092424,Hamburger SV vs. SC Freiburg: O/U 3.5,bun-hsv-fre-2026-05-10-total-3pt5,Sports,32806.37972100001,2026-04-27T05:09:46.214316Z,2026-05-10T13:30:00Z,1,93363032503713046514150600486535060158431782874851167897524357762067009157726,"sports,games,soccer,bundesliga",Sports,0.355
2214568,Counter-Strike: FURIA vs Heroic (BO3) - PGL Astana Group Stage,cs2-furia-hero-2026-05-10,Sports,412561.72412999906,2026-05-09T17:56:46.270081Z,2026-05-10T17:20:00Z,1,929754557561956543597855926101463254353561721782771079049956063517612723123,"sports,esports,games,counter-strike-2",Sports,0.895
1959556,Will CF Montréal win on 2026-05-09?,mls-mim-orl-2026-05-09-mim,Sports,124860.51949899987,2026-04-12T16:06:17.354103Z,2026-05-09T20:30:00Z,1,109763616413237058086051806660684327740262416202736462497985722286073650784230,"games,soccer,mls,sports",Sports,0.495
2128360,LoL: Top Esports vs Team WE - Game 1 Winner,lol-tes-we-2026-05-09-game1,Sports,281108.75675100007,2026-04-30T22:45:23.212931Z,2026-05-09T15:00:00Z,1,40858001395005593166683818030633437658309900315978457660249510313992831744344,"sports,esports,league-of-legends,games",Sports,0.76
2091267,Will 1. FC Köln win on 2026-05-10?,bun-koe-hei-2026-05-10-koe,Sports,1338164.670771999,2026-04-27T04:53:24.012531Z,2026-05-10T15:30:00Z,0,53979842027560994817202823695273075003121055640155385301354101593962908536066,"sports,games,soccer,bundesliga",Sports,0.485
2083226,VfB Stuttgart vs. Bayer 04 Leverkusen: O/U 2.5,bun-stu-b04-2026-05-09-total-2pt5,Sports,16350.190421000001,2026-04-26T05:08:09.969476Z,2026-05-09T13:30:00Z,1,938457467412089244777750752485557521417427175682306239466227291850112548398,"sports,games,soccer,bundesliga",Sports,0.715
2092824,Will RCD Mallorca win on 2026-05-10?,lal-mal-vil-2026-05-10-mal,Sports,239966.26371299976,2026-04-27T06:04:27.995025Z,2026-05-10T12:00:00Z,0,91143685105937854361310312297974842267813113286823558937899462024235653833042,"sports,games,soccer,la-liga",Sports,0.395
2154519,LoL: Vivo Keyd Stars vs LOUD - Game 3 Winner,lol-vks-lll-2026-05-10-game3,Sports,121432.6844179999,2026-05-04T11:33:18.66005Z,2026-05-09T22:10:00Z,1,14722368984021425027851038310153652591061245088559862934090097914724212496893,"sports,esports,league-of-legends,games",Sports,0.485
2083794,Will Red Star FC win on 2026-05-09?,fr2-rst-mon-2026-05-09-rst,Sports,20794.350378999992,2026-04-26T07:06:11.098371Z,2026-05-09T18:00:00Z,0,70147881972367164445836660439739265431471439645374889171228433222668366310574,"sports,games,soccer,ligue-2",Sports,0.53
2200971,Dota 2: Yellow Submarine vs Tundra Esports - Game 1 Winner,dota2-yes-tundra-2026-05-09-game1,Sports,68622.28206299992,2026-05-09T09:30:30.48358Z,2026-05-09T13:00:00Z,1,65803381091000918174454811757631346764841351726250943495637039957315236396163,"sports,esports,games,dota-2",Sports,0.9995
2167234,LoL: Karmine Corp vs GIANTX - Game 1 Winner,lol-kc-gx-2026-05-10-game1,Sports,263838.41291799984,2026-05-05T17:32:56.260851Z,2026-05-10T17:00:00Z,1,99690342249949658741525995172056223447352260634232501089340729807579962351368,"sports,esports,league-of-legends,games",Sports,0.715
2217150,Washington Nationals vs. Miami Marlins: O/U 9.5,mlb-wsh-mia-2026-05-09-total-9pt5,Sports,132714.317523,2026-05-09T20:30:25.312807Z,2026-05-09T20:10:00Z,1,114027775338295768267039271617287282167155047906070482193415381453687212345881,"sports,baseball,mlb,games",Sports,0.9995
2089283,"T20 Series Bangladesh vs Sri Lanka, Women: Bangladesh vs Sri Lanka",crint-bgd-lka-2026-05-02,Sports,48407.132005999985,2026-04-26T21:39:58.129209Z,2026-05-09T12:00:00Z,0,55591770998323442024499555879345191580224824136311725267828975541216118250999,"international-cricket,sports,games,cricket",Sports,0.33
2051642,Will Lando Norris win the 2026 F1 Miami Grand Prix?,f1-miami-grand-prix-winner-norris-2026-05-03,Sports,215683.11679499978,2026-04-22T11:35:05.279745Z,2026-05-10T20:00:00Z,0,104971779484382640992287924530662635088529696808950660915133359635677516500118,"formula1,f1,sports,grand-prix,games",Sports,0.105
2096060,Will there be a run scored in the first inning?: Atlanta Braves vs. Colorado Rockies,mlb-atl-col-2026-05-03-nrfi,Sports,42342.878592,2026-04-27T13:03:29.327794Z,2026-05-10T19:10:00Z,1,4903250010589938427903624717407454560300473064901693068591197200832054041323,"sports,games,mlb,baseball",Sports,0.54
2184860,Map Handicap: TL (-1.5) vs Gentle Mates (+1.5),val-tl1-gm-2026-05-09-map-handicap-away-1pt5,Sports,75093.270928,2026-05-07T22:14:25.282847Z,2026-05-09T23:30:00Z,0,16590306353477285867681102731107665642117790056088888869550279763170005011836,"sports,esports,games,valorant",Sports,0.405
2107874,Will CF Pachuca win on 2026-05-10?,mex-pac-tol-2026-05-10-pac,Sports,22234.55548700001,2026-04-28T17:31:27.086005Z,2026-05-10T23:00:00Z,1,108883396633074450597099995242532557824746925867006226291907375512378682642504,"sports,games,soccer,mex",Sports,0.305
2083023,Manchester City FC vs. Brentford FC: O/U 1.5,epl-mac-bre-2026-05-09-total-1pt5,Sports,109314.35786400003,2026-04-26T05:10:18.357654Z,2026-05-09T16:30:00Z,1,18704059719588139160416665841257204940914731785215616472723619121489025266140,"sports,games,soccer,premier-league,EPL",Sports,0.875
1961781,Will Gamba Ōsaka win on 2026-05-10?,j1100-gam-san-2026-05-10-gam,Sports,10772.747276999991,2026-04-12T19:34:36.854112Z,2026-05-10T06:00:00Z,0,29457576797648079611590050809395745973083988745778644797464364059358501670073,"sports,japan-j-league,games,soccer",Sports,0.275
1961851,Will Rosenborg BK win on 2026-05-10?,nor-rbk-lil-2026-05-10-rbk,Sports,24750.868879999998,2026-04-12T19:49:11.080321Z,2026-05-10T12:30:00Z,1,24117571849566556167138741720093650978835581787698958381664413426484345702579,"sports,games,soccer,norway-eliteserien",Sports,0.335
2099495,CD Mirandés vs. SD Eibar: O/U 1.5,es2-mir-eib-2026-05-10-total-1pt5,Sports,12727.298644999999,2026-04-27T19:05:45.650851Z,2026-05-10T16:30:00Z,0,67676690845538513382489070134499854186789947056796698793059691640747960955639,"sports,games,soccer,la-liga-2",Sports,0.73
2219300,Spread: Cincinnati Reds (-1.5),mlb-hou-cin-2026-05-10-spread-home-1pt5,Sports,14171.763037,2026-05-10T03:07:23.365682Z,2026-05-10T17:40:00Z,1,18277332126913017738101940346943063230785798887245881191183476739371769104606,"sports,baseball,mlb,games",Sports,0.9995
1961778,Will FC Tōkyō win on 2026-05-10?,j1100-fct-ver-2026-05-10-fct,Sports,64623.339626999994,2026-04-12T19:35:21.629641Z,2026-05-10T06:00:00Z,1,32894160078077706315116943165609470602730650383666002705554165720342312037167,"sports,japan-j-league,games,soccer",Sports,0.505
2192036,Houston Astros vs. Cincinnati Reds: O/U 8.5,mlb-hou-cin-2026-05-09-total-8pt5,Sports,26154.744347000018,2026-05-08T18:48:35.779712Z,2026-05-09T20:10:00Z,0,56859081815061873800530639257966264620520618140569030320077042569637757008656,"sports,baseball,mlb,games",Sports,0.495
1961773,Will Yokohama F·Marinos vs. Kashima Antlers end in a draw?,j1100-yom-kas-2026-05-10-draw,Sports,11728.855908999998,2026-04-12T19:35:59.448433Z,2026-05-10T05:00:00Z,1,65351876537214667927996106006735439704457130169264692508675122393939415896943,"sports,japan-j-league,games,soccer",Sports,0.265
2214557,Counter-Strike: Aurora Gaming vs The Huns Esports (BO3) - PGL Astana Group Stage,cs2-aur1-the9-2026-05-10,Sports,80400.816531,2026-05-09T16:17:15.658209Z,2026-05-10T14:20:00Z,1,60961989343887866849156064880666036716607156286858969835699830084149509953529,"sports,esports,games,counter-strike-2",Sports,0.9995
2051873,Will Oscar Piastri finish on the podium at the 2026 F1 Miami Grand Prix?,f1-miami-grand-prix-driver-podium-piastri-2026-05-03,Sports,13199.239336999994,2026-04-22T11:34:01.908551Z,2026-05-10T20:00:00Z,1,102218961087906770074605304038344742790092717252798718511593445317167719535751,"formula1,f1,sports,grand-prix,games",Sports,0.195
2216456,Knicks vs. 76ers: O/U 213.5,nba-nyk-phi-2026-05-10-total-213pt5,Sports,444018.7399409998,2026-05-09T21:37:24.932925Z,2026-05-10T19:30:00Z,1,63573681872827127652233224818215745151216776801505929279875856258139343661906,"sports,basketball,nba,games",Sports,0.505
2201348,Detroit Tigers vs. Kansas City Royals: O/U 9.5,mlb-det-kc-2026-05-09-total-9pt5,Sports,40510.80462600001,2026-05-09T06:12:44.847763Z,2026-05-09T23:10:00Z,0,114605048385300845480007499634897867331336617778608043197348676780029085461724,"sports,baseball,mlb,games",Sports,0.255
2217564,Valorant: CGN Esports vs FOKUS - Map 1 Winner,val-cgn-fks1-2026-05-10-game1,Sports,11734.932329,2026-05-09T22:19:33.691801Z,2026-05-10T19:40:00Z,1,20679170009652407475860866610814962283704139353631515181545891279978162692523,"sports,esports,games,valorant",Sports,0.505
1971237,Spread: Vejle BK (-2.5),den-vbk-fcf-2026-05-10-spread-home-2pt5,Sports,14649.368716000006,2026-04-13T16:34:38.8238Z,2026-05-10T12:00:00Z,0,13331886748787980036581415331188937060549744232052289045091086003004246626440,"sports,games,soccer,denmark-superliga",Sports,0.05
2083131,Cagliari Calcio vs. Udinese Calcio: O/U 1.5,sea-cag-udi-2026-05-09-total-1pt5,Sports,42974.67513499999,2026-04-26T05:20:20.126695Z,2026-05-09T13:00:00Z,1,21157208346891599790489091365431996517417217758139954228150825327538113496186,"sports,games,soccer,sea",Sports,0.69
2017393,O/U 2.5 Rounds,ufc-rom-mar80-2026-05-09-totals-2pt5,Sports,55447.51560799996,2026-04-18T22:08:02.047793Z,2026-05-10T03:59:59.999Z,1,83149924894553235084650437082912189859451235649854389123566529319251377064739,"sports,ufc,games",Sports,0.495
2083232,Liverpool FC vs. Chelsea FC: O/U 4.5,epl-liv-che-2026-05-09-total-4pt5,Sports,51980.358285999995,2026-04-26T05:12:59.40472Z,2026-05-09T11:30:00Z,0,23489094898595741431693657374190404824894238637853371876009548701498084551852,"sports,games,soccer,premier-league,EPL",Sports,0.26
2116822,Will Kocaelispor win on 2026-05-09?,tur-koc-kar-2026-05-09-koc,Sports,72203.07250199998,2026-04-29T16:20:32.950961Z,2026-05-09T17:00:00Z,0,16393459846680441512412605894862779677087378805432142877748995033470079835343,"sports,games,soccer,tur",Sports,0.465
2089888,Will US Cremonese vs. Pisa SC end in a draw?,sea-cre-pis-2026-05-10-draw,Sports,29152.17116,2026-04-26T23:05:32.602651Z,2026-05-10T13:00:00Z,0,11811516693971451658481038638959744068319251391210941231807062274690121678065,"sports,games,soccer,sea",Sports,0.255
1961772,Will Yokohama F·Marinos win on 2026-05-10?,j1100-yom-kas-2026-05-10-yom,Sports,52490.61511900007,2026-04-12T19:35:49.547093Z,2026-05-10T05:00:00Z,0,41221534276934274013026193916419247598929746377742746809335489952982449124538,"sports,japan-j-league,games,soccer",Sports,0.265
1962211,Will Qingdao Xihaian FC win on 2026-05-10?,chi-qin-wsz-2026-05-10-qin,Sports,62641.18931500002,2026-04-12T20:50:21.137405Z,2026-05-10T09:30:00Z,0,114669375261126245763989576279636065920215734885718152308790860398790941233814,"sports,games,soccer,chinese-super-league",Sports,0.515
2158596,Map Handicap: MGLZ (-1.5) vs magic (+1.5),cs2-mglz-mgc-2026-05-09-map-handicap-away-1pt5,Sports,43450.899217,2026-05-04T18:05:37.631702Z,2026-05-09T12:50:00Z,1,77721923424815664956130418042857150148708278488600452171791691171067935829944,"sports,esports,games,counter-strike-2",Sports,0.435
1969718,Will Go Ahead Eagles vs. PSV end in a draw?,ere-goa-psv-2026-05-10-draw,Sports,12731.335028999998,2026-04-13T14:36:43.533457Z,2026-05-10T14:45:00Z,0,44463103099585046027244206567292517494988518014878419958655260808950321258955,"sports,games,soccer,ere",Sports,0.205
1970226,Gamba Ōsaka vs. Sanfrecce Hiroshima: O/U 2.5,j1100-gam-san-2026-05-10-total-2pt5,Sports,15269.278631000001,2026-04-13T15:47:52.343893Z,2026-05-10T06:00:00Z,0,81495921053555096220420901107607201596267323871672356602994683014136727437731,"sports,japan-j-league,games,soccer",Sports,0.505
2093073,RCD Mallorca vs. Villarreal CF: Both Teams to Score,lal-mal-vil-2026-05-10-btts,Sports,14121.939854,2026-04-27T07:03:35.077128Z,2026-05-10T12:00:00Z,1,70753001222556326891527462708002907733209634036801279765896850961930291394378,"sports,games,soccer,la-liga",Sports,0.625
2140963,Wuxi: Rigele Te vs Dane Sweeny,atp-te-sweeny-2026-05-03,Sports,54874.970389000024,2026-05-02T16:08:00.035154Z,2026-05-11T03:00:00Z,0,40731330051194829720920087889838929586762565288476425726008274648112752930056,"tennis,sports,games",Sports,0.14
2092384,1. FC Köln vs. 1. FC Heidenheim 1846: O/U 2.5,bun-koe-hei-2026-05-10-total-2pt5,Sports,16733.323967000004,2026-04-27T05:21:55.844042Z,2026-05-10T15:30:00Z,1,79689138578955593758014296481937972068782747166375987473181187299350874819550,"sports,soccer,bundesliga,games",Sports,0.665
2091275,Will Aston Villa FC win on 2026-05-10?,epl-bur-ast-2026-05-10-ast,Sports,1505663.8029800018,2026-04-27T04:12:15.288739Z,2026-05-10T13:00:00Z,0,39989728641842882574305010761012806961284524969216369109333292827514448540511,"sports,games,soccer,premier-league,EPL",Sports,0.595
2128330,LoL: Ninjas in Pyjamas vs Invictus Gaming (BO3) - LPL Group Ascend,lol-nip-ig1-2026-05-09,Sports,459286.0815980009,2026-04-30T22:44:19.684182Z,2026-05-09T15:00:00Z,0,100851334339006059480057024026048300823457384371050596211312770785528265043790,"sports,esports,league-of-legends,games",Sports,0.635
2153257,Valorant: G2 Esports vs Cloud9 (BO3) - VCT Americas Stage 1 Group Alpha,val-g21-c9-2026-05-09,Sports,134907.27153000003,2026-05-04T07:12:37.854383Z,2026-05-10T03:00:00Z,1,55834609406703551034636743222111303853142478770436777345042756043563017623125,"sports,esports,games,valorant",Sports,0.825
2167237,Game Handicap: KC (-1.5) vs GIANTX (+1.5),lol-kc-gx-2026-05-10-game-handicap-away-1pt5,Sports,72996.59312899994,2026-05-05T17:34:03.063106Z,2026-05-10T19:00:00Z,0,8117906071694352908274446821986960558674622271877362841646105627945903001984,"sports,esports,league-of-legends,games",Sports,0.555
2214591,Counter-Strike: Team Falcons vs 9z (BO3) - PGL Astana Group Stage,cs2-fal2-9z-2026-05-10,Sports,1211516.3130369978,2026-05-09T17:27:47.012646Z,2026-05-10T19:10:00Z,0,93718769851845002517600718889886113680632438122711386581988992519127188554919,"sports,esports,games,counter-strike-2",Sports,0.845
1960469,CF Montréal vs. Orlando City SC: O/U 3.5,mls-mim-orl-2026-05-09-total-3pt5,Sports,14596.124548000003,2026-04-12T17:15:42.728608Z,2026-05-09T20:30:00Z,0,82497906654763780486797126982937957862142790568258199273006666677870013893381,"sports,games,soccer,mls",Sports,0.405
2092488,Hellas Verona FC vs. Como 1907: O/U 2.5,sea-ver-com-2026-05-10-total-2pt5,Sports,43188.61215399997,2026-04-27T05:13:47.947739Z,2026-05-10T10:30:00Z,0,112089638828461758389783338516811624179816059672666361430455355535487234563909,"sports,games,soccer,sea",Sports,0.505
2082150,Will 1. FC Nürnberg win on 2026-05-09?,bl2-fcn-s04-2026-05-09-fcn,Sports,28245.670116999994,2026-04-26T04:05:08.739442Z,2026-05-09T18:30:00Z,1,19310036381307186644097121850378943472164766256957529306184274355171280755963,"games,bundesliga-2,sports,soccer",Sports,0.415
2083586,Will Club Atlético de Madrid vs. RC Celta de Vigo end in a draw?,lal-mad-cel-2026-05-09-draw,Sports,193510.03411699997,2026-04-26T06:04:34.977183Z,2026-05-09T16:30:00Z,0,104105467772313849598674147812309673493283295896304918755405665578842061862933,"sports,games,soccer,la-liga",Sports,0.275
2091300,Will West Ham United FC vs. Arsenal FC end in a draw?,epl-wes-ars-2026-05-10-draw,Sports,336760.18284099974,2026-04-27T04:11:35.207736Z,2026-05-10T15:30:00Z,0,33413486698546154673888103622236253083478893024431467691242508219083188792745,"sports,games,soccer,premier-league,EPL",Sports,0.225
2155668,LoL: Disguised vs Dignitas (BO3) - LCS Regular Season,lol-dsg-dig-2026-05-09,Sports,144292.19491599992,2026-05-04T15:55:38.006666Z,2026-05-10T04:00:00Z,1,11978404044282160239943833503183832066959963417594411487713344046920113766014,"sports,esports,league-of-legends,games",Sports,0.505
2083984,Petkim Spor vs. Bahcesehir Koleji,bkbsl-pet-bah-2026-05-02,Sports,19255.84707,2026-04-26T07:34:19.830948Z,2026-05-09T15:00:00Z,0,102612523544376365634788302007922795037442737486717092360043297812848280818268,"sports,games,basketball,bkbsl",Sports,0.365
2096064,New York Mets vs. Los Angeles Angels,mlb-nym-laa-2026-05-03,Sports,614365.3889009998,2026-04-27T13:03:09.458066Z,2026-05-10T20:07:00Z,1,17592391409697265850814021130009174767993396958560283788720176015918205766094,"sports,games,mlb,baseball",Sports,0.555
2214581,Counter-Strike: PARIVISION vs Fisher College - Map 2 Winner,cs2-prv-fc-2026-05-10-game2,Sports,14818.549775999994,2026-05-09T17:30:11.343479Z,2026-05-10T16:05:00Z,1,73376618885697099200368448829004581712045751964795363768729007260976480057403,"sports,esports,games,counter-strike-2",Sports,0.9995
1959600,Will FC Cincinnati win on 2026-05-09?,mls-clt-fcc-2026-05-09-fcc,Sports,36082.08478900001,2026-04-12T16:09:47.260941Z,2026-05-09T23:30:00Z,0,39126833311025145842453759407175726132296383949840884273901208735885690880381,"sports,games,soccer,mls",Sports,0.305
2092844,Will Córdoba CF win on 2026-05-10?,es2-cor-gra-2026-05-10-cor,Sports,34826.382081999975,2026-04-27T06:05:50.071101Z,2026-05-10T16:30:00Z,1,36171497821207312715652831749253517128320012968376024118302819857106817403399,"sports,games,soccer,la-liga-2",Sports,0.56
1959657,Will San Jose Earthquakes win on 2026-05-09?,mls-sje-vwh-2026-05-09-sje,Sports,63029.047802,2026-04-12T16:20:09.878016Z,2026-05-10T02:30:00Z,0,112492118084401423778234463432515710096250338913186157198041528011372269146359,"sports,games,soccer,mls",Sports,0.305
2154492,LoL: Fukuoka SoftBank Hawks Gaming vs GAM Esports (BO3) - LCP Regular Season,lol-shg-gam-2026-05-10,Sports,22473.561189999986,2026-05-04T11:27:26.104246Z,2026-05-10T17:15:00Z,0,64958984154116534179023442871941786239215609847385605918199820446177980714772,"sports,esports,league-of-legends,games",Sports,0.595
2091294,Will 1. FC Union Berlin win on 2026-05-10?,bun-mai-uni-2026-05-10-uni,Sports,149964.39637100007,2026-04-27T04:25:58.223606Z,2026-05-10T17:30:00Z,1,108651478939214205810966496917239916464162680152061137152925558500708666384244,"sports,games,soccer,bundesliga",Sports,0.195
2217441,Valorant: Fnatic vs Team Heretics - Map 1 Winner,val-fnc1-th1-2026-05-10-game1,Sports,18642.61565100001,2026-05-09T21:41:22.568209Z,2026-05-10T19:00:00Z,1,107341867185076595991869984594320804515971468642899399162571875615540321612952,"sports,esports,games,valorant",Sports,0.535
2083071,RB Leipzig vs. FC St. Pauli 1910: O/U 2.5,bun-lei-pau-2026-05-09-total-2pt5,Sports,53265.848308,2026-04-26T05:17:19.3362Z,2026-05-09T13:30:00Z,1,87129197826265195331959619507082013721193937195496619201504282978582867336569,"sports,games,soccer,bundesliga",Sports,0.675
2092834,Will Valencia CF win on 2026-05-10?,lal-bil-val-2026-05-10-val,Sports,170856.0034210001,2026-04-27T06:04:41.459674Z,2026-05-10T14:15:00Z,1,85182358630485810802271603935620380446701258625895522571949842304068564782770,"sports,games,soccer,la-liga",Sports,0.185
1959579,Will New England Revolution win on 2026-05-09?,mls-ner-phi-2026-05-09-ner,Sports,65793.41549300004,2026-04-12T16:21:15.09089Z,2026-05-09T23:30:00Z,1,112340206681285696237487417175124568264869601651253795688839844055763110529012,"sports,games,soccer,mls",Sports,0.365
2092505,Toulouse FC vs. Olympique Lyonnais: Both Teams to Score,fl1-tou-lyo-2026-05-10-btts,Sports,16318.390910999999,2026-04-27T05:08:39.415119Z,2026-05-10T19:00:00Z,1,42082537863677064384797755555435261717409206773714390052486905450764554474302,"sports,games,soccer,ligue-1",Sports,0.57
2083073,SS Lazio vs. FC Internazionale Milano: O/U 2.5,sea-laz-int-2026-05-09-total-2pt5,Sports,168761.4027400001,2026-04-26T05:09:49.977524Z,2026-05-09T16:00:00Z,1,88632958857449844943111440783058171207559191523040154020664654684833489054604,"games,soccer,sea,sports",Sports,0.545
2017275,Will the fight be won by KO or TKO?,ufc-sea2-kha7-2026-05-09-win-by-ko-tko,Sports,47961.323120999994,2026-04-18T22:03:51.746277Z,2026-05-10T03:59:59.999Z,0,79176542088821763433895203142319949081102167969711633988533728956772050413719,"sports,ufc,games",Sports,0.27
2167389,Will AVS Futebol win on 2026-05-10?,por-avs-por-2026-05-10-avs,Sports,104607.45286099997,2026-05-05T17:50:24.377326Z,2026-05-10T17:00:00Z,1,114084959313963883956888634805427891595264004382851300172695193190850339195065,"sports,games,soccer,primeira-liga",Sports,0.065
1950174,Will Chengdu Rongcheng FC win on 2026-05-09?,chi-ron-hen-2026-05-09-ron,Sports,63654.14332499999,2026-04-11T20:49:23.211541Z,2026-05-09T12:00:00Z,1,45106559143022226502821655755686998487099564070972525873064153306990305483058,"sports,games,soccer,chinese-super-league",Sports,0.645
1961925,Will Aarhus GF win on 2026-05-10?,den-bro-agf-2026-05-10-agf,Sports,21072.863526,2026-04-12T20:04:41.696749Z,2026-05-10T16:00:00Z,1,91775489442895844905735903882884787153746742387190944703177344916484659064361,"sports,games,soccer,denmark-superliga",Sports,0.43
2214650,Valorant: EDward Gaming vs XLG Gaming - Map 1 Winner,val-edg1-xlg-2026-05-10-game1,Sports,43087.532469000005,2026-05-09T18:12:05.329065Z,2026-05-10T15:30:00Z,0,78312952015932104393726387725240772671759608056049607772443634729662285965111,"sports,esports,games,valorant",Sports,0.0005
2153271,Valorant: LOUD vs Leviatán Esports (BO3) - VCT Americas Stage 1 Group Alpha,val-loud-lev1-2026-05-10,Sports,155911.36997699965,2026-05-04T07:12:43.497914Z,2026-05-11T03:00:00Z,1,61440180708743309498073291387946870436199839450268821096780636475975195304838,"sports,esports,games,valorant",Sports,0.285
1962225,Will Shandong Taishan FC win on 2026-05-10?,chi-xin-sha-2026-05-10-sha,Sports,77390.20950399982,2026-04-12T20:50:01.562852Z,2026-05-10T12:00:00Z,1,61633076718814789582674226084334834782588279517948562882945720352696430807750,"sports,games,soccer,chinese-super-league",Sports,0.485
1961783,Will Sanfrecce Hiroshima win on 2026-05-10?,j1100-gam-san-2026-05-10-san,Sports,41055.96711900002,2026-04-12T19:34:44.671956Z,2026-05-10T06:00:00Z,1,35729258179101878766074295786602849421102332018013328779108326436947567528817,"sports,japan-j-league,games,soccer",Sports,0.455
2091273,Will 1. FC Köln vs. 1. FC Heidenheim 1846 end in a draw?,bun-koe-hei-2026-05-10-draw,Sports,163671.41622899982,2026-04-27T04:53:25.290315Z,2026-05-10T15:30:00Z,0,27735432592749172492277372912498165720982962638332174848597892978485684832423,"sports,games,soccer,bundesliga",Sports,0.235
2167175,Will CA Rosario Central vs. CA Independiente end in a draw?,arg-ros-ind-2026-05-10-draw,Sports,10972.956594000005,2026-05-05T17:35:43.244517Z,2026-05-10T18:00:00Z,0,51834939689124447242527126053386940229898988750223032444065370031642345700504,"sports,games,soccer,arg",Sports,0.315
2083574,Will Elche CF vs. Deportivo Alavés end in a draw?,lal-elc-ala-2026-05-09-draw,Sports,127493.5159179999,2026-04-26T06:05:47.6507Z,2026-05-09T12:00:00Z,1,59382667563650104228022040204182500925015961761991492497276472221399472091388,"sports,games,soccer,la-liga",Sports,0.285
2093061,Athletic Club vs. Valencia CF: Both Teams to Score,lal-bil-val-2026-05-10-btts,Sports,15788.078855000002,2026-04-27T07:03:19.385715Z,2026-05-10T14:15:00Z,0,24432676458498024602086332235620859639004596349727879540928953238501666076397,"sports,games,soccer,la-liga",Sports,0.515
2217563,Valorant: CGN Esports vs FOKUS (BO5) - VCL DACH: Evolution Playoffs,val-cgn-fks1-2026-05-10,Sports,64391.65240499997,2026-05-09T21:41:14.589044Z,2026-05-10T19:40:00Z,1,15271861758894048112719859593162518650092294855810330246928543020014808261170,"sports,esports,games,valorant",Sports,0.505
2092401,Spread: Hamburger SV (-1.5),bun-hsv-fre-2026-05-10-spread-home-1pt5,Sports,16924.397841999995,2026-04-27T05:09:48.524421Z,2026-05-10T13:30:00Z,0,74717829291043745659359485687398466285496175403865724203071166822217529578565,"sports,games,soccer,bundesliga",Sports,0.16
2017331,"UFC 328: Joaquin Buckley vs. Sean Brady (Welterweight, Main Card)",ufc-joa3-sea4-2026-05-09,Sports,1674676.7264720006,2026-04-18T22:04:29.814907Z,2026-05-10T03:59:59.999Z,0,37803048142512529448397507332053784475670984229046018684390009504427674416689,"sports,ufc,games",Sports,0.385
1960899,Will FK Zenit win on 2026-05-10?,rus-zen-soc-2026-05-10-zen,Sports,20440.038381000006,2026-04-12T17:49:24.524062Z,2026-05-10T12:00:00Z,1,13760792123259947157183576173437500653617678318373890031197139530280877680791,"sports,games,soccer,rus",Sports,0.845
2142030,LoL: Nongshim Red Force vs HANJIN BRION (BO3) - LCK Rounds 1-2,lol-ns-bro2-2026-05-09,Sports,758465.933386999,2026-05-02T18:43:47.805927Z,2026-05-09T16:10:00Z,0,75764628372807024960356653908240658872872458439336153811187545216729631594744,"sports,esports,league-of-legends,games",Sports,0.575
2093033,Spread: FC Barcelona (-1.5),lal-bar-rea-2026-05-10-spread-home-1pt5,Sports,130042.20755400008,2026-04-27T07:02:39.847826Z,2026-05-10T19:00:00Z,1,27195540503490223239222893685774759558019447469132874520560934735350809779348,"soccer,la-liga,sports,games",Sports,0.385
2140914,Mauthausen: Jaime Faria vs Roman Safiullin,atp-faria-safiull-2026-05-03,Sports,230158.91439699978,2026-05-02T16:10:39.921213Z,2026-05-10T11:00:00Z,0,115205963048145054736781965914771600451923305999724515218831137151122612695532,"tennis,sports,games",Sports,0.455
2082105,Will Bayer 04 Leverkusen win on 2026-05-09?,bun-stu-b04-2026-05-09-b04,Sports,286341.6485550002,2026-04-26T04:04:56.68082Z,2026-05-09T13:30:00Z,0,6256645966674971300652340111581381844359592024979155338851476067098120837847,"sports,games,soccer,bundesliga",Sports,0.325
2092355,AC Milan vs. Atalanta BC: O/U 2.5,sea-mil-ata-2026-05-10-total-2pt5,Sports,184438.36505500006,2026-04-27T05:19:29.133248Z,2026-05-10T18:45:00Z,1,91404144658673444522954608307866355113869446994369153771046497130731594411598,"sports,games,soccer,sea",Sports,0.505
2085989,VfL Bochum vs. Hannover 96: O/U 3.5,bl2-boc-h96-2026-05-09-total-3pt5,Sports,16615.590580000007,2026-04-26T13:33:51.54713Z,2026-05-09T11:00:00Z,0,102868533855264057474553994890227480947382225593795005724670200761858088627176,"sports,games,soccer,bundesliga-2",Sports,0.41
2148561,Hurricanes vs. Flyers: O/U 5.5,nhl-car-phi-2026-05-09-total-5pt5,Sports,70810.41737099993,2026-05-03T15:32:47.546389Z,2026-05-09T22:00:00Z,0,66942160662073418942452616131497567261256045538008284605734140904736270221882,"sports,nhl,hockey,games",Sports,0.445
2149594,Valorant: Team Envy vs MIBR (BO3) - VCT Americas Stage 1 Group Alpha,val-nv2-mibr-2026-05-09,Sports,172508.83538700023,2026-05-03T17:43:06.154362Z,2026-05-10T05:30:00Z,1,7794447139282806194674875825340140189274687085697540495265729058804363645801,"sports,esports,games,valorant",Sports,0.135
2082133,Will 1. FC Magdeburg win on 2026-05-09?,bl2-ksv-fcm-2026-05-09-fcm,Sports,57678.73689000008,2026-04-26T04:10:29.624735Z,2026-05-09T11:00:00Z,1,19085795824770504278051088158017010650181356814456266170809387251505211406247,"bundesliga-2,sports,games,soccer",Sports,0.455
2140957,Wuxi: Mikhail Kukushkin vs Tianhui Zhang,atp-kukushk-zha-2026-05-03,Sports,27580.666883999995,2026-05-02T16:05:47.26858Z,2026-05-11T03:00:00Z,1,41387091282663986249389917534216147513341548008009414854065639842147991488033,"tennis,sports,games",Sports,0.9545
1970217,Kashiwa Reysol vs. Kawasaki Frontale: O/U 2.5,j1100-rey-kaw-2026-05-10-total-2pt5,Sports,12624.376519999998,2026-04-13T15:48:35.969472Z,2026-05-10T07:00:00Z,0,76677146549971200593638623557014293889643173390953756874803773136291481396807,"sports,japan-j-league,games,soccer",Sports,0.54
2204661,Counter-Strike: Omega vs HAVU (BO3) - CCT Europe Series 1 Group Stage,cs2-omega1-havu-2026-05-09,Sports,114508.16255199997,2026-05-09T06:11:00.531289Z,2026-05-09T20:00:00Z,0,89442019804124078953057358904517635442782976316325166952778058266538292875965,"sports,esports,games,counter-strike-2",Sports,0.555
2214546,Counter-Strike: TheMongolz vs Spirit (BO3) - PGL Astana Group Stage,cs2-mglz-ts7-2026-05-10,Sports,481138.7290249998,2026-05-09T15:55:24.402682Z,2026-05-10T14:40:00Z,0,111976126668862876407448344709824756664002845915183269382933088655498990886715,"sports,esports,games,counter-strike-2",Sports,0.0005
1961865,Will Viking FK win on 2026-05-10?,nor-kfu-vik-2026-05-10-vik,Sports,13157.645505999999,2026-04-12T19:50:29.584198Z,2026-05-10T15:00:00Z,1,106879368631119634354779017394099275474783202067637507011245857101783007910968,"sports,games,soccer,norway-eliteserien",Sports,0.575
2191310,CS Independiente Rivadavia vs. CA Unión: Draw at halftime?,arg-riv1-uni-2026-05-09-halftime-result-draw,Sports,10133.32,2026-05-08T18:11:35.748319Z,2026-05-10T00:30:00Z,0,65556050302292345739216572922027894113765438718360098186392220797879301895878,"sports,games,soccer,arg",Sports,0.465
2116819,Will Göztepe SK win on 2026-05-09?,tur-goz-gfk-2026-05-09-goz,Sports,19254.687679000013,2026-04-29T16:20:26.820663Z,2026-05-09T17:00:00Z,1,23617896564389136507838326728653056864598352065416196230044793719288629173416,"sports,games,soccer,tur",Sports,0.65
2093051,Real Oviedo vs. Getafe CF: Both Teams to Score,lal-ovi-get-2026-05-10-btts,Sports,22401.543228000002,2026-04-27T07:02:29.749436Z,2026-05-10T16:30:00Z,0,16571906605602736627555579833427305160224962711786183213261005241083623200373,"sports,games,soccer,la-liga",Sports,0.44
2080740,Will Juventus FC win on 2026-05-09?,sea-lec-juv-2026-05-09-juv,Sports,346766.2950380003,2026-04-25T23:04:52.991093Z,2026-05-09T18:45:00Z,1,53324464307566581020949216166152503840460870173388572892958184105561731854290,"sports,games,soccer,sea",Sports,0.685
2154518,LoL: Vivo Keyd Stars vs LOUD - Game 2 Winner,lol-vks-lll-2026-05-10-game2,Sports,121427.374065,2026-05-04T11:27:02.691533Z,2026-05-09T22:10:00Z,0,30671817714813566851187604450503051448856350980758955373814420430050984219466,"sports,esports,league-of-legends,games",Sports,0.475
2096030,KBO: Hanwha Eagles vs. Samsung Lions,kbo-han-sam-2026-05-03,Sports,17861.707605000007,2026-04-27T13:02:47.767286Z,2026-05-10T05:00:00Z,0,54129459318409347108287068634975103332056565624617923301499914472093597892644,"sports,games,baseball,kbo",Sports,0.52
2217323,Spread: Athletics (-2.5),mlb-oak-bal-2026-05-09-spread-away-2pt5,Sports,14093.666746000003,2026-05-09T20:55:34.87875Z,2026-05-09T20:05:00Z,1,72016419446762210545181432055977089162891295900818772544265262025368285056972,"sports,baseball,mlb,games",Sports,0.9995
1970542,Qingdao Xihaian FC vs. Wuhan San Zhen FC: O/U 2.5,chi-qin-wsz-2026-05-10-total-2pt5,Sports,41143.633743999904,2026-04-13T16:15:49.264195Z,2026-05-10T09:30:00Z,0,5453064675837079839788560220619943207443238817512599968368742173348955643654,"sports,games,soccer,chinese-super-league",Sports,0.485
2181530,Valorant: Rex Regum Qeon vs DetonatioN FocusMe - Map 1 Winner,val-rrq1-dfm1-2026-05-09-game1,Sports,26060.101536,2026-05-07T12:43:30.855792Z,2026-05-09T12:00:00Z,0,51980563737355436590732318889700021304760959459651842761349913283601794720775,"sports,esports,games,valorant",Sports,0.57
2090820,Indian Premier League: Chennai Super Kings vs Mumbai Indians,cricipl-che-mum-2026-05-02,Sports,1922602.7683229987,2026-04-27T02:16:29.6088Z,2026-05-09T14:00:00Z,1,41071045778999599740001994001130422215109258179750002983344714881486258040471,"games,sports,indian-premier-league,cricket",Sports,0.455
2192050,New York Mets vs. Arizona Diamondbacks: O/U 8.5,mlb-nym-ari-2026-05-09-total-8pt5,Sports,28416.612578,2026-05-08T18:36:38.747337Z,2026-05-09T23:15:00Z,0,18943601716131484373966394160766546994431840272776709645123038051358145205622,"sports,baseball,mlb,games",Sports,0.535
2158591,Counter-Strike: TheMongolz vs magic (BO3) - PGL Astana Group Stage,cs2-mglz-mgc-2026-05-09,Sports,405972.03862599935,2026-05-04T18:04:58.181686Z,2026-05-09T12:50:00Z,1,95155752753726171354306003344079031385375959580606931897224930494518199738964,"sports,esports,games,counter-strike-2",Sports,0.755
2092465,Nottingham Forest FC vs. Newcastle United FC: O/U 2.5,epl-not-new-2026-05-10-total-2pt5,Sports,60398.071324000004,2026-04-27T05:21:46.106223Z,2026-05-10T13:00:00Z,0,10579946022629666213432641482198020593696720247194608188250817368028688742966,"sports,games,premier-league,soccer,EPL",Sports,0.565
2214525,Counter-Strike: MOUZ vs G2 - Map 1 Winner,cs2-mouz-g2-2026-05-10-game1,Sports,259850.6046339996,2026-05-09T16:51:45.363842Z,2026-05-10T09:00:00Z,0,80034506295163619053248384421065475146016460749567907023642881162688078364531,"sports,esports,games,counter-strike-2",Sports,0.445
2182635,Counter-Strike: Eternal Fire vs Johnny Speeds (BO3) - NODWIN Clutch Series Group Stage,cs2-ef1-js1-2026-05-09,Sports,108478.94110100002,2026-05-07T16:13:56.62583Z,2026-05-09T17:00:00Z,1,17754545326160431062174239359327874949600423936268119524336191576512941494750,"sports,esports,games,counter-strike-2",Sports,0.505
2214570,Counter-Strike: FURIA vs Heroic - Map 2 Winner,cs2-furia-hero-2026-05-10-game2,Sports,108857.88715900002,2026-05-09T16:07:16.529023Z,2026-05-10T17:20:00Z,1,4994472617699680003942054351984883890077498470278445731088834301225009445758,"sports,esports,games,counter-strike-2",Sports,0.705
2083068,SS Lazio vs. FC Internazionale Milano: O/U 1.5,sea-laz-int-2026-05-09-total-1pt5,Sports,28869.085361,2026-04-26T05:05:29.354937Z,2026-05-09T16:00:00Z,1,81390732745202750013760628966828835024410769945024146272280453221160452748104,"games,soccer,sea,sports",Sports,0.775
2219101,Tampa Bay Rays vs. Boston Red Sox: O/U 8.5,mlb-tb-bos-2026-05-10-total-8pt5,Sports,82175.76844900004,2026-05-10T02:07:23.193592Z,2026-05-10T17:35:00Z,0,104770317718310249133445083828430425942383028529250873792025938112167296266850,"sports,baseball,mlb,games",Sports,0.0005
2051858,Will Fernando Alonso finish on the podium at the 2026 F1 Miami Grand Prix?,f1-miami-grand-prix-driver-podium-alonso-2026-05-03,Sports,13013.333305000002,2026-04-22T11:33:40.149017Z,2026-05-10T20:00:00Z,0,102822238223491593408925337800820358188603848187818454459004767586935492444914,"formula1,f1,sports,grand-prix,games",Sports,0.008
2091339,Will Angers SCO vs. RC Strasbourg Alsace end in a draw?,fl1-ang-str-2026-05-10-draw,Sports,45212.080256999994,2026-04-27T04:45:16.446601Z,2026-05-10T19:00:00Z,1,56106772670267409326279370560277155771857429089214098020430014589923728242346,"games,soccer,ligue-1,sports",Sports,0.275
1961776,Will Shimizu S-Pulse vs. Avispa Fukuoka end in a draw?,j1100-ssp-avi-2026-05-10-draw,Sports,18982.617533000004,2026-04-12T19:35:41.593987Z,2026-05-10T05:00:00Z,1,3503125572800581027881348869905867136275643245580218403981900593827954225828,"sports,japan-j-league,games,soccer",Sports,0.295
2113824,Spread: CF Cruz Azul (-1.5),mex-caz-atl-2026-05-09-spread-home-1pt5,Sports,34023.144815,2026-04-29T08:02:48.378594Z,2026-05-10T03:15:00Z,0,49830898142124748645955446036442219997579556223760899832311378446736012769573,"sports,games,soccer,mex",Sports,0.405
2092392,Paris Saint-Germain FC vs. Stade Brestois 29: O/U 4.5,fl1-psg-sbr-2026-05-10-total-4pt5,Sports,21822.106562999998,2026-04-27T05:03:49.256617Z,2026-05-10T19:00:00Z,0,18685329302235124138615292361660039001642198989242196629469297018573963181794,"games,sports,soccer,ligue-1",Sports,0.315
2144465,Will Middlesbrough FC vs. Southampton FC end in a draw?,elc-mid-sot-2026-05-09-draw,Sports,24543.962783000006,2026-05-03T04:07:15.239241Z,2026-05-09T11:30:00Z,1,92745741145136279570272524230448557951986137940011404582207371166016182187804,"sports,games,soccer,efl-championship",Sports,0.295
2092416,ACF Fiorentina vs. Genoa CFC: O/U 1.5,sea-fio-gen-2026-05-10-total-1pt5,Sports,20887.233598000013,2026-04-27T05:08:51.749935Z,2026-05-10T13:00:00Z,0,81355952214652732741757552317060577947140946854158726494826943915354537423158,"sports,games,soccer,sea",Sports,0.715
2142002,LoL: KT Rolster vs BNK FEARX - Game 2 Winner,lol-kt-fox1-2026-05-09-game2,Sports,758942.5034509988,2026-05-02T18:43:35.707545Z,2026-05-09T12:00:00Z,0,106547289440624983180513721615107790937874808731766261872491913726935040212438,"sports,esports,league-of-legends,games",Sports,0.645
2092486,Hellas Verona FC vs. Como 1907: O/U 1.5,sea-ver-com-2026-05-10-total-1pt5,Sports,68247.621525,2026-04-27T05:13:30.320552Z,2026-05-10T10:30:00Z,0,37030810614991013706901121075542129936867228793704278627854188598538326421823,"sports,games,soccer,sea",Sports,0.755
1949410,Will Coritiba FBC vs. SC Internacional end in a draw?,bra-cor-int-2026-05-09-draw,Sports,12887.758637999992,2026-04-11T19:04:18.815486Z,2026-05-09T19:00:00Z,1,21483240375748010549279420745104647461496967562014338642227008212247756469481,"sports,games,soccer,brazil-serie-a",Sports,0.305
2100765,Celtic FC vs. Rangers FC: O/U 4.5,scop-cel-ran-2026-05-10-total-4pt5,Sports,20567.13631700001,2026-04-27T23:32:37.852881Z,2026-05-10T11:00:00Z,0,18473872902691061980133002245488964531898638678836077086083228489873859274757,"sports,games,soccer,scottish-premiership",Sports,0.225
2083047,Spread: Brighton & Hove Albion FC (-1.5),epl-bri-wol-2026-05-09-spread-home-1pt5,Sports,66457.59137399997,2026-04-26T05:12:40.754036Z,2026-05-09T14:00:00Z,1,62453639397577268202579103763478612235012513386343417075444796721583350796353,"sports,games,soccer,premier-league,EPL",Sports,0.555
1977960,Spread: FC Twente '65 (-1.5),ere-twe-spa-2026-05-10-spread-home-1pt5,Sports,17093.263709000003,2026-04-14T06:03:44.467844Z,2026-05-10T14:45:00Z,1,18578912886661462013481273973400478960651006181406247038162163471471351835090,"sports,games,soccer,ere",Sports,0.49
2216476,Valorant: T1 vs Rex Regum Qeon (BO3) - VCT Pacific Playoffs,val-t1-rrq1-2026-05-10,Sports,66373.99540900002,2026-05-09T22:00:19.088931Z,2026-05-10T14:00:00Z,1,40479867286501903938259062012797657755674416843164263749446861123932196815793,"sports,esports,games,valorant",Sports,0.9995
2140967,Wuxi: Soon-Woo Kwon vs Kaichi Uchida,atp-kwon-uchida-2026-05-03,Sports,30888.622293,2026-05-02T16:03:27.027982Z,2026-05-11T03:00:00Z,1,59680846570633411128269202900469784891535757003817686148428446897562417554245,"tennis,sports,games",Sports,0.895
2214547,Counter-Strike: TheMongolz vs Spirit - Map 1 Winner,cs2-mglz-ts7-2026-05-10-game1,Sports,171543.818213,2026-05-09T15:43:57.087735Z,2026-05-10T14:40:00Z,0,85033566304427314470563285943794539158443847481767905371542599623190037432442,"sports,esports,games,counter-strike-2",Sports,0.0005
2080733,Will Cagliari Calcio vs. Udinese Calcio end in a draw?,sea-cag-udi-2026-05-09-draw,Sports,45635.424762999995,2026-04-25T23:04:16.330969Z,2026-05-09T13:00:00Z,0,106639392146580926546987057046348923792519032686892465294713031645387350764997,"sports,games,soccer,sea",Sports,0.305
2092828,Will Villarreal CF win on 2026-05-10?,lal-mal-vil-2026-05-10-vil,Sports,637315.271515997,2026-04-27T06:04:34.044658Z,2026-05-10T12:00:00Z,0,58953547763335359780333481074178304820060555054979259230103251718401212360946,"sports,games,soccer,la-liga",Sports,0.355
2085846,San Francisco Giants vs. Tampa Bay Rays,mlb-sf-tb-2026-05-02,Sports,467186.21144899953,2026-04-26T13:04:12.344384Z,2026-05-09T22:10:00Z,0,14866752670888453356026043876092287639788865718567224377316740420822027178503,"sports,games,mlb,baseball",Sports,0.495
2207358,New York Mets vs. Arizona Diamondbacks: O/U 9.5,mlb-nym-ari-2026-05-09-total-9pt5,Sports,563011.7875779995,2026-05-09T10:46:29.318402Z,2026-05-09T23:15:00Z,0,1522111328374798483467403956091694714630556861563023522632351332264151664012,"sports,baseball,mlb,games",Sports,0.345
2092351,AC Milan vs. Atalanta BC: O/U 1.5,sea-mil-ata-2026-05-10-total-1pt5,Sports,24102.931635,2026-04-27T05:16:49.796945Z,2026-05-10T18:45:00Z,1,72249530472218460121930466291697228349056325303148000211042136884670684333345,"sports,games,soccer,sea",Sports,0.765
2093072,RCD Mallorca vs. Villarreal CF: O/U 4.5,lal-mal-vil-2026-05-10-total-4pt5,Sports,20114.087654000006,2026-04-27T07:03:39.081925Z,2026-05-10T12:00:00Z,0,1838515370084032076487244705133998511747383228552104821649907366784403848311,"sports,games,soccer,la-liga",Sports,0.19
2176723,Total Kills Over/Under 28.5 in Game 2?,lol-kc-gx-2026-05-10-game2-kill-over-28pt5,Sports,13884.336518,2026-05-06T18:23:28.408582Z,2026-05-10T19:00:00Z,1,2435595560611549989483719382722606142483483507937049452904944943267575863597,"sports,esports,league-of-legends,games",Sports,0.475
2017278,Will Khamzat Chimaev win by KO or TKO?,ufc-sea2-kha7-2026-05-09-chimaev-win-by-ko-tko,Sports,265151.61273099977,2026-04-18T22:06:41.688016Z,2026-05-10T03:59:59.999Z,0,7583425547963708250425603091990186452283492808005403413505203713536194376526,"sports,ufc,games",Sports,0.18
2214526,Counter-Strike: MOUZ vs G2 - Map 2 Winner,cs2-mouz-g2-2026-05-10-game2,Sports,295763.0192919998,2026-05-09T18:16:44.29112Z,2026-05-10T09:00:00Z,1,5276591604842591880467107462555516360049741893941620835863860448996359106414,"sports,esports,games,counter-strike-2",Sports,0.465
2173297,FC Alverca vs. Estoril Praia: O/U 2.5,por-alv-est-2026-05-10-total-2pt5,Sports,10467.440358,2026-05-06T09:04:38.24079Z,2026-05-10T19:30:00Z,0,48790629085226856946215022082527341557383527253238204037837689339827686696707,"sports,games,soccer,primeira-liga",Sports,0.585
1959547,Chengdu Rongcheng FC vs. Henan FC: O/U 1.5,chi-ron-hen-2026-05-09-total-1pt5,Sports,11856.030544999998,2026-04-12T16:20:20.912063Z,2026-05-09T12:00:00Z,1,110137571467695283585863323480164982117539351280105661673510866459812621578493,"sports,games,soccer,chinese-super-league",Sports,0.81
2096057,Arizona Diamondbacks vs. Chicago Cubs,mlb-ari-chc-2026-05-03,Sports,333959.86265199946,2026-04-27T13:04:00.01254Z,2026-05-10T18:20:00Z,0,94704065777723756222663045238195825248882311535317180161264376629777846220112,"sports,games,mlb,baseball",Sports,0.405
2082156,Will Brighton & Hove Albion FC win on 2026-05-09?,epl-bri-wol-2026-05-09-bri,Sports,402420.15561100055,2026-04-26T04:23:29.662721Z,2026-05-09T14:00:00Z,1,18527801457416328485695467695372584112882894050950090910890123809958673636398,"sports,games,soccer,premier-league,EPL",Sports,0.775
2083012,Spread: FC Bayern München (-1.5),bun-wol-bay-2026-05-09-spread-away-1pt5,Sports,101862.71158399986,2026-04-26T05:06:51.568537Z,2026-05-09T16:30:00Z,0,12443264061372757906109988528736003616875055827158943098300277033243995052726,"sports,games,soccer,bundesliga",Sports,0.415
2128836,Seattle Storm vs. Connecticut Sun,wnba-sea-conn-2026-05-10,Sports,66516.356129,2026-05-01T00:44:52.465478Z,2026-05-10T17:00:00Z,1,44954261069205557078168589926963119814738005303169707584718413382439590136144,"sports,games,wnba",Sports,0.53
2051862,Will Charles Leclerc finish on the podium at the 2026 F1 Miami Grand Prix?,f1-miami-grand-prix-driver-podium-leclerc-2026-05-03,Sports,11128.679564000005,2026-04-22T11:33:46.497057Z,2026-05-10T20:00:00Z,0,94479404124835807914305887469850012287535261785481297494435197620897604022925,"formula1,f1,sports,grand-prix,games",Sports,0.57
2092389,Paris Saint-Germain FC vs. Stade Brestois 29: O/U 3.5,fl1-psg-sbr-2026-05-10-total-3pt5,Sports,45458.94239099999,2026-04-27T05:09:11.930036Z,2026-05-10T19:00:00Z,0,28104559131571660732892540933084996539771833880824289051966267338482601006028,"games,sports,soccer,ligue-1",Sports,0.515
2092352,West Ham United FC vs. Arsenal FC: O/U 2.5,epl-wes-ars-2026-05-10-total-2pt5,Sports,226800.04580600007,2026-04-27T05:06:23.485414Z,2026-05-10T15:30:00Z,0,9291088281243983001713479708201430947877453301381566255805038819880668744063,"sports,games,soccer,premier-league,EPL",Sports,0.565
2217417,Atlanta Braves vs. Los Angeles Dodgers: O/U 8.5,mlb-atl-lad-2026-05-09-total-8pt5,Sports,134496.64419,2026-05-09T21:35:45.192163Z,2026-05-10T01:10:00Z,1,93936638636313969780491216820938382089355050751380101081707178969620280420733,"sports,baseball,mlb,games",Sports,0.505
2217515,Dota 2: REKONIX vs Nigma Galaxy (BO3) - 1win Essence Playoffs,dota2-rnx-ngx-2026-05-10,Sports,61447.085643999984,2026-05-09T22:05:51.03091Z,2026-05-10T15:00:00Z,0,30874416571811407827277229174880406794815457351143093556922307236692972069046,"sports,esports,games,dota-2",Sports,0.0005
2088119,Real Valladolid CF vs. Real Zaragoza: O/U 1.5,es2-vld-zar-2026-05-09-total-1pt5,Sports,10305.856272000003,2026-04-26T19:04:35.053035Z,2026-05-09T16:30:00Z,1,20041512071574326477429359235833974587345361702823526677035914983190843376129,"games,sports,soccer,la-liga-2",Sports,0.725
1962216,Will Yunnan Yukun FC win on 2026-05-10?,chi-tie-yun-2026-05-10-yun,Sports,184578.903491,2026-04-12T20:49:46.642268Z,2026-05-10T11:00:00Z,1,42881584352777932830908772270014280396797163155330016886321674605082596929144,"sports,games,soccer,chinese-super-league",Sports,0.355
2158627,Counter-Strike: PARIVISION vs 9z - Map 1 Winner,cs2-prv-9z-2026-05-09-game1,Sports,168046.86012299987,2026-05-04T18:08:00.310236Z,2026-05-09T17:40:00Z,0,34651137286557206976007533132290139811618879242638216656466927368998678569757,"sports,esports,games,counter-strike-2",Sports,0.63
2167181,LoL: G2 Esports vs GIANTX - Game 1 Winner,lol-g2-gx-2026-05-09-game1,Sports,197101.37410000002,2026-05-05T17:32:47.390986Z,2026-05-09T18:00:00Z,1,87192512572440880036291669573923058076712103567914756272161575548875468214818,"sports,esports,league-of-legends,games",Sports,0.72
2094575,Will Rangers FC win on 2026-05-10?,scop-cel-ran-2026-05-10-ran,Sports,30924.76304099998,2026-04-27T09:04:25.688819Z,2026-05-10T11:00:00Z,0,63829022158139202284562598536004447298954487498817093544185229567986359463387,"sports,games,soccer,scottish-premiership",Sports,0.265
1969709,Will FC Utrecht win on 2026-05-10?,ere-aja-utr-2026-05-10-utr,Sports,34046.436425999986,2026-04-13T14:35:04.155744Z,2026-05-10T14:45:00Z,1,18957463229612626649821504680016936160535143842056077060170327265470539791847,"sports,games,soccer,ere",Sports,0.205
2125321,Konyaspor vs. Fenerbahçe SK: O/U 3.5,tur-kon-fen-2026-05-09-total-3pt5,Sports,10422.293308999997,2026-04-30T14:03:08.106572Z,2026-05-09T17:00:00Z,0,13469523590728781213429305242630683730639962624808769796872217483627562226939,"sports,games,soccer,tur",Sports,0.35
2091268,Will FC Lorient win on 2026-05-10?,fl1-met-lor-2026-05-10-lor,Sports,52365.82263900001,2026-04-27T04:12:09.350274Z,2026-05-10T19:00:00Z,1,89915925092347123865806901451924995819732386914776904125737578881111800322045,"sports,games,soccer,ligue-1",Sports,0.435
2096070,Texas Rangers vs. Detroit Tigers,mlb-tex-det-2026-05-03,Sports,357760.27173600055,2026-04-27T13:03:47.429858Z,2026-05-10T23:20:00Z,0,21615219524308715755554330922268390574875791324080753866118808641765465212799,"sports,games,mlb,baseball",Sports,0.4725
2092492,Hellas Verona FC vs. Como 1907: O/U 4.5,sea-ver-com-2026-05-10-total-4pt5,Sports,11901.723992000003,2026-04-27T05:05:18.967825Z,2026-05-10T10:30:00Z,0,8529076742532679388108381243090417034915042924088876932080849568805336892367,"sports,games,soccer,sea",Sports,0.135
2218112,Dota 2: PlayTime vs Yellow Submarine - Game 1 Winner,dota2-playti-yes-2026-05-10-game1,Sports,105188.13507699993,2026-05-09T22:52:17.216924Z,2026-05-10T18:00:00Z,1,48564883666861805535058265552377506318105714540704913560236479782002832916457,"sports,esports,games,dota-2",Sports,0.655
2192039,Spread: Philadelphia Phillies (-1.5),mlb-col-phi-2026-05-09-spread-home-1pt5,Sports,15027.538686,2026-05-08T23:28:51.408918Z,2026-05-09T22:05:00Z,1,105508091312056893626189661156449250410794727742709083303920315955288582427499,"sports,baseball,mlb,games",Sports,0.455
2091259,Will FC Metz win on 2026-05-10?,fl1-met-lor-2026-05-10-met,Sports,138866.01981600025,2026-04-27T04:11:45.27872Z,2026-05-10T19:00:00Z,0,104773477638340137641588924947413981240295615303004410125291675659344536930894,"sports,games,soccer,ligue-1",Sports,0.295
2154399,LoL: Team Secret Whales vs MVK Esports - Game 2 Winner,lol-tsw-mvk-2026-05-09-game2,Sports,28432.134378,2026-05-04T11:36:48.495781Z,2026-05-09T17:20:00Z,1,41835156796560721535503510893434937936398870588582772042343728234584788115460,"sports,esports,league-of-legends,games",Sports,0.655
2089898,Will AC Milan vs. Atalanta BC end in a draw?,sea-mil-ata-2026-05-10-draw,Sports,169157.84798099997,2026-04-26T23:17:48.375083Z,2026-05-10T18:45:00Z,0,25521936797279876192802780392752412066076640210671879704297231051989084128280,"sports,games,soccer,sea",Sports,0.285
2093297,Bilbao Basket vs. Granada,bkligend-bil-gra-2026-05-03,Sports,11409.572611000001,2026-04-27T07:32:33.314884Z,2026-05-10T10:30:00Z,1,88312643243396649798423674723983141344334349718935998788498651559130422713946,"sports,games,basketball,liga-endesa",Sports,0.805
2038439,Spread: Al Qadisiyah Saudi Club (-1.5),spl-fay-qad-2026-05-09-spread-away-1pt5,Sports,12617.155941000017,2026-04-20T23:08:21.799603Z,2026-05-09T18:00:00Z,0,36999383658080971695671164340891270559245865865305462634521667995020690728897,"sports,games,soccer,saudi-professional-league",Sports,0.47
2116826,Will Galatasaray SK vs. Antalyaspor end in a draw?,tur-gal-ant-2026-05-09-draw,Sports,56742.13810099994,2026-04-29T16:21:19.370378Z,2026-05-09T17:00:00Z,0,11958408040874236136353088940406426939371621901239912849750846859866025884296,"sports,games,soccer,tur",Sports,0.105
2091266,Will Hertha BSC win on 2026-05-10?,bl2-ber-fur-2026-05-10-ber,Sports,15010.816754000001,2026-04-27T04:31:39.807695Z,2026-05-10T11:30:00Z,1,72092149654543648192277539900110801470738675130635684276685514246355564408439,"sports,games,soccer,bundesliga-2",Sports,0.515
2051640,Will Charles Leclerc win the 2026 F1 Miami Grand Prix?,f1-miami-grand-prix-winner-leclerc-2026-05-03,Sports,119966.20360900005,2026-04-22T11:35:01.862451Z,2026-05-10T20:00:00Z,0,87814611062599451877576461626715735860559574707595728850405181527139677964473,"formula1,f1,sports,grand-prix,games",Sports,0.1455
1960506,Toronto FC vs. Inter Miami CF: O/U 3.5,mls-tor-mia-2026-05-09-total-3pt5,Sports,31849.353346999997,2026-04-12T17:06:27.905536Z,2026-05-09T17:00:00Z,1,67837867944306303075917094667260567193855074528485735247915005859881510822883,"sports,games,soccer,mls",Sports,0.425
2017372,O/U 1.5 Rounds,ufc-ozz-ate-2026-05-09-totals-1pt5,Sports,56088.541394,2026-04-18T22:05:39.944639Z,2026-05-10T03:59:59.999Z,0,78660947584460232078563589911563374793438830253187647752116584624248676234979,"sports,ufc,games",Sports,0.305
2214572,Map Handicap: FURIA (-1.5) vs Heroic (+1.5),cs2-furia-hero-2026-05-10-map-handicap-away-1pt5,Sports,55069.127126999985,2026-05-09T17:53:16.520465Z,2026-05-10T17:20:00Z,1,13579473428993435698633780840256936255055187928397913076757979064595763607243,"sports,esports,games,counter-strike-2",Sports,0.71
2096037,Houston Astros vs. Boston Red Sox,mlb-hou-bos-2026-05-03,Sports,624829.1889829992,2026-04-27T13:02:59.021374Z,2026-05-10T17:35:00Z,1,109806797289667318285117894013726633669917312042028058982205029444891121103956,"sports,games,mlb,baseball",Sports,0.435
2187779,Counter-Strike: INOX Division vs Brute - Map 2 Winner,cs2-inox-brute-2026-05-09-game2,Sports,25021.317524,2026-05-08T06:02:28.194704Z,2026-05-09T17:10:00Z,1,10497137671910652331278495970408427181498415104792755693487271068792751242637,"sports,esports,games,counter-strike-2",Sports,0.675
1961455,Will Botafogo FR win on 2026-05-10?,bra-cam-bot-2026-05-10-bot,Sports,13175.550365000001,2026-04-12T19:04:30.709639Z,2026-05-10T19:00:00Z,0,14964842577792191760041363839789061612132758703950291620608113827060889476888,"soccer,sports,games,brazil-serie-a",Sports,0.275
1959591,Will Atlanta United FC win on 2026-05-09?,mls-atl-lag-2026-05-09-atl,Sports,82395.22136299995,2026-04-12T16:14:46.201309Z,2026-05-09T23:30:00Z,0,64732297174219874985194368732719053541975198797209921962490210422776711664198,"sports,games,soccer,mls",Sports,0.395
2083075,SS Lazio vs. FC Internazionale Milano: O/U 3.5,sea-laz-int-2026-05-09-total-3pt5,Sports,66989.98783599999,2026-04-26T05:05:59.636212Z,2026-05-09T16:00:00Z,0,69647877189600945597774022409036296209986976024917746920407080303061525542322,"games,soccer,sea,sports",Sports,0.315
2216699,Seattle Mariners vs. Chicago White Sox: O/U 7.5,mlb-sea-cws-2026-05-10-total-7pt5,Sports,71103.220917,2026-05-09T19:18:43.450114Z,2026-05-10T18:10:00Z,0,87725571236074605071431182191632508019358359380155957181789137969934884148713,"sports,baseball,mlb,games",Sports,0.545
2154434,LoL: LOS vs Fluxo W7M - Game 4 Winner,lol-los-fxw7-2026-05-09-game4,Sports,41684.21501299999,2026-05-04T11:36:22.618667Z,2026-05-10T22:00:00Z,1,52279212623278296404367215653015828794576410747666293744051984653378759104931,"sports,esports,league-of-legends,games",Sports,0.5
2091297,Will Le Havre AC win on 2026-05-10?,fl1-hac-olm-2026-05-10-hac,Sports,54883.86173499999,2026-04-27T04:34:56.777269Z,2026-05-10T19:00:00Z,0,58798802526243940238162906946617822678659417404481521650015023047987914983263,"ligue-1,sports,games,soccer",Sports,0.275
2173741,CA Talleres vs. CA Belgrano: O/U 1.5,arg-tal-bel-2026-05-09-total-1pt5,Sports,10918.819068999996,2026-05-06T10:05:28.302589Z,2026-05-09T19:30:00Z,0,59317873084227739525173879775165414330386748747610771925662468888026569540940,"sports,games,soccer,arg",Sports,0.58
1970253,Yokohama F·Marinos vs. Kashima Antlers: O/U 2.5,j1100-yom-kas-2026-05-10-total-2pt5,Sports,17501.284474000007,2026-04-13T15:47:51.836112Z,2026-05-10T05:00:00Z,0,77535503445262242021602598855974129205473679326741070759378628905172440252210,"sports,japan-j-league,games,soccer",Sports,0.49
2125226,Spread: Galatasaray SK (-1.5),tur-gal-ant-2026-05-09-spread-home-1pt5,Sports,38823.303356000004,2026-04-30T14:04:58.050396Z,2026-05-09T17:00:00Z,1,52706840550169195485737175090096529945589375155099452744905348697227776798673,"sports,games,soccer,tur",Sports,0.645
2083584,Will Club Atlético de Madrid win on 2026-05-09?,lal-mad-cel-2026-05-09-mad,Sports,1413247.2330570049,2026-04-26T06:04:33.738782Z,2026-05-09T16:30:00Z,0,27201989390317725942677666905975926308811105550035093875018807481809433174679,"sports,games,soccer,la-liga",Sports,0.455
2133284,Saint-Malo: Jessika Ponchet vs Moyuka Uchijima,wta-ponchet-uchijim-2026-05-02,Sports,88694.06706600006,2026-05-01T16:03:05.83385Z,2026-05-09T11:00:00Z,0,83284913094643897429735844840927635367214924990173081846508748128048238804534,"tennis,sports,games",Sports,0.0005
1962218,Will Zhejiang Zhiye FC vs. Tianjin Jinmen Hu FC end in a draw?,chi-zhe-jin-2026-05-10-draw,Sports,15723.820285,2026-04-12T20:49:28.751861Z,2026-05-10T11:35:00Z,1,4721393149358643743620210152485186822988786421936719054694828707013755290894,"sports,games,soccer,chinese-super-league",Sports,0.235
2216477,Valorant: T1 vs Rex Regum Qeon - Map 1 Winner,val-t1-rrq1-2026-05-10-game1,Sports,18524.574881999997,2026-05-09T20:36:05.798976Z,2026-05-10T12:00:00Z,1,36603275772660278391459480161797215721284129579146662266548139539207006579190,"sports,esports,games,valorant",Sports,0.9995
2207436,Counter-Strike: Yawara Esports vs Turma do Pagode (BO3) - Odyssey Cup Brazil Playoffs,cs2-yaw-tdp-2026-05-10,Sports,21461.887754000007,2026-05-09T15:30:12.546998Z,2026-05-11T00:00:00Z,1,39583293702416927836815823844466674085617462298494800531399098284866130583769,"sports,esports,games,counter-strike-2",Sports,0.335
1959649,Will San Diego FC win on 2026-05-09?,mls-sea-sdg-2026-05-09-sdg,Sports,75136.25297399999,2026-04-12T16:07:22.118228Z,2026-05-10T02:30:00Z,0,12807009769163999457610194737418802437517560009237629761501770183815151498570,"sports,games,soccer,mls",Sports,0.195
2184737,Total Kills Over/Under 29.5 in Game 2?,lol-tes-we-2026-05-09-game2-kill-over-29pt5,Sports,13818.593733000002,2026-05-07T21:43:07.273553Z,2026-05-09T17:00:00Z,0,97275024030475696480142180209025553710293298230934547085702956196406399972002,"sports,esports,league-of-legends,games",Sports,0.49
2187777,Counter-Strike: INOX Division vs Brute (BO3) - CCT Europe Challengers Series Playoffs,cs2-inox-brute-2026-05-09,Sports,23474.619115999983,2026-05-08T06:02:34.300476Z,2026-05-09T17:10:00Z,1,19787444500313167872462154801921771979577464942458480789482480882325729864144,"sports,esports,games,counter-strike-2",Sports,0.745
2083026,Manchester City FC vs. Brentford FC: O/U 2.5,epl-mac-bre-2026-05-09-total-2pt5,Sports,154498.31696699982,2026-04-26T05:09:11.586732Z,2026-05-09T16:30:00Z,1,66094765233954239802057192357695632284575435303787814716151890220911933939577,"sports,games,soccer,premier-league,EPL",Sports,0.695
2214559,Counter-Strike: Aurora Gaming vs The Huns Esports - Map 2 Winner,cs2-aur1-the9-2026-05-10-game2,Sports,23679.500393,2026-05-09T16:49:29.034552Z,2026-05-10T14:20:00Z,1,67018374780847971806520133906547171065028001165772125755727048888556743167891,"sports,esports,games,counter-strike-2",Sports,0.9995
2083015,Spread: VfL Wolfsburg (-2.5),bun-wol-bay-2026-05-09-spread-home-2pt5,Sports,12903.660131,2026-04-26T05:16:49.379312Z,2026-05-09T16:30:00Z,0,96819325239471436980662954436932614286374236937009060027050379843691901853750,"sports,games,soccer,bundesliga",Sports,0.033
2083834,Sevilla FC vs. RCD Espanyol de Barcelona: O/U 3.5,lal-sev-esp-2026-05-09-total-3pt5,Sports,10887.601528000001,2026-04-26T07:02:55.43258Z,2026-05-09T14:15:00Z,0,78636764549244045082418211722887861044858046736180863884237450480548573351356,"sports,games,soccer,la-liga",Sports,0.21
1961913,Will FC København win on 2026-05-10?,den-sif-kob-2026-05-10-kob,Sports,22047.400566,2026-04-12T20:05:28.932603Z,2026-05-10T14:00:00Z,1,104506776303562872682532085284441221291878094406691048512971307465669320679250,"sports,games,soccer,denmark-superliga",Sports,0.545
1970437,Shenzhen Xinpengcheng FC vs. Shandong Taishan FC: O/U 1.5,chi-xin-sha-2026-05-10-total-1pt5,Sports,14943.517556000006,2026-04-13T16:03:20.086346Z,2026-05-10T12:00:00Z,1,19438725880303958181916815978465955929403503173406925662858184174758883049588,"sports,games,soccer,chinese-super-league",Sports,0.82
2093047,Real Oviedo vs. Getafe CF: O/U 1.5,lal-ovi-get-2026-05-10-total-1pt5,Sports,175101.0103700001,2026-04-27T07:02:38.033133Z,2026-05-10T16:30:00Z,0,11081682723360008804537787835546707428196660056043288247971893574166812305704,"sports,games,soccer,la-liga",Sports,0.615
2192044,Chicago Cubs vs. Texas Rangers: O/U 8.5,mlb-chc-tex-2026-05-09-total-8pt5,Sports,37729.966438000025,2026-05-08T18:51:01.109569Z,2026-05-09T23:05:00Z,0,37755208573399207383557491377899088055890900810749885862878380319536964982781,"sports,baseball,mlb,games",Sports,0.495
2125232,Galatasaray SK vs. Antalyaspor: O/U 1.5,tur-gal-ant-2026-05-09-total-1pt5,Sports,11025.862109999996,2026-04-30T14:05:08.022357Z,2026-05-09T17:00:00Z,1,74913693940458581915595638428936515560681536459241773545176634912952891932677,"sports,games,soccer,tur",Sports,0.885
2103894,Will FK Shakhtar Donetsk win on 2026-05-10?,ukr1-sp-shd-2026-05-10-shd,Sports,26279.427532999995,2026-04-28T20:03:43.419914Z,2026-05-10T12:30:00Z,1,21690434203299207773861721039098296680068146268452803606330919236377402822891,"sports,games,soccer,ukraine-premier-liha",Sports,0.94
2091238,Will Hamburger SV win on 2026-05-10?,bun-hsv-fre-2026-05-10-hsv,Sports,167608.2185439999,2026-04-27T04:11:11.261168Z,2026-05-10T13:30:00Z,1,78330306346479458070372697679812115314575023192010359311474699309017553742563,"sports,games,soccer,bundesliga",Sports,0.345
2154330,LoL: Ground Zero Gaming vs CTBC Flying Oyster - Game 2 Winner,lol-gz-cfo-2026-05-09-game2,Sports,25036.791090000017,2026-05-04T11:27:38.248491Z,2026-05-09T15:10:00Z,0,17329605605261844464321878573541328184320588837703246127278110634169564766577,"sports,esports,league-of-legends,games",Sports,0.43
2092362,AC Milan vs. Atalanta BC: Both Teams to Score,sea-mil-ata-2026-05-10-btts,Sports,29665.80458900001,2026-04-27T05:10:30.303691Z,2026-05-10T18:45:00Z,1,84679728122950788895617337293890586245102497704427635557591316348968751193246,"sports,games,soccer,sea",Sports,0.565
2223870,Dota 2: PlayTime vs Nigma Galaxy (BO3) - 1win Essence Playoffs,dota2-playti-ngx-2026-05-10,Sports,270391.06999600015,2026-05-10T17:02:41.006692Z,2026-05-11T00:20:00Z,1,3792472167197644027294197607384408959988068521810573689269758868540970397004,"sports,esports,games,dota-2",Sports,0.9995
2207386,Thunder vs. Lakers: 1H O/U 103.5,nba-okc-lal-2026-05-09-1h-total-103pt5,Sports,10650.379499999997,2026-05-09T10:36:56.862175Z,2026-05-10T00:30:00Z,1,57855126603001024457706556246135716032323097140216830990637359043475495088880,"sports,basketball,nba,games",Sports,0.505
2007963,Will CA Grau win on 2026-05-09?,per1-cag-cs1-2026-05-09-cag,Sports,19268.699185999998,2026-04-17T19:05:17.747979Z,2026-05-09T20:15:00Z,0,85631918291355277711226197208214456465183516269258388452307258639012542872135,"sports,games,soccer",Sports,0.45
2017421,O/U 2.5 Rounds,ufc-gra-mat13-2026-05-09-totals-2pt5,Sports,15190.377563000002,2026-04-18T22:05:29.978993Z,2026-05-10T03:59:59.999Z,1,80393485398586026937176796686934488195215439101946947131457393096780251087004,"sports,ufc,games",Sports,0.565
2096068,Kansas City Royals vs. Seattle Mariners,mlb-kc-sea-2026-05-03,Sports,360356.8450879998,2026-04-27T13:03:08.943186Z,2026-05-10T20:10:00Z,1,6189409391076925426953191419311118644232296516871047072675718790330603323721,"sports,games,mlb,baseball",Sports,0.475
2142078,LoL: Kiwoom DRX vs Hanwha Life Esports - Game 2 Winner,lol-drx-hle1-2026-05-10-game2,Sports,400197.06341299985,2026-05-02T18:52:52.436704Z,2026-05-10T16:15:00Z,0,990673836366475595314107102495778084903386633897858634143878335585841595740,"sports,esports,league-of-legends,games",Sports,0.15
2158581,Counter-Strike: MOUZ vs Gentle Mates - Map 1 Winner,cs2-mouz-m8-2026-05-09-game1,Sports,209645.42081199997,2026-05-04T18:03:28.156225Z,2026-05-09T13:05:00Z,1,48320910721566171182168842597027694723940650648188449685979771214290952835433,"sports,esports,games,counter-strike-2",Sports,0.66
2214583,Map Handicap: PRV (-1.5) vs Fisher College (+1.5),cs2-prv-fc-2026-05-10-map-handicap-away-1pt5,Sports,41947.15653100001,2026-05-09T16:34:07.141879Z,2026-05-10T16:05:00Z,1,82690447291218144220036616733845648003660482816691360008552945223810918870295,"sports,esports,games,counter-strike-2",Sports,0.9995
2187887,Counter-Strike: Nemiga vs INOX Division (BO3) - BC Game Masters Europe Series #1 Playoffs,cs2-nemi1-inox-2026-05-09,Sports,53965.32368799998,2026-05-08T06:22:27.54213Z,2026-05-09T20:00:00Z,1,1117749456682161648990098270339558689002584606822912072158408469583407400543,"sports,esports,games,counter-strike-2",Sports,0.58
2092830,Will Athletic Club win on 2026-05-10?,lal-bil-val-2026-05-10-bil,Sports,169859.53373900018,2026-04-27T06:04:39.172404Z,2026-05-10T14:15:00Z,0,114916804647261026022868866270937998782260747313936645685692816996452751254195,"sports,games,soccer,la-liga",Sports,0.575
2083016,Spread: Juventus FC (-1.5),sea-lec-juv-2026-05-09-spread-away-1pt5,Sports,18760.066198000008,2026-04-26T05:14:51.445781Z,2026-05-09T18:45:00Z,0,99888538186989431010784425489360812105308950498153796788889601226931126485669,"sports,games,soccer,sea",Sports,0.425
2192037,Spread: Miami Marlins (-1.5),mlb-wsh-mia-2026-05-09-spread-home-1pt5,Sports,21524.642956999996,2026-05-08T18:55:26.629142Z,2026-05-09T20:10:00Z,0,92336330756976161625343543749642241358610759177452429660809970349374645270691,"sports,baseball,mlb,games",Sports,0.41
2038444,Al Fayha Saudi Club vs. Al Qadisiyah Saudi Club: O/U 3.5,spl-fay-qad-2026-05-09-total-3pt5,Sports,17069.366527,2026-04-20T23:12:01.459954Z,2026-05-09T18:00:00Z,0,114376002555347542844022415614325070330630424196943636817193989920502846378729,"sports,games,soccer,saudi-professional-league",Sports,0.365
1961780,Will Tōkyō Verdy win on 2026-05-10?,j1100-fct-ver-2026-05-10-ver,Sports,10389.029456999997,2026-04-12T19:35:33.435293Z,2026-05-10T06:00:00Z,0,29070916695888914689701996828222944295740367481662120697530908523450774790628,"sports,japan-j-league,games,soccer",Sports,0.2
2217159,Pistons vs. Cavaliers: O/U 216.5,nba-det-cle-2026-05-09-total-216pt5,Sports,25856.341587,2026-05-09T20:25:14.982169Z,2026-05-09T19:00:00Z,1,80138708937074996761649957688808736471610315970687215818374889741029787516734,"sports,basketball,nba,games",Sports,0.9995
2134844,Abidjan 2: Niels Visker vs Michael Mmoh,atp-visker-mmoh-2026-05-02,Sports,278488.1437189999,2026-05-01T22:06:35.927396Z,2026-05-09T18:30:00Z,0,12003863602198427013570071766394162167855349224881609260820563110230801876631,"tennis,sports,games",Sports,0.205
2099515,FC Andorra vs. UD Las Palmas: O/U 2.5,es2-and-lpm-2026-05-10-total-2pt5,Sports,10640.622820000002,2026-04-27T19:03:13.143304Z,2026-05-10T12:00:00Z,1,106573671748673863083000453377006081352971963382394093136877454405144645258587,"sports,games,soccer,la-liga-2",Sports,0.495
2092422,Hamburger SV vs. SC Freiburg: O/U 2.5,bun-hsv-fre-2026-05-10-total-2pt5,Sports,35105.37550100002,2026-04-27T05:05:30.112663Z,2026-05-10T13:30:00Z,1,33417911711996582502839581788733121774637742274551382445925832718688470043265,"sports,games,soccer,bundesliga",Sports,0.575
2085830,Toronto Blue Jays vs. Minnesota Twins,mlb-tor-min-2026-05-02,Sports,648081.6603290002,2026-04-26T13:03:37.777132Z,2026-05-09T18:10:00Z,1,50575410398045667549269746005291713259055285685059197629066990858463631730140,"sports,games,mlb,baseball",Sports,0.55
2116801,Will Eyüpspor win on 2026-05-09?,tur-eyu-riz-2026-05-09-eyu,Sports,16540.739331999994,2026-04-29T16:19:11.356021Z,2026-05-09T17:00:00Z,1,12110488350674471153947311525651784274532525915059103858620301160995490106143,"sports,games,soccer,tur",Sports,0.485
2093058,Athletic Club vs. Valencia CF: O/U 2.5,lal-bil-val-2026-05-10-total-2pt5,Sports,332028.25907899963,2026-04-27T07:03:33.285367Z,2026-05-10T14:15:00Z,0,21444113745194011835617640234654751262051422773600700430624637862821775699596,"sports,games,soccer,la-liga",Sports,0.495
2092434,ACF Fiorentina vs. Genoa CFC: Both Teams to Score,sea-fio-gen-2026-05-10-btts,Sports,14312.544146000006,2026-04-27T05:06:43.649827Z,2026-05-10T13:00:00Z,0,69419335347890486068817048667275841408497985835068601534985895966125373139504,"sports,games,soccer,sea",Sports,0.515
2051649,Will Lewis Hamilton win the 2026 F1 Miami Grand Prix?,f1-miami-grand-prix-winner-hamilton-2026-05-03,Sports,33521.826598,2026-04-22T11:35:28.807687Z,2026-05-10T20:00:00Z,0,99006544441953986063764182488530745779777937069679539118692318366172844997273,"formula1,f1,sports,grand-prix,games",Sports,0.0325
2083132,TSG 1899 Hoffenheim vs. SV Werder Bremen: O/U 2.5,bun-hof-wer-2026-05-09-total-2pt5,Sports,46315.50012800002,2026-04-26T05:04:42.956112Z,2026-05-09T13:30:00Z,0,15947464342622780390543885298498213624704299747712286008426987935061949501315,"sports,games,soccer,bundesliga",Sports,0.705
2088086,Málaga CF vs. Real Sporting de Gijón: O/U 2.5,es2-mal-spo-2026-05-09-total-2pt5,Sports,18566.764579999995,2026-04-26T19:03:07.350297Z,2026-05-09T19:00:00Z,1,5825125271120534906560933764748823789747556085979981804414868954252151146006,"sports,games,soccer,la-liga-2",Sports,0.575
2214524,Counter-Strike: MOUZ vs G2 (BO3) - PGL Astana Group Stage,cs2-mouz-g2-2026-05-10,Sports,965410.6347140011,2026-05-09T18:11:49.502997Z,2026-05-10T11:00:00Z,1,99964390186518417192706347977178277281535136219985204904083730959608200216881,"sports,esports,games,counter-strike-2",Sports,0.445
2184837,Valorant: Team Heretics vs BBL Esports (BO3) - VCT EMEA Playoffs,val-th1-bbl1-2026-05-09,Sports,241714.9298799995,2026-05-07T22:12:30.989315Z,2026-05-09T21:00:00Z,1,62154167381843547329992713267726547505726707209968237620058600079580382202244,"sports,esports,games,valorant",Sports,0.605
2089241,ICC Cricket World Cup League Two: United Arab Emirates vs Oman,crint-are-omn-2026-05-02,Sports,81842.28609500002,2026-04-26T21:37:29.731794Z,2026-05-10T03:45:00Z,1,89983790512328456080552932203685350181388484956326784045123301391926880292471,"games,international-cricket,sports,cricket",Sports,0.555
2093039,FC Barcelona vs. Real Madrid CF: O/U 3.5,lal-bar-rea-2026-05-10-total-3pt5,Sports,341285.3640090001,2026-04-27T07:02:41.142053Z,2026-05-10T19:00:00Z,0,31470902113487185685147766204216345130961096339471383697878573611937737920290,"games,soccer,la-liga,sports",Sports,0.565
2092436,Burnley FC vs. Aston Villa FC: Both Teams to Score,epl-bur-ast-2026-05-10-btts,Sports,22561.49081199998,2026-04-27T05:16:22.450661Z,2026-05-10T13:00:00Z,1,82887024717234172479032750832367695702095532199632811386816326005815415248853,"sports,games,soccer,premier-league,EPL",Sports,0.52
2017376,"UFC 328: Yaroslav Amosov vs. Joel Álvarez (Welterweight, Prelims)",ufc-yar-joe-2026-05-09,Sports,448311.6755519998,2026-04-18T22:09:20.13683Z,2026-05-10T03:59:59.999Z,1,54391976551747864158630872938788648445078853902500901829624796486207661808284,"sports,ufc,games",Sports,0.625
2017413,"UFC 328: Grant Dawson vs. Mateusz Rebecki (Lightweight, Prelims)",ufc-gra-mat13-2026-05-09,Sports,1193949.173344997,2026-04-18T22:04:07.900865Z,2026-05-10T03:59:59.999Z,1,112205748806845878448479265096329775220942920855820195075973084023877006874928,"sports,ufc,games",Sports,0.555
2204275,1H Spread: 76ers (-0.5),nba-nyk-phi-2026-05-10-1h-spread-home-0pt5,Sports,17613.527358999996,2026-05-09T06:04:52.06836Z,2026-05-10T19:30:00Z,0,64512946981877861019387073674225004646185791212669701067835831036498503888236,"sports,basketball,nba,games",Sports,0.45
2083577,Will CD Castellón win on 2026-05-09?,es2-ceu-cas-2026-05-09-cas,Sports,26767.98042500001,2026-04-26T06:06:27.017258Z,2026-05-09T12:00:00Z,0,53465567723983415420313967479981774857135077617812484774903021779641912337147,"sports,games,soccer,la-liga-2",Sports,0.595
2214535,Counter-Strike: K27 vs Gentle Mates (BO3) - PGL Astana Group Stage,cs2-k271-m8-2026-05-10,Sports,345481.61472500005,2026-05-09T16:00:10.317498Z,2026-05-10T11:00:00Z,0,91614616362173922197140999163070840093656400759446389397385428804870245628188,"sports,esports,games,counter-strike-2",Sports,0.435
2083805,Real Sociedad de Fútbol vs. Real Betis Balompié: Both Teams to Score,lal-rso-bet-2026-05-09-btts,Sports,41324.67388200001,2026-04-26T07:03:21.806212Z,2026-05-09T19:00:00Z,1,55135439369655774385815949380866333232209977042415177418351339466482678756165,"sports,games,soccer,la-liga",Sports,0.625
2083852,Elche CF vs. Deportivo Alavés: Both Teams to Score,lal-elc-ala-2026-05-09-btts,Sports,32684.596306,2026-04-26T07:03:24.113582Z,2026-05-09T12:00:00Z,1,62239952480676202689068594607148854963964241092838037855525947560543933977962,"sports,games,soccer,la-liga",Sports,0.555
2083600,Will Real Sporting de Gijón win on 2026-05-09?,es2-mal-spo-2026-05-09-spo,Sports,16338.214130999999,2026-04-26T06:05:17.414919Z,2026-05-09T19:00:00Z,0,74569318621174122062244884114094759896797736746489156995330596973697880328156,"sports,games,soccer,la-liga-2",Sports,0.17
2140928,Wuxi: Adam Walton vs Yu-Hsiou Hsu,atp-walton-hsu-2026-05-03,Sports,136768.10369700016,2026-05-02T16:04:30.027548Z,2026-05-11T03:00:00Z,1,115214345385954641779310067638399655066293981470418911983888864453362041207561,"tennis,sports,games",Sports,0.675
2091248,Will SC Freiburg win on 2026-05-10?,bun-hsv-fre-2026-05-10-fre,Sports,632587.1133610005,2026-04-27T04:11:25.233886Z,2026-05-10T13:30:00Z,0,17545747557459465725997767268175602706752489226455246325014513710736534626768,"sports,games,soccer,bundesliga",Sports,0.395
2167915,Will CD Tolima win on 2026-05-09?,col1-cdt-adp-2026-05-09-cdt,Sports,80287.20346600015,2026-05-05T19:05:51.782709Z,2026-05-09T23:10:00Z,1,20499110219240948369937289481856064841219742493951782870150288210226184451315,"games,soccer,sports",Sports,0.485
2149598,Map Handicap: MIBR (-1.5) vs Team Envy (+1.5),val-nv2-mibr-2026-05-09-map-handicap-home-1pt5,Sports,25662.278422999992,2026-05-03T17:42:54.029778Z,2026-05-10T05:30:00Z,0,78895193516601552561576923810895618957821528197712626617905861999537500728194,"sports,esports,games,valorant",Sports,0.645
2166830,Total Kills Over/Under 28.5 in Game 2?,lol-los-fxw7-2026-05-09-game2-kill-over-28pt5,Sports,17106.169002000006,2026-05-05T16:53:19.815522Z,2026-05-10T22:00:00Z,1,104844661079836831804450524678986976977582903424759177344398366238247066045889,"sports,esports,league-of-legends,games",Sports,0.545
2092481,Spread: Olympique de Marseille (-1.5),fl1-hac-olm-2026-05-10-spread-away-1pt5,Sports,20616.612838999998,2026-04-27T05:04:00.051327Z,2026-05-10T19:00:00Z,0,88540051755046417972937121314383694286618212872665943150373845275716843861741,"sports,games,soccer,ligue-1",Sports,0.25
2091286,Will Crystal Palace FC vs. Everton FC end in a draw?,epl-cry-eve-2026-05-10-draw,Sports,111061.50069800003,2026-04-27T04:12:31.495562Z,2026-05-10T13:00:00Z,1,2338717855620888008810252224243687551956934342512288653148779264758439080951,"sports,games,soccer,premier-league,EPL",Sports,0.285
2163639,Counter-Strike: Galorys vs Bounty Hunters Esports (BO3) - Odyssey Cup Brazil Playoffs,cs2-gls1-bhe-2026-05-09,Sports,25885.458592000003,2026-05-05T08:13:21.948036Z,2026-05-10T04:30:00Z,1,115775192928742714912023153688704285571022139049309551983269175007820331186541,"sports,esports,games,counter-strike-2",Sports,0.435
2142080,Game Handicap: HLE (-1.5) vs Kiwoom DRX (+1.5),lol-drx-hle1-2026-05-10-game-handicap-home-1pt5,Sports,276887.8682060003,2026-05-02T18:47:52.446338Z,2026-05-10T16:15:00Z,0,88673662418187664002450577708309728894024296247636353802905449724726443178582,"sports,esports,league-of-legends,games",Sports,0.735
1960465,CF Montréal vs. Orlando City SC: O/U 2.5,mls-mim-orl-2026-05-09-total-2pt5,Sports,13165.819967000001,2026-04-12T17:08:21.279679Z,2026-05-09T20:30:00Z,0,94026979271063981493448262303082501062799605310562694655774592909531925198940,"sports,games,soccer,mls",Sports,0.63
2092456,US Cremonese vs. Pisa SC: O/U 3.5,sea-cre-pis-2026-05-10-total-3pt5,Sports,46598.78130300001,2026-04-27T05:09:07.455448Z,2026-05-10T13:00:00Z,0,39927074856372735574943415910237158003203544761573815442862348412060911000819,"sports,games,soccer,sea",Sports,0.225
1961784,Will Kashiwa Reysol win on 2026-05-10?,j1100-rey-kaw-2026-05-10-rey,Sports,62280.70932699998,2026-04-12T19:34:29.853907Z,2026-05-10T07:00:00Z,1,45872860722660492425191950132014167808375165485668367418329770865519965847232,"sports,japan-j-league,games,soccer",Sports,0.475
2085979,Holstein Kiel vs. 1. FC Magdeburg: O/U 2.5,bl2-ksv-fcm-2026-05-09-total-2pt5,Sports,10063.033146000003,2026-04-26T13:33:04.321138Z,2026-05-09T11:00:00Z,1,21154546429813064077811827303670048566066703198305125441994678282655743333484,"sports,games,soccer,bundesliga-2",Sports,0.66
2187610,Spread: Thunder (-8.5),nba-okc-lal-2026-05-09-spread-away-8pt5,Sports,1314220.8739720026,2026-05-08T05:23:40.118954Z,2026-05-10T00:30:00Z,1,222838240690388565426407011118579461820359196208570487310620544026510294907,"sports,basketball,nba,games",Sports,0.515
2083831,Sevilla FC vs. RCD Espanyol de Barcelona: O/U 1.5,lal-sev-esp-2026-05-09-total-1pt5,Sports,77482.76263899998,2026-04-26T07:02:43.665599Z,2026-05-09T14:15:00Z,1,31130513907758087841591733108378002559279581666044053820659537378423993718994,"sports,games,soccer,la-liga",Sports,0.68
2082109,Will Chelsea FC win on 2026-05-09?,epl-liv-che-2026-05-09-che,Sports,538132.4167939995,2026-04-26T04:17:22.355351Z,2026-05-09T11:30:00Z,0,15515883743455858977049763114748705773839908244429861308585102827405317710237,"sports,games,soccer,premier-league,EPL",Sports,0.245
2082177,Will FC Bayern München win on 2026-05-09?,bun-wol-bay-2026-05-09-bay,Sports,3876558.6741659828,2026-04-26T04:34:59.893767Z,2026-05-09T16:30:00Z,1,12499846012492085186775396258523809624066358696158615948225912841397742758986,"sports,soccer,games,bundesliga",Sports,0.615
2084766,Will Heart of Midlothian FC win on 2026-05-09?,scop-mot-hmi-2026-05-09-hmi,Sports,47308.84488799998,2026-04-26T09:05:22.190482Z,2026-05-09T19:00:00Z,0,83769999791608046144978229557729231147169048508795324520284319347058508033705,"sports,games,soccer,scottish-premiership",Sports,0.4
2092836,Will Real Oviedo win on 2026-05-10?,lal-ovi-get-2026-05-10-ovi,Sports,540931.1992629993,2026-04-27T06:06:03.914268Z,2026-05-10T16:30:00Z,0,51341455173448386841423358296792916016951373868719584002385156113547082561244,"sports,games,soccer,la-liga",Sports,0.345
1977976,Fortuna Sittard vs. PEC Zwolle: O/U 3.5,ere-sit-zwo-2026-05-10-total-3pt5,Sports,10654.22773,2026-04-14T06:02:54.760447Z,2026-05-10T14:45:00Z,1,109043158787527900999519929301145203380071191844161557027603321812374552025204,"sports,games,soccer,ere",Sports,0.4
2217463,Valorant: Eternal Fire vs Gentle Mates - Map 2 Winner,val-ef-gm-2026-05-10-game2,Sports,28577.159578000006,2026-05-09T21:46:26.483097Z,2026-05-11T00:35:00Z,1,20616935153180859056856880721280715260429652566914173166665274352896521922739,"sports,esports,games,valorant",Sports,0.465
2158638,Counter-Strike: FURIA vs Monte (BO3) - PGL Astana Group Stage,cs2-furia-mnte-2026-05-09,Sports,269926.307166,2026-05-04T18:06:49.726307Z,2026-05-09T18:30:00Z,1,10846228787637593228809345299006056579304446259772728466490988611152904931407,"sports,esports,games,counter-strike-2",Sports,0.695
2135478,Sinner vs. Zverev: Match O/U 21.5,atp-sinner-zverev-2026-05-03-match-total-21pt5,Sports,26158.25358,2026-05-01T23:02:51.782323Z,2026-05-10T15:00:00Z,0,103097176346159341207022222005301227879157306172512474412072211539527632702802,"sports,tennis,games",Sports,0.545
2017340,O/U 2.5 Rounds,ufc-joa3-sea4-2026-05-09-totals-2pt5,Sports,11125.810932000002,2026-04-18T22:06:16.261948Z,2026-05-10T03:59:59.999Z,1,35127320187964418568787998860902735550819867864388511703972247776847939334006,"sports,ufc,games",Sports,0.52
2083112,Spread: Sunderland AFC (-2.5),epl-sun-mun-2026-05-09-spread-home-2pt5,Sports,33737.502673,2026-04-26T05:06:59.783272Z,2026-05-09T14:00:00Z,0,40188128153973599513144373127121490244255982238902542231093896217417682822125,"sports,games,soccer,premier-league,EPL",Sports,0.03
2167165,Will CA Boca Juniors win on 2026-05-09?,arg-boc-cah-2026-05-09-boc,Sports,218607.84191799976,2026-05-05T17:36:09.9215Z,2026-05-09T22:00:00Z,0,8905224721347730763040987626988625891345071340274723799840002634693450696857,"sports,games,soccer,arg",Sports,0.51
2092342,1. FSV Mainz 05 vs. 1. FC Union Berlin: O/U 2.5,bun-mai-uni-2026-05-10-total-2pt5,Sports,156330.59234799986,2026-04-27T05:12:19.476829Z,2026-05-10T17:30:00Z,1,90383779468344709215776727490411855381555609619583548718386843889649091684855,"sports,games,soccer,bundesliga",Sports,0.585
2089899,Will Atalanta BC win on 2026-05-10?,sea-mil-ata-2026-05-10-ata,Sports,202980.64526500023,2026-04-26T23:11:27.737031Z,2026-05-10T18:45:00Z,1,270629524602177515881447529279677191509028218661549854013205269524629312416,"sports,games,soccer,sea",Sports,0.275
2214593,Counter-Strike: Team Falcons vs 9z - Map 2 Winner,cs2-fal2-9z-2026-05-10-game2,Sports,229581.40840400022,2026-05-09T16:17:04.728881Z,2026-05-10T19:10:00Z,1,19243909399502033928579621076513511145403155812801046255852385605914362150235,"sports,esports,games,counter-strike-2",Sports,0.78
2093300,Manresa vs. Valencia,bkligend-man-val-2026-05-03,Sports,16247.166567000006,2026-04-27T07:32:29.275967Z,2026-05-10T10:00:00Z,1,104048410604390884467256624347488230407320367165279536998186513071027766891279,"sports,games,basketball,liga-endesa",Sports,0.285
2221045,Counter-Strike: Imperial vs largadosypelados - Map 2 Winner,cs2-imp11-ldp-2026-05-10-game2,Sports,13748.888030000004,2026-05-10T07:54:03.452125Z,2026-05-11T00:00:00Z,0,17442220117327597566071252330526162129686499153758844574224368207876531518198,"sports,esports,games,counter-strike-2",Sports,0.0005
1969703,Will Sparta Rotterdam win on 2026-05-10?,ere-twe-spa-2026-05-10-spa,Sports,15843.988886,2026-04-13T14:35:20.411262Z,2026-05-10T14:45:00Z,0,104839435181445243755577287759566183724498775220422524000732676672741392737066,"sports,games,soccer,ere",Sports,0.115
2116809,Will Trabzonspor win on 2026-05-09?,tur-bes-tra-2026-05-09-tra,Sports,37846.63616299999,2026-04-29T16:21:05.466792Z,2026-05-09T17:00:00Z,1,90431525003764449584647746897792647331619748249449603201083850776459751052434,"sports,games,soccer,tur",Sports,0.275
2082151,Will RB Leipzig win on 2026-05-09?,bun-lei-pau-2026-05-09-lei,Sports,1214447.4537890002,2026-04-26T04:13:01.332728Z,2026-05-09T13:30:00Z,1,89820850553348683059382099677183412795039849478984330049429602316336924839092,"bundesliga,sports,games,soccer",Sports,0.745
2055101,"UFC 328: Pat Sabatini vs. William Gomis (Featherweight, Early Prelims)",ufc-pat2-wil5-2026-05-09,Sports,567696.133315999,2026-04-22T22:03:10.092006Z,2026-05-10T03:59:59.999Z,1,4721598701385505260557192418193703552652406901053559889428341521311068141346,"sports,ufc,games",Sports,0.595
2083018,Spread: FC Bayern München (-2.5),bun-wol-bay-2026-05-09-spread-away-2pt5,Sports,17928.679030999996,2026-04-26T05:16:15.561417Z,2026-05-09T16:30:00Z,0,21305421742742911657058280815699849723447149057715314223777458486667924950977,"sports,games,soccer,bundesliga",Sports,0.235
1969724,Will Feyenoord Rotterdam win on 2026-05-10?,ere-fey-az-2026-05-10-fey,Sports,82769.76441,2026-04-13T14:36:20.605384Z,2026-05-10T14:45:00Z,0,24307685791397619791438904304432509838804786373206789969875178554799774500627,"sports,games,soccer,ere",Sports,0.525
2092391,Crystal Palace FC vs. Everton FC: O/U 3.5,epl-cry-eve-2026-05-10-total-3pt5,Sports,45609.85305899999,2026-04-27T05:09:53.74597Z,2026-05-10T13:00:00Z,1,98617877414363301346212854474744432174578262980439226713948632741112424350480,"sports,games,soccer,premier-league,EPL",Sports,0.285
2083130,Sunderland AFC vs. Manchester United FC: O/U 2.5,epl-sun-mun-2026-05-09-total-2pt5,Sports,86645.98732000003,2026-04-26T05:04:14.936762Z,2026-05-09T14:00:00Z,0,53822939185126941874438287239501754872115137054468377886062491708634842277073,"sports,games,soccer,premier-league,EPL",Sports,0.555
2096047,Milwaukee Brewers vs. Washington Nationals,mlb-mil-wsh-2026-05-03,Sports,282252.33330399997,2026-04-27T13:02:51.729069Z,2026-05-10T17:35:00Z,0,108195300951450490334019623828351725939968730983666335278301920589303828218946,"sports,games,mlb,baseball",Sports,0.555
2216697,Minnesota Twins vs. Cleveland Guardians: O/U 7.5,mlb-min-cle-2026-05-10-total-7pt5,Sports,29810.88496299999,2026-05-09T20:55:41.217468Z,2026-05-10T17:40:00Z,1,53216118062954943327790553341229028310370959952306455035421555358199792427048,"sports,baseball,mlb,games",Sports,0.505
2083021,VfL Wolfsburg vs. FC Bayern München: O/U 1.5,bun-wol-bay-2026-05-09-total-1pt5,Sports,57654.41858199994,2026-04-26T05:09:27.672068Z,2026-05-09T16:30:00Z,0,18680914750060503774641234276039011830480097574138430789619204116166233427232,"sports,games,soccer,bundesliga",Sports,0.92
2222547,Knicks vs. 76ers: 1H O/U 110.5,nba-nyk-phi-2026-05-10-1h-total-110pt5,Sports,12568.180640000002,2026-05-10T14:12:34.081914Z,2026-05-10T19:30:00Z,1,82385919831902654584770408836566941118137328126305543053021158073109239340741,"sports,basketball,nba,games",Sports,0.9995
1961428,Will Fluminense FC vs. EC Vitória end in a draw?,bra-flu-vit-2026-05-09-draw,Sports,38918.615574999996,2026-04-12T19:06:58.134523Z,2026-05-09T21:00:00Z,1,113510045289505725452617108510693790128437697798381256392491910668212952162450,"sports,games,soccer,brazil-serie-a",Sports,0.205
2051871,Will Lewis Hamilton finish on the podium at the 2026 F1 Miami Grand Prix?,f1-miami-grand-prix-driver-podium-hamilton-2026-05-03,Sports,12751.723075999998,2026-04-22T11:34:03.730422Z,2026-05-10T20:00:00Z,0,67377235235322914619647637054853995310616247558074764093157494589306402796037,"formula1,f1,sports,grand-prix,games",Sports,0.15
1960481,Chicago Fire FC vs. New York Red Bulls: O/U 4.5,mls-chi-nyr-2026-05-09-total-4pt5,Sports,17715.480167,2026-04-12T17:15:16.754033Z,2026-05-09T18:30:00Z,0,8031246561284934378990507831790566691404025430449166204857094167869379206534,"sports,games,soccer,mls",Sports,0.31
2092388,Parma Calcio 1913 vs. AS Roma: O/U 3.5,sea-par-rom-2026-05-10-total-3pt5,Sports,21884.531846000005,2026-04-27T05:06:35.585912Z,2026-05-10T16:00:00Z,1,62345826741859387023777024494254862264379735362701264900232939207509498908265,"sports,games,soccer,sea",Sports,0.25
2156290,Will Jake Knapp finish in the Top 20 at the 2026 Truist Championship?,2026-truist-championship-top20-jake-knapp,Sports,14194.83,2026-05-04T16:18:43.605037Z,2026-05-10T00:00:00Z,0,100724318986680800400980809915560800838648900733096092953428977816827920695275,"sports,golf,pga,pga-tour",Sports,0.002
2224252,Knicks vs. 76ers: O/U 215.5,nba-nyk-phi-2026-05-10-total-215pt5,Sports,56390.84606499999,2026-05-10T18:12:14.641173Z,2026-05-10T19:30:00Z,1,43240406226688390282876426615276707078195535491219798166792276451981898374602,"sports,basketball,nba,games",Sports,0.9995
2089891,Will ACF Fiorentina vs. Genoa CFC end in a draw?,sea-fio-gen-2026-05-10-draw,Sports,83327.00209599998,2026-04-26T23:08:07.965798Z,2026-05-10T13:00:00Z,1,2891471100531172563560089866793672859484856478899282860536803944778179439590,"sports,games,soccer,sea",Sports,0.285
1961427,Will Club Guabirá win on 2026-05-09?,bol1-gua-gvs-2026-05-09-gua,Sports,26685.569948000008,2026-04-12T19:06:15.631691Z,2026-05-09T21:15:00Z,1,106967416519895666680497347818429809740472942784180499587104043895686078513028,"sports,games,soccer",Sports,0.55
1961449,Will CA Mineiro win on 2026-05-10?,bra-cam-bot-2026-05-10-cam,Sports,16579.64274800001,2026-04-12T19:04:22.671322Z,2026-05-10T19:00:00Z,0,83923197259746614477619804661958542482524406471670434385032004113585720014646,"soccer,sports,games,brazil-serie-a",Sports,0.435
2051652,Will George Russell win the 2026 F1 Miami Grand Prix?,f1-miami-grand-prix-winner-russell-2026-05-03,Sports,45131.54381400002,2026-04-22T11:35:44.4521Z,2026-05-10T20:00:00Z,0,27484942588249893512420526515174325160404849491497454846595905759918184678897,"formula1,f1,sports,grand-prix,games",Sports,0.07
2036459,Will Al Ettifaq Saudi Club win on 2026-05-09?,spl-kha-ett-2026-05-09-ett,Sports,11136.973291999997,2026-04-20T19:37:49.961465Z,2026-05-09T15:55:00Z,1,103442302231887197642109392074577398081085368972517562093794947198753008498772,"sports,games,soccer,saudi-professional-league",Sports,0.325
2187863,Counter-Strike: Imperial vs Yawara Esports - Map 1 Winner,cs2-imp11-yaw-2026-05-09-game1,Sports,33429.809245000004,2026-05-08T06:14:29.152986Z,2026-05-10T04:15:00Z,0,85128746861705200928282673877008549295989126814504445264124102270378365518747,"sports,esports,games,counter-strike-2",Sports,0.68
2113266,SK Poltava vs. FK Shakhtar Donetsk: O/U 2.5,ukr1-sp-shd-2026-05-10-total-2pt5,Sports,13439.840766,2026-04-29T06:02:43.299204Z,2026-05-10T12:30:00Z,1,80333060088646651889501134202689961653872451632508912100866106879187537463969,"sports,games,soccer,ukraine-premier-liha",Sports,0.835
1959598,Will Charlotte FC vs. FC Cincinnati end in a draw?,mls-clt-fcc-2026-05-09-draw,Sports,17834.852555999994,2026-04-12T16:09:45.279754Z,2026-05-09T23:30:00Z,1,77338624719723545286015579093661586088931192063789027933100764764477525460452,"sports,games,soccer,mls",Sports,0.245
2036471,Will Damac Saudi Club win on 2026-05-10?,spl-ith-dam-2026-05-10-dam,Sports,13487.855731999998,2026-04-20T19:38:07.975142Z,2026-05-10T18:00:00Z,0,109271919385806153864482857535079736548301786738364018236520061182222949917792,"sports,games,soccer,saudi-professional-league",Sports,0.155
2216439,Washington Nationals vs. Miami Marlins: O/U 8.5,mlb-wsh-mia-2026-05-10-total-8pt5,Sports,24780.947030999996,2026-05-09T18:32:58.251336Z,2026-05-10T16:15:00Z,0,46363586127569151452910942043337922060049086688916335788965019358222641735264,"sports,baseball,mlb,games",Sports,0.495
2140643,Game Handicap: AL (-1.5) vs JD Gaming (+1.5),lol-jdg-al-2026-05-10-game-handicap-home-1pt5,Sports,32570.291012,2026-05-02T15:33:45.880909Z,2026-05-10T17:20:00Z,0,87788597140839793933239027477522053734212577967474733036756399710829976620133,"sports,esports,league-of-legends,games",Sports,0.29
2096373,Spread: SV Darmstadt 98 (-1.5),bl2-mun-svd-2026-05-10-spread-away-1pt5,Sports,41195.991669000025,2026-04-27T13:38:30.125225Z,2026-05-10T11:30:00Z,0,35684900098573220122176966330000654313443346693573520226428684091417258148917,"sports,games,soccer,bundesliga-2",Sports,0.15
2083572,Will Elche CF win on 2026-05-09?,lal-elc-ala-2026-05-09-elc,Sports,347919.77393299976,2026-04-26T06:05:41.748652Z,2026-05-09T12:00:00Z,0,75194994760520623311850208940575373351196235931966126436202978325164505312147,"sports,games,soccer,la-liga",Sports,0.435
2083992,Yokohama B-Corsairs vs. Brave Thunders,bkjpn-yok-bra-2026-05-03,Sports,10463.826184999994,2026-04-26T07:33:52.37792Z,2026-05-10T05:05:00Z,0,84860399109021345585517406655698358637589387174052197674940088863781872251254,"sports,games,basketball,bkjpn",Sports,0.605
1968428,CA Mineiro vs. Botafogo FR: O/U 2.5,bra-cam-bot-2026-05-10-total-2pt5,Sports,20288.22280600001,2026-04-13T12:05:10.915266Z,2026-05-10T19:00:00Z,0,46769531322631432041695125359184091145265292491483096981770348349868165784260,"sports,games,soccer,brazil-serie-a",Sports,0.485
2190419,Valorant: XLG Gaming vs Dragon Ranger Gaming (BO5) - VCT China Playoffs,val-xlg-drg-2026-05-09,Sports,49241.11489599999,2026-05-08T17:02:59.90919Z,2026-05-09T15:00:00Z,1,42959461482607130253701997920009360657517859698772590426411595427859999961381,"sports,esports,games,valorant",Sports,0.9235
2082134,Will AFC Bournemouth win on 2026-05-09?,epl-ful-bou-2026-05-09-bou,Sports,576024.6669680005,2026-04-26T04:29:00.296342Z,2026-05-09T14:00:00Z,1,2940619250701593657220821389462842771582928891488974963236694182664658040046,"sports,games,soccer,premier-league,EPL",Sports,0.385
2089886,Will Como 1907 win on 2026-05-10?,sea-ver-com-2026-05-10-com,Sports,391464.33712300047,2026-04-26T23:10:01.020152Z,2026-05-10T10:30:00Z,1,70401210432146838967530240326000585394970558949097736796876093016324398263890,"sports,games,soccer,sea",Sports,0.685
1959660,Will San Jose Earthquakes vs. Vancouver Whitecaps FC end in a draw?,mls-sje-vwh-2026-05-09-draw,Sports,26473.791417999997,2026-04-12T16:20:25.214804Z,2026-05-10T02:30:00Z,1,35100344586687302452468434272894151452472445401983783930409471899533575118431,"sports,games,soccer,mls",Sports,0.265
2080737,Will FC Internazionale Milano win on 2026-05-09?,sea-laz-int-2026-05-09-int,Sports,3141773.7227330143,2026-04-25T23:04:53.248804Z,2026-05-09T16:00:00Z,1,34035488952879944798183380521056943784932549445337288781019879017442446241801,"sports,games,soccer,sea",Sports,0.535
2083011,Spread: Manchester City FC (-1.5),epl-mac-bre-2026-05-09-spread-home-1pt5,Sports,395887.8748349998,2026-04-26T05:08:27.874469Z,2026-05-09T16:30:00Z,1,13661675300778066915526235060326810011470886781136677168749905289815419064903,"sports,games,soccer,premier-league,EPL",Sports,0.485
2192210,Counter-Strike: Turma do Pagode vs Bounty Hunters Esports (BO3) - CCT South America Series #1 Playoffs,cs2-tdp-bhe-2026-05-09,Sports,75117.11484500005,2026-05-08T20:55:44.460106Z,2026-05-09T19:00:00Z,1,12872045486188376869671228181135927999399539796040931778760569132315795990055,"sports,esports,games,counter-strike-2",Sports,0.635
2091363,Will Stade Rennais FC 1901 vs. Paris FC end in a draw?,fl1-ren-pfc-2026-05-10-draw,Sports,19184.372616999997,2026-04-27T04:05:49.492726Z,2026-05-10T19:00:00Z,0,68327216971082369915694197392040773352365214227273866859079126418037269785013,"sports,games,soccer,ligue-1",Sports,0.205
2092381,Paris Saint-Germain FC vs. Stade Brestois 29: O/U 1.5,fl1-psg-sbr-2026-05-10-total-1pt5,Sports,29844.553272000012,2026-04-27T05:15:37.955483Z,2026-05-10T19:00:00Z,0,110371183741625790312162296493267861151546680662578018587713123737714025660764,"games,sports,soccer,ligue-1",Sports,0.895
2092829,Will UD Las Palmas win on 2026-05-10?,es2-and-lpm-2026-05-10-lpm,Sports,17879.551662,2026-04-27T06:05:44.960437Z,2026-05-10T12:00:00Z,0,95555944270719068701347875248314119197866435617547118945971691215797026058636,"sports,games,soccer,la-liga-2",Sports,0.355
2154516,LoL: Vivo Keyd Stars vs LOUD (BO5) - CBLOL Playoffs,lol-vks-lll-2026-05-10,Sports,58450.77074100001,2026-05-04T11:25:43.407787Z,2026-05-09T22:10:00Z,0,112509123218545779788973047623775270750987110568562324641532234189564568044737,"sports,esports,league-of-legends,games",Sports,0.475
2083819,Club Atlético de Madrid vs. RC Celta de Vigo: O/U 3.5,lal-mad-cel-2026-05-09-total-3pt5,Sports,19515.012789999997,2026-04-26T07:03:15.886296Z,2026-05-09T16:30:00Z,0,6220031393740054824037448959639759500917561530040822784459738420260712226480,"sports,games,soccer,la-liga",Sports,0.34
2217263,Counter-Strike: SPARTA vs Lavked (BO3) - NODWIN Clutch Series Group Stage,cs2-sparta-lavked-2026-05-10,Sports,30404.426280000003,2026-05-09T20:54:31.407296Z,2026-05-10T20:15:00Z,0,54481449540313056334460093997999128414796843951931580050438938753423199475726,"sports,esports,games,counter-strike-2",Sports,0.575
2017404,"UFC 328: Clayton Carpenter vs. Jose Ochoa (Flyweight, Early Prelims)",ufc-cla5-jos54-2026-05-09,Sports,395836.285951,2026-04-18T22:06:22.398586Z,2026-05-10T03:59:59.999Z,0,94183811817232514275949994445665849953486472830718594902881780492234116952984,"sports,ufc,games",Sports,0.375
2128359,LoL: Top Esports vs Team WE (BO3) - LPL Group Ascend,lol-tes-we-2026-05-09,Sports,217169.94211900022,2026-04-30T22:44:36.414392Z,2026-05-09T17:00:00Z,1,5783435960893128162120681017303537803349528563304271261675550815583665532386,"sports,esports,league-of-legends,games",Sports,0.855
2148569,Avalanche vs. Wild: O/U 7.5,nhl-col-min-2026-05-09-total-7pt5,Sports,10143.03714,2026-05-03T15:34:17.771007Z,2026-05-10T01:00:00Z,0,60155244634883472274799390707003432206836357817897632758825846995187763398054,"sports,nhl,hockey,games",Sports,0.27
2184735,Total Kills Over/Under 30.5 in Game 2?,lol-tes-we-2026-05-09-game2-kill-over-30pt5,Sports,10468.964043000004,2026-05-07T21:43:58.879033Z,2026-05-09T17:00:00Z,0,56248848735753583856208670754505304634442807888135764098786183863532670873778,"sports,esports,league-of-legends,games",Sports,0.45
2158582,Counter-Strike: MOUZ vs Gentle Mates - Map 2 Winner,cs2-mouz-m8-2026-05-09-game2,Sports,176167.1309380001,2026-05-04T18:05:07.864481Z,2026-05-09T13:05:00Z,0,5299547039990277527535925996659883229538548278919836116090286018292083337336,"sports,esports,games,counter-strike-2",Sports,0.695
2093040,FC Barcelona vs. Real Madrid CF: O/U 4.5,lal-bar-rea-2026-05-10-total-4pt5,Sports,161627.90148000003,2026-04-27T07:02:43.94509Z,2026-05-10T19:00:00Z,0,43951899501242500108232059528563629578432551540212092666218814279718790305014,"games,soccer,la-liga,sports",Sports,0.365
1959647,Will Seattle Sounders FC win on 2026-05-09?,mls-sea-sdg-2026-05-09-sea,Sports,254996.4224310002,2026-04-12T16:07:19.200228Z,2026-05-10T02:30:00Z,0,47979518620852716371510014096050319297958115075628566530173703880376319146625,"sports,games,soccer,mls",Sports,0.585
2093057,Athletic Club vs. Valencia CF: O/U 1.5,lal-bil-val-2026-05-10-total-1pt5,Sports,50473.65128799998,2026-04-27T07:02:55.126729Z,2026-05-10T14:15:00Z,0,2321881133066233576197473027950464928419957182529882163528073554260965123331,"sports,games,soccer,la-liga",Sports,0.745
2184622,Total Kills Over/Under 29.5 in Game 1?,lol-drx-hle1-2026-05-10-game1-kill-over-29pt5,Sports,30145.609750000025,2026-05-07T21:33:15.878523Z,2026-05-10T16:15:00Z,1,50350707063374631594739984745302917306618908626201097636483428729676918661705,"sports,esports,league-of-legends,games",Sports,0.51
2170841,Spread: Avalanche (-1.5),nhl-col-min-2026-05-09-spread-away-1pt5,Sports,28420.975114000008,2026-05-06T03:22:37.850638Z,2026-05-10T01:00:00Z,0,106538912103725289125091802527128841789321917405786894466048792065034649339466,"sports,nhl,hockey,games",Sports,0.325
2218041,Game Handicap: PARI (-1.5) vs 1win (+1.5),dota2-1win-pari-2026-05-10-game-handicap-home-1pt5,Sports,19884.564099000003,2026-05-09T22:42:39.356944Z,2026-05-10T22:00:00Z,1,59368303398935528320824946027816999293412078490164443015707749620270624070026,"sports,esports,games,dota-2",Sports,0.525
1969705,Will SBV Excelsior vs. FC Volendam end in a draw?,ere-exc-vol-2026-05-10-draw,Sports,31368.97616900001,2026-04-13T14:34:21.504238Z,2026-05-10T14:45:00Z,1,61623481158987828310325847623025603152655734322224556407892874613155116857642,"sports,games,soccer,ere",Sports,0.235
2173696,CA Rosario Central vs. CA Independiente: O/U 2.5,arg-ros-ind-2026-05-10-total-2pt5,Sports,14849.318358000002,2026-05-06T10:06:19.163765Z,2026-05-10T18:00:00Z,1,13110510364142590486775345880847568780197477610177661079783621596592197020597,"sports,games,soccer,arg",Sports,0.375
2167233,LoL: Karmine Corp vs GIANTX (BO3) - LEC Regular Season,lol-kc-gx-2026-05-10,Sports,812917.4179279993,2026-05-05T17:33:33.737994Z,2026-05-10T19:00:00Z,0,84550761276085470001247018920782277725692853007774041563914870806078884408182,"sports,esports,league-of-legends,games",Sports,0.805
2140932,Wuxi: Keegan Smith vs Yunchaokete Bu,atp-smit-bu-2026-05-03,Sports,35973.04122799999,2026-05-02T16:05:43.167662Z,2026-05-11T03:00:00Z,0,97572451857614225314417020647290807937011469589822478525589123210894721349970,"tennis,sports,games",Sports,0.235
2113828,CF Cruz Azul vs. Atlas FC: O/U 1.5,mex-caz-atl-2026-05-09-total-1pt5,Sports,13156.179016000002,2026-04-29T08:04:20.829936Z,2026-05-10T03:15:00Z,0,10539048317997608117191346971882568250579980823940482583223428967304730880425,"sports,games,soccer,mex",Sports,0.795
2083014,Spread: Brentford FC (-1.5),epl-mac-bre-2026-05-09-spread-away-1pt5,Sports,12628.576347000002,2026-04-26T05:08:25.771312Z,2026-05-09T16:30:00Z,0,38467089221593052497534068014746946763263992651087015178597479142484961662523,"sports,games,soccer,premier-league,EPL",Sports,0.0415
2182638,Counter-Strike: Eternal Fire vs Johnny Speeds - Map 2 Winner,cs2-ef1-js1-2026-05-09-game2,Sports,11085.933183,2026-05-07T16:14:18.35366Z,2026-05-09T15:00:00Z,1,64377061207241121887954363801212515798878523445742719120636943986778061828879,"sports,esports,games,counter-strike-2",Sports,0.54
2088212,Will FK Jablonec win on 2026-05-10?,cze1-fkj-fhk-2026-05-10-fkj,Sports,31949.435864999996,2026-04-26T19:07:30.024868Z,2026-05-10T16:30:00Z,0,15247529233824561616909208106792572559477985696610323075347668091326662807284,"sports,games,soccer",Sports,0.445
2083048,Spread: RB Leipzig (-1.5),bun-lei-pau-2026-05-09-spread-home-1pt5,Sports,80057.73895700008,2026-04-26T05:12:51.564313Z,2026-05-09T13:30:00Z,0,77243145657550694705185246073280440131483823223272570626375656075447402778345,"sports,games,soccer,bundesliga",Sports,0.535
2103893,Will SK Poltava vs. FK Shakhtar Donetsk end in a draw?,ukr1-sp-shd-2026-05-10-draw,Sports,17925.169756000003,2026-04-28T20:08:07.067478Z,2026-05-10T12:30:00Z,0,56277389135146089204828673348202590064998222868355489916989609134605453743937,"sports,games,soccer,ukraine-premier-liha",Sports,0.0495
1959519,Will Inter Miami CF win on 2026-05-09?,mls-tor-mia-2026-05-09-mia,Sports,165034.93356499964,2026-04-12T16:13:50.7858Z,2026-05-09T17:00:00Z,1,82247430992047588364328174833535743172405810779131523217404487213220557460746,"sports,games,soccer,mls",Sports,0.535
2083221,Liverpool FC vs. Chelsea FC: O/U 2.5,epl-liv-che-2026-05-09-total-2pt5,Sports,284699.5886840003,2026-04-26T05:04:29.614154Z,2026-05-09T11:30:00Z,0,52425265141852329291137163690714599879591058647847652517427276039186838772055,"sports,games,soccer,premier-league,EPL",Sports,0.675
2155646,LoL: Shopify Rebellion vs Sentinels - Game 1 Winner,lol-sr-sen-2026-05-09-game1,Sports,178297.53427099992,2026-05-04T15:52:43.254944Z,2026-05-10T00:00:00Z,0,107671798873212317864795955631561540552317487364899226051502799543438019598678,"sports,esports,league-of-legends,games",Sports,0.335
2214652,Valorant: EDward Gaming vs XLG Gaming - Map 3 Winner,val-edg1-xlg-2026-05-10-game3,Sports,87117.92411299964,2026-05-09T17:08:40.668102Z,2026-05-10T15:30:00Z,1,114053267944104307754416308556961035504569092530857846805750857191797969966884,"sports,esports,games,valorant",Sports,0.955
1969698,Will Fortuna Sittard win on 2026-05-10?,ere-sit-zwo-2026-05-10-sit,Sports,59347.17536899997,2026-04-13T14:35:44.452233Z,2026-05-10T14:45:00Z,1,64931541822717966337735534272535315387766192934289339431719918189872997640736,"sports,games,soccer,ere",Sports,0.455
1949408,Will Coritiba FBC win on 2026-05-09?,bra-cor-int-2026-05-09-cor,Sports,73893.99395200003,2026-04-11T19:04:04.737387Z,2026-05-09T19:00:00Z,0,44217963308628889763433648264804186887943060393422359173460638893676167336798,"sports,games,soccer,brazil-serie-a",Sports,0.335
2092359,West Ham United FC vs. Arsenal FC: O/U 4.5,epl-wes-ars-2026-05-10-total-4pt5,Sports,12025.586615999997,2026-04-27T05:10:27.906566Z,2026-05-10T15:30:00Z,0,65661333253900789699753143938809541210171499786535115873002642785890980828319,"sports,games,soccer,premier-league,EPL",Sports,0.17
2091314,Will AJ Auxerre win on 2026-05-10?,fl1-aja-ogc-2026-05-10-aja,Sports,884379.3251709993,2026-04-27T04:16:23.965669Z,2026-05-10T19:00:00Z,1,39744473687131175004694636078809404220653971857311331825807612258126215720897,"sports,games,ligue-1,soccer",Sports,0.395
2091301,Will Le Havre AC vs. Olympique de Marseille end in a draw?,fl1-hac-olm-2026-05-10-draw,Sports,37134.28814400001,2026-04-27T04:34:59.377787Z,2026-05-10T19:00:00Z,0,86185097531474303306652861782428341870101020856515007300900825717083753626546,"ligue-1,sports,games,soccer",Sports,0.265
2083176,Fulham FC vs. AFC Bournemouth: O/U 1.5,epl-ful-bou-2026-05-09-total-1pt5,Sports,47992.067893,2026-04-26T05:09:33.774222Z,2026-05-09T14:00:00Z,0,15276466039964369095506025967696637274389154552089733957442106749018784580566,"sports,games,soccer,premier-league,EPL",Sports,0.815
2096029,KBO: KT Wiz vs. Kia Tigers,kbo-kt-kia-2026-05-03,Sports,13293.247025000004,2026-04-27T13:02:42.109924Z,2026-05-10T05:00:00Z,1,20252702021400546953550454905953177985179143381374590396446954908500868084019,"sports,games,baseball,kbo",Sports,0.53
2156216,Will Jake Knapp finish in the Top 10 at the 2026 Truist Championship?,2026-truist-championship-top10-jake-knapp,Sports,11347.069083,2026-05-04T16:07:07.691218Z,2026-05-10T00:00:00Z,0,69562682920204397369571068996699468114974554511702288565663379946649822062884,"sports,golf,pga,pga-tour",Sports,0.0065
2085859,Chicago White Sox vs. San Diego Padres,mlb-cws-sd-2026-05-02,Sports,858445.3682209995,2026-04-26T13:03:56.109105Z,2026-05-10T00:40:00Z,1,100853571757140812280671110198192425605881076226125913129671152565564322425899,"sports,games,mlb,baseball",Sports,0.355
2220876,Counter-Strike: NeverPlay vs Younglings (BO3) - Exort Series Main Stage,cs2-np1-yl-2026-05-10,Sports,39979.344083,2026-05-10T07:02:33.805127Z,2026-05-10T21:40:00Z,1,32289169481152647475534464933712810301764255479939265120101015715311063016421,"sports,esports,games,counter-strike-2",Sports,0.9995
2192047,Spread: New York Yankees (-1.5),mlb-nyy-mil-2026-05-09-spread-away-1pt5,Sports,25326.469835000014,2026-05-08T18:51:49.894425Z,2026-05-09T23:10:00Z,0,46340650953143359644961393826450528049112686210259262696188749565850635126676,"sports,baseball,mlb,games",Sports,0.435
1969713,Will Telstar 1963 win on 2026-05-10?,ere-tel-her-2026-05-10-tel,Sports,14634.836584000006,2026-04-13T14:36:01.223696Z,2026-05-10T14:45:00Z,1,91675899858499867891665343242884935908923672888733464090647542570221069048469,"sports,games,soccer,ere",Sports,0.725
1950176,Will Henan FC win on 2026-05-09?,chi-ron-hen-2026-05-09-hen,Sports,10661.190674000001,2026-04-11T20:49:33.134937Z,2026-05-09T12:00:00Z,0,89539649836902764469086039108917578255732407318007972473818045135628580870165,"sports,games,soccer,chinese-super-league",Sports,0.15
2092503,Toulouse FC vs. Olympique Lyonnais: O/U 3.5,fl1-tou-lyo-2026-05-10-total-3pt5,Sports,30721.749966,2026-04-27T05:18:05.983184Z,2026-05-10T19:00:00Z,0,73107709614134559343363555861286275077780789358871612278211447707069525867900,"sports,games,soccer,ligue-1",Sports,0.33
1970445,Shenzhen Xinpengcheng FC vs. Shandong Taishan FC: Both Teams to Score,chi-xin-sha-2026-05-10-btts,Sports,26653.86602300003,2026-04-13T16:04:40.291357Z,2026-05-10T12:00:00Z,1,22867022196456399764281307478359276948067773841021571798132054200173122108496,"sports,games,soccer,chinese-super-league",Sports,0.6
2153261,Valorant: G2 Esports vs Cloud9 - Map 2 Winner,val-g21-c9-2026-05-09-game2,Sports,36861.01555499998,2026-05-04T07:13:12.18801Z,2026-05-10T01:00:00Z,1,38916643342731134545110555071966895895063017842297408629148167987942662138989,"sports,esports,games,valorant",Sports,0.75
2140919,Saint-Malo: Tereza Valentova vs Moyuka Uchijima,wta-valento-uchijim-2026-05-03,Sports,290663.4330609993,2026-05-02T16:03:38.734588Z,2026-05-10T13:00:00Z,0,64852587321523019469326337713263906269556642810496413719642224510068270440292,"tennis,sports,games",Sports,0.665
2085961,1. FC Nürnberg vs. FC Schalke 04: O/U 2.5,bl2-fcn-s04-2026-05-09-total-2pt5,Sports,11512.288709000006,2026-04-26T13:32:31.834279Z,2026-05-09T18:30:00Z,1,49430009812708083365613558929558547455931804467731052511299147614426275020866,"sports,games,soccer,bundesliga-2",Sports,0.6
2083808,Will ES Troyes AC win on 2026-05-09?,fr2-gre-tro-2026-05-09-tro,Sports,27608.534160999992,2026-04-26T07:06:06.042715Z,2026-05-09T18:00:00Z,0,39329295030459337774933572479793995466763665480068046267577145411376657165097,"sports,games,soccer,ligue-2",Sports,0.565
2135487,Sinner vs. Zverev: Set 1 Games O/U 10.5,atp-sinner-zverev-2026-05-03-first-set-total-10pt5,Sports,12609.497424000001,2026-05-01T23:04:43.403404Z,2026-05-10T15:00:00Z,0,85909879774890688385279779142511465982808824801101983284786808731241796712526,"sports,tennis,games",Sports,0.32
2221042,Counter-Strike: Imperial vs largadosypelados (BO3) - CCT South America Series #1 Playoffs,cs2-imp11-ldp-2026-05-10,Sports,28243.758267999998,2026-05-10T07:53:18.605683Z,2026-05-11T00:00:00Z,0,66559555983673115413190139842462272096163958013161946634977953396520560787606,"sports,esports,games,counter-strike-2",Sports,0.0005
2156612,Will Marco Penge finish in the Top 10 at the 2026 ONEflight Myrtle Beach Classic?,2026-oneflight-myrtle-beach-classic-top10-marco-penge,Sports,15840.943667,2026-05-04T16:47:00.170068Z,2026-05-10T00:00:00Z,0,45442124978169112668696401565079048759108036592448840832539476046971418867663,"sports,golf,pga,pga-tour",Sports,0.0045
2167260,Game Handicap: G2 (-1.5) vs Movistar KOI (+1.5),lol-mkoi-g2-2026-05-10-game-handicap-home-1pt5,Sports,106417.85656999995,2026-05-05T17:34:00.23373Z,2026-05-10T22:25:00Z,0,29698743016388856028739453770557870978690728488706886978158169849382232045865,"sports,esports,league-of-legends,games",Sports,0.42
1970532,Liaoning Tieren FC vs. Yunnan Yukun FC: Both Teams to Score,chi-tie-yun-2026-05-10-btts,Sports,28715.241756999974,2026-04-13T16:06:17.689305Z,2026-05-10T11:00:00Z,1,45717607520116446039184669565863828838463074888929668465887967133300782408233,"sports,games,soccer,chinese-super-league",Sports,0.65
2082145,Will SG Dynamo Dresden win on 2026-05-09?,bl2-bra-dyn-2026-05-09-dyn,Sports,16819.274531000003,2026-04-26T04:10:39.609571Z,2026-05-09T11:00:00Z,0,108657515263886681589621488199863289182988998799180362934156764522882633791669,"sports,games,soccer,bundesliga-2",Sports,0.365
2092400,Spread: ACF Fiorentina (-1.5),sea-fio-gen-2026-05-10-spread-home-1pt5,Sports,12349.710369000002,2026-04-27T05:09:31.793119Z,2026-05-10T13:00:00Z,0,57213926359134685666769171920092753792563160057012141148295924249945832988938,"sports,games,soccer,sea",Sports,0.235
1961786,Will Kawasaki Frontale win on 2026-05-10?,j1100-rey-kaw-2026-05-10-kaw,Sports,38561.81766300001,2026-04-12T19:34:35.815776Z,2026-05-10T07:00:00Z,0,66431247615119719445755939919612854185222611091436977135996382965975002660202,"sports,japan-j-league,games,soccer",Sports,0.265
2167167,Will CA Huracán win on 2026-05-09?,arg-boc-cah-2026-05-09-cah,Sports,378788.170816,2026-05-05T17:35:37.521826Z,2026-05-09T22:00:00Z,0,92035957902924254827281639015270318733521753947906798392519754677536512474804,"sports,games,soccer,arg",Sports,0.185
2184653,Total Kills Over/Under 29.5 in Game 2?,lol-kt-fox1-2026-05-09-game2-kill-over-29pt5,Sports,26181.43848700001,2026-05-07T21:33:24.895127Z,2026-05-09T14:00:00Z,0,60154707244482012917755896599136207386995604188788183895907676466449862337355,"sports,esports,league-of-legends,games",Sports,0.485
2080738,Will US Lecce win on 2026-05-09?,sea-lec-juv-2026-05-09-lec,Sports,89242.08998299993,2026-04-25T23:04:25.957147Z,2026-05-09T18:45:00Z,0,59456735791216482028263556356483088356466866237170193448024941892424899001629,"sports,games,soccer,sea",Sports,0.105
2154430,LoL: LOS vs Fluxo W7M (BO5) - CBLOL Playoffs,lol-los-fxw7-2026-05-09,Sports,265105.5534829996,2026-05-04T11:34:22.713012Z,2026-05-10T22:00:00Z,0,25478091990005131373120779259654229427914434603870688991316420807330913927320,"sports,esports,league-of-legends,games",Sports,0.695
2092360,AC Milan vs. Atalanta BC: O/U 4.5,sea-mil-ata-2026-05-10-total-4pt5,Sports,39103.09824200001,2026-04-27T05:11:45.896296Z,2026-05-10T18:45:00Z,1,72938327100333364202895899008779907233589408058081242727912474549897350245990,"sports,games,soccer,sea",Sports,0.14
2173310,AVS Futebol vs. FC Porto: O/U 3.5,por-avs-por-2026-05-10-total-3pt5,Sports,13546.535124,2026-05-06T09:06:09.708045Z,2026-05-10T17:00:00Z,1,47953052796561306003316109820942818836895367062103360828200644343027185731944,"sports,games,soccer,primeira-liga",Sports,0.41
2083592,Will Real Sociedad de Fútbol vs. Real Betis Balompié end in a draw?,lal-rso-bet-2026-05-09-draw,Sports,127312.910956,2026-04-26T06:04:22.796951Z,2026-05-09T19:00:00Z,1,102658785535689396777317228299868015933211574390677676568345116401911676395036,"games,soccer,la-liga,sports",Sports,0.265
2083133,Sunderland AFC vs. Manchester United FC: O/U 3.5,epl-sun-mun-2026-05-09-total-3pt5,Sports,11512.915448000005,2026-04-26T05:10:51.392248Z,2026-05-09T14:00:00Z,0,3217270970753846489888363538535026221486941298831492844142322015295978957693,"sports,games,soccer,premier-league,EPL",Sports,0.325
2116816,Will Alanyaspor win on 2026-05-09?,tur-ala-kay-2026-05-09-ala,Sports,26820.704416999997,2026-04-29T16:19:49.084557Z,2026-05-09T17:00:00Z,1,96464227521298331928583021672096659930317882621557394460304947750514875994646,"sports,games,soccer,tur",Sports,0.415
2192038,Washington Nationals vs. Miami Marlins: O/U 8.5,mlb-wsh-mia-2026-05-09-total-8pt5,Sports,26569.653492,2026-05-08T18:51:50.912124Z,2026-05-09T20:10:00Z,1,70231188945494734699660081112091572765820496509679246177013332931715687650829,"sports,baseball,mlb,games",Sports,0.525
2164639,Middlesbrough FC vs. Southampton FC: O/U 2.5,elc-mid-sot-2026-05-09-total-2pt5,Sports,78803.2170370002,2026-05-05T11:03:09.755552Z,2026-05-09T11:30:00Z,0,82362914931787403042580139997699674389639062735144697178380034370854397379392,"sports,games,soccer,efl-championship",Sports,0.455
2091295,Will SV 07 Elversberg win on 2026-05-10?,bl2-dus-elv-2026-05-10-elv,Sports,48405.974602999944,2026-04-27T04:08:43.315396Z,2026-05-10T11:30:00Z,0,10185446611357749547604587627703047636195778089455965187982472023909299654116,"sports,games,soccer,bundesliga-2",Sports,0.465
2091287,Will Olympique Lyonnais win on 2026-05-10?,fl1-tou-lyo-2026-05-10-lyo,Sports,176898.2672909998,2026-04-27T04:31:33.784854Z,2026-05-10T19:00:00Z,0,50643813472914974644472735143853360212699717416369137245294038364801374858216,"sports,games,soccer,ligue-1",Sports,0.525
2155649,Game Handicap: SEN (-1.5) vs Shopify Rebellion (+1.5),lol-sr-sen-2026-05-09-game-handicap-home-1pt5,Sports,66949.21303299999,2026-05-04T15:52:48.763596Z,2026-05-10T02:00:00Z,1,17277314923688378796930473987223729157684763208123393310036655487614847963372,"sports,esports,league-of-legends,games",Sports,0.425
2148567,Avalanche vs. Wild: O/U 6.5,nhl-col-min-2026-05-09-total-6pt5,Sports,186074.987522,2026-05-03T15:33:29.452128Z,2026-05-10T01:00:00Z,0,67027207634441605809169701731720758832802751797856319902652393927616399132428,"sports,nhl,hockey,games",Sports,0.465
2092386,Parma Calcio 1913 vs. AS Roma: O/U 2.5,sea-par-rom-2026-05-10-total-2pt5,Sports,92863.50151799993,2026-04-27T05:18:28.573002Z,2026-05-10T16:00:00Z,1,80931636218083797531947245193115327831089734795703146087346416677810559558767,"sports,games,soccer,sea",Sports,0.465
1959663,Will Vancouver Whitecaps FC win on 2026-05-09?,mls-sje-vwh-2026-05-09-vwh,Sports,243305.89307299984,2026-04-12T16:21:23.207502Z,2026-05-10T02:30:00Z,0,29167344096375763152819824415163555309670892606934597666072225453022500707166,"sports,games,soccer,mls",Sports,0.435
2158583,Games Total: O/U 2.5,cs2-mouz-m8-2026-05-09-total-games-2pt5,Sports,13262.804269000006,2026-05-04T18:03:48.279081Z,2026-05-09T13:05:00Z,1,99236604673964373345923934785191792554815597658734844706641894050018792438016,"sports,esports,games,counter-strike-2",Sports,0.425
2155647,LoL: Shopify Rebellion vs Sentinels - Game 2 Winner,lol-sr-sen-2026-05-09-game2,Sports,153811.44215000054,2026-05-04T15:52:53.854989Z,2026-05-10T00:00:00Z,0,76797398572503273123983987868967656792365167805507888748045882893228176682482,"sports,esports,league-of-legends,games",Sports,0.345
2184839,Valorant: Team Heretics vs BBL Esports - Map 1 Winner,val-th1-bbl1-2026-05-09-game1,Sports,27240.166557,2026-05-07T22:13:44.514974Z,2026-05-09T19:00:00Z,1,106549352221868082124059558659801482170867737326117001649590035252127432964765,"sports,esports,games,valorant",Sports,0.58
1962266,Will Ulsan HD FC win on 2026-05-10?,kor-uls-bch-2026-05-10-uls,Sports,31689.58291799999,2026-04-12T21:07:09.04247Z,2026-05-10T05:00:00Z,1,23180565337859049403894384752477221858924612374153871972360454037365459112896,"sports,games,soccer,k-league",Sports,0.565
2083137,Sunderland AFC vs. Manchester United FC: O/U 4.5,epl-sun-mun-2026-05-09-total-4pt5,Sports,10551.722834999997,2026-04-26T05:13:09.662862Z,2026-05-09T14:00:00Z,0,69817675602181975486137493611242982794452326282332338785110232641570708434242,"sports,games,soccer,premier-league,EPL",Sports,0.165
2167211,LoL: Movistar KOI vs Karmine Corp - Game 1 Winner,lol-mkoi-kc-2026-05-09-game1,Sports,429542.2950109994,2026-05-05T17:32:58.075469Z,2026-05-09T22:20:00Z,0,7465743616732647076365413995408045713167207838725423992851291018437121014040,"sports,esports,league-of-legends,games",Sports,0.415
2192034,Athletics vs. Baltimore Orioles: O/U 9.5,mlb-oak-bal-2026-05-09-total-9pt5,Sports,83533.638259,2026-05-08T18:09:48.189909Z,2026-05-09T20:05:00Z,0,24755957264593753911446990804876160638122116257497012279853271638692355657199,"sports,baseball,mlb,games",Sports,0.485
2223872,Dota 2: PlayTime vs Nigma Galaxy - Game 2 Winner,dota2-playti-ngx-2026-05-10-game2,Sports,159288.22105399985,2026-05-10T17:04:00.848145Z,2026-05-11T00:20:00Z,1,93694063107985958248380963727870114757557042757844086381192771601225390795607,"sports,esports,games,dota-2",Sports,0.9995
2092385,Paris Saint-Germain FC vs. Stade Brestois 29: O/U 2.5,fl1-psg-sbr-2026-05-10-total-2pt5,Sports,20782.394329000002,2026-04-27T05:19:12.046241Z,2026-05-10T19:00:00Z,0,33375721384119284855573505791872318696265683638588696632705089803452084644672,"games,sports,soccer,ligue-1",Sports,0.735
2135483,Set Handicap: Sinner (-1.5) vs Zverev (+1.5),atp-sinner-zverev-2026-05-03-set-handicap-home-1pt5,Sports,110987.67536300002,2026-05-01T23:03:17.031015Z,2026-05-10T15:00:00Z,1,11286649239677206489441569825650960023860191644180405878832887511784931819915,"sports,tennis,games",Sports,0.605
2092841,Will SD Eibar win on 2026-05-10?,es2-mir-eib-2026-05-10-eib,Sports,18854.106647000008,2026-04-27T06:05:11.455339Z,2026-05-10T16:30:00Z,1,42373028541335269114245900934273139725173795106146076903466866953535913450389,"sports,games,soccer,la-liga-2",Sports,0.385
2154396,LoL: Team Secret Whales vs MVK Esports - Game 1 Winner,lol-tsw-mvk-2026-05-09-game1,Sports,21691.61515299999,2026-05-04T11:28:08.591006Z,2026-05-09T17:20:00Z,1,68611125971414483914404427125519467938676686480776457409761410063189663041861,"sports,esports,league-of-legends,games",Sports,0.655
2144470,Will Southampton FC win on 2026-05-09?,elc-mid-sot-2026-05-09-sot,Sports,28716.663473000015,2026-05-03T04:07:21.152767Z,2026-05-09T11:30:00Z,0,68534538077830337657424959429067400435408497931476578136240148580722918647054,"sports,games,soccer,efl-championship",Sports,0.295
2218113,Dota 2: PlayTime vs Yellow Submarine - Game 2 Winner,dota2-playti-yes-2026-05-10-game2,Sports,92374.318338,2026-05-09T22:53:01.031813Z,2026-05-10T18:00:00Z,0,32029628189573360596209167372226360204194902033153346954291897371238706278472,"sports,esports,games,dota-2",Sports,0.5
2092845,Will FC Barcelona vs. Real Madrid CF end in a draw?,lal-bar-rea-2026-05-10-draw,Sports,590529.2998520004,2026-04-27T06:05:22.487816Z,2026-05-10T19:00:00Z,0,108765479076284166389273677484845401439434840570024943232089118446971796957146,"sports,games,soccer,la-liga",Sports,0.185
2082097,Will Liverpool FC win on 2026-05-09?,epl-liv-che-2026-05-09-liv,Sports,3138231.9920549914,2026-04-26T04:17:11.880787Z,2026-05-09T11:30:00Z,0,31524837162853106914970927937023324859549972142712837947307466091892225261466,"sports,games,soccer,premier-league,EPL",Sports,0.525
2083025,US Lecce vs. Juventus FC: O/U 1.5,sea-lec-juv-2026-05-09-total-1pt5,Sports,61818.652068,2026-04-26T05:13:07.658439Z,2026-05-09T18:45:00Z,0,97169536666152466332798274272689954168189747628446547213663229359228969689476,"sports,games,soccer,sea",Sports,0.765
2017353,O/U 2.5 Rounds,ufc-jer-kin-2026-05-09-totals-2pt5,Sports,78292.94711399997,2026-04-18T22:04:09.924824Z,2026-05-10T03:59:59.999Z,0,60653165067308610177037342489837800661973299600960980960471462729364373693724,"sports,ufc,games",Sports,0.565
2224981,Spread: Texas Rangers (-2.5),mlb-chc-tex-2026-05-10-spread-home-2pt5,Sports,18045.0,2026-05-10T20:50:34.067279Z,2026-05-10T18:35:00Z,1,3472061510647973833434562808404889291631655904903647058277503180034813244462,"sports,baseball,mlb,games",Sports,0.9995
2092394,1. FC Köln vs. 1. FC Heidenheim 1846: O/U 4.5,bun-koe-hei-2026-05-10-total-4pt5,Sports,78583.92901000002,2026-04-27T05:21:09.239046Z,2026-05-10T15:30:00Z,0,31891923856410630589757865459123170641804484588281202895973240669830392372865,"sports,soccer,bundesliga,games",Sports,0.255
2100764,Celtic FC vs. Rangers FC: O/U 3.5,scop-cel-ran-2026-05-10-total-3pt5,Sports,14438.200457000004,2026-04-27T23:32:35.820207Z,2026-05-10T11:00:00Z,1,97324099236618155986457576077772130270796796546298779895425011106549187279998,"sports,games,soccer,scottish-premiership",Sports,0.405
2184641,Total Kills Over/Under 29.5 in Game 1?,lol-ns-bro2-2026-05-09-game1-kill-over-29pt5,Sports,19373.983684000006,2026-05-07T21:34:25.902422Z,2026-05-09T16:10:00Z,0,48423598923470859708764245223288934065104675544533478939106883032233873707832,"sports,esports,league-of-legends,games",Sports,0.515
2181879,Game Handicap: NIP (-1.5) vs Invictus Gaming (+1.5),lol-nip-ig1-2026-05-09-game-handicap-away-1pt5,Sports,77102.268523,2026-05-07T14:02:51.933595Z,2026-05-09T15:00:00Z,0,38463951775732550681351798064365647191329256905523919185095750655305137876984,"sports,esports,league-of-legends,games",Sports,0.375
2128834,Dallas Wings vs. Indiana Fever,wnba-dal-ind-2026-05-09,Sports,262629.35146199976,2026-05-01T00:44:44.306627Z,2026-05-09T17:00:00Z,1,24275449520323670290506147040042339003071172527695555982842078326206786260810,"sports,games,wnba",Sports,0.32
2192040,Colorado Rockies vs. Philadelphia Phillies: O/U 8.5,mlb-col-phi-2026-05-09-total-8pt5,Sports,65725.76996800001,2026-05-08T23:46:46.577985Z,2026-05-09T22:05:00Z,1,59037874950160846593121277222765217719407488351735563388447230947823903511248,"sports,baseball,mlb,games",Sports,0.485
2128363,Game Handicap: TES (-1.5) vs Team WE (+1.5),lol-tes-we-2026-05-09-game-handicap-away-1pt5,Sports,75837.90916600004,2026-04-30T22:43:15.673825Z,2026-05-09T17:00:00Z,1,103646801126327736838592390690214884341164475685318800304258082224761506436698,"sports,esports,league-of-legends,games",Sports,0.605
2089333,"ODI Series Pakistan vs Zimbabwe, Women: Pakistan vs Zimbabwe",crint-pak-zwe-2026-05-03,Sports,188689.975294,2026-04-26T21:45:55.958562Z,2026-05-10T10:30:00Z,1,54690257739250357339419614892864835627724089728400105177445880226339815898660,"international-cricket,games,cricket,sports",Sports,0.94
2092835,Will Real Racing Club win on 2026-05-10?,es2-leg-rrc-2026-05-10-rrc,Sports,33858.872326000004,2026-04-27T06:04:56.604534Z,2026-05-10T14:15:00Z,1,78738082292960080551357673291507802011848423840752230525940617305349449149377,"sports,games,soccer,la-liga-2",Sports,0.425
2218038,Dota 2: 1win vs PARIVISION - Game 2 Winner,dota2-1win-pari-2026-05-10-game2,Sports,175537.7484829999,2026-05-09T22:42:19.912627Z,2026-05-10T22:00:00Z,0,47744245252888835431181594173920926335287688659595521184592927497278245174626,"sports,esports,games,dota-2",Sports,0.265
1962226,Will Qingdao Hainiu FC win on 2026-05-10?,chi-hai-ygb-2026-05-10-hai,Sports,46017.322321000036,2026-04-12T20:50:07.409253Z,2026-05-10T12:00:00Z,1,32406825359934542334994201429139511893939353998073784787747475699646773938900,"sports,games,soccer,chinese-super-league",Sports,0.395
2092491,Le Havre AC vs. Olympique de Marseille: O/U 3.5,fl1-hac-olm-2026-05-10-total-3pt5,Sports,11741.113387000001,2026-04-27T05:03:43.376973Z,2026-05-10T19:00:00Z,0,94720332362547242140016720001750508959821026039987685918697676539474644405948,"sports,games,soccer,ligue-1",Sports,0.365
2158593,Counter-Strike: TheMongolz vs magic - Map 1 Winner,cs2-mglz-mgc-2026-05-09-game1,Sports,324286.1120929999,2026-05-04T18:09:32.814217Z,2026-05-09T12:50:00Z,1,71078461700416983345249452053220472481573452337463175330751246706731194747919,"sports,esports,games,counter-strike-2",Sports,0.66
2091305,Will Olympique de Marseille win on 2026-05-10?,fl1-hac-olm-2026-05-10-olm,Sports,583971.8227279986,2026-04-27T04:35:03.718747Z,2026-05-10T19:00:00Z,1,81675712934564485223825309417702344786773149921554033538263373550080060593569,"ligue-1,sports,games,soccer",Sports,0.465
2223871,Dota 2: PlayTime vs Nigma Galaxy - Game 1 Winner,dota2-playti-ngx-2026-05-10-game1,Sports,139077.7082699999,2026-05-10T17:03:10.979975Z,2026-05-11T00:20:00Z,1,72699366314537427464805726083052755103459906544271022374137096463899736308738,"sports,esports,games,dota-2",Sports,0.9995
2089885,Will Hellas Verona FC vs. Como 1907 end in a draw?,sea-ver-com-2026-05-10-draw,Sports,38634.66813399998,2026-04-26T23:10:49.424908Z,2026-05-10T10:30:00Z,0,72904840669613442420920064078215074904115954495417702378352941216218830788284,"sports,games,soccer,sea",Sports,0.205
2154437,Game Handicap: LOS (-1.5) vs Fluxo W7M (+1.5),lol-los-fxw7-2026-05-09-game-handicap-away-1pt5,Sports,12914.733554000004,2026-05-04T11:36:42.716479Z,2026-05-10T22:00:00Z,0,23908452951738956758212400271650165871887477235758053627420621638166954380997,"sports,esports,league-of-legends,games",Sports,0.505
2218111,Dota 2: PlayTime vs Yellow Submarine (BO3) - 1win Essence Playoffs,dota2-playti-yes-2026-05-10,Sports,158262.65137599997,2026-05-09T22:52:37.036011Z,2026-05-10T18:00:00Z,1,33153324928833680047445077324301418252674718975949349593974559159491626473689,"sports,esports,games,dota-2",Sports,0.695
2083993,SAN-EN NeoPhoenix vs. Diamond Dolphins,bkjpn-san-dia-2026-05-03,Sports,11267.890631000004,2026-04-26T07:33:55.669729Z,2026-05-10T06:05:00Z,1,74806692702082865727062025233778794221229491418139742300792335679460268652466,"sports,games,basketball,bkjpn",Sports,0.755
2089884,Will Hellas Verona FC win on 2026-05-10?,sea-ver-com-2026-05-10-ver,Sports,446970.38957900065,2026-04-26T23:11:00.434972Z,2026-05-10T10:30:00Z,0,15945153742043980015657460738539300927768985623215491615831093134405859698180,"sports,games,soccer,sea",Sports,0.115
2123693,Ningbo Rockets vs. Zhejiang Golden Bulls,bkcba-nin-zhe2-2026-05-02,Sports,151055.386748,2026-04-30T07:32:42.487547Z,2026-05-09T11:35:00Z,0,32036943759290642394111750034264623902128916524747326081245801436649375947920,"sports,games,basketball,cba",Sports,0.6
2182389,Valorant: DRX vs Nongshim RedForce - Map 2 Winner,val-drx1-ns1-2026-05-09-game2,Sports,43721.08474,2026-05-07T16:05:15.786533Z,2026-05-09T17:30:00Z,1,47862625760724373585025369327009065745906061010003690023211927957856038742013,"sports,esports,games,valorant",Sports,0.435
2201110,Dota 2: REKONIX vs 1win - Game 2 Winner,dota2-rnx-1win-2026-05-09-game2,Sports,139575.2753420001,2026-05-09T06:47:48.438372Z,2026-05-09T19:00:00Z,0,48282321941640579210512805991676803844049927655269829784242493454815271103193,"sports,esports,games,dota-2",Sports,0.49
2116806,Will Fenerbahçe SK win on 2026-05-09?,tur-kon-fen-2026-05-09-fen,Sports,25206.621836999988,2026-04-29T16:21:37.342714Z,2026-05-09T17:00:00Z,1,53619662169938674374922937852803385669924440037991518637683097580942576329490,"sports,games,soccer,tur",Sports,0.605
1962217,Will Zhejiang Zhiye FC win on 2026-05-10?,chi-zhe-jin-2026-05-10-zhe,Sports,16285.475244999996,2026-04-12T20:49:22.391658Z,2026-05-10T11:35:00Z,0,9404724128769978222792619959117861982120817347098209852757946890860600611000,"sports,games,soccer,chinese-super-league",Sports,0.575
2092370,Spread: AS Roma (-1.5),sea-par-rom-2026-05-10-spread-away-1pt5,Sports,79513.68144499995,2026-04-27T05:04:19.146294Z,2026-05-10T16:00:00Z,0,84215289755426639207703204182509456761318386013873292675857874768852009260164,"sports,games,soccer,sea",Sports,0.365
2083064,Spread: FC Internazionale Milano (-2.5),sea-laz-int-2026-05-09-spread-away-2pt5,Sports,11694.67233,2026-04-26T05:11:44.411744Z,2026-05-09T16:00:00Z,1,20318253867421670429010042484008634389621738006323705996177544610427668003135,"games,soccer,sea,sports",Sports,0.125
2176737,Total Kills Over/Under 26.5 in Game 2?,lol-g2-gx-2026-05-09-game2-kill-over-26pt5,Sports,12578.846744000002,2026-05-06T18:25:44.015453Z,2026-05-09T20:00:00Z,0,3652016229556510678401079123096012080669056741584005645849698369791198908388,"sports,esports,league-of-legends,games",Sports,0.54
2182383,Valorant: DRX vs Nongshim RedForce (BO3) - VCT Pacific Playoffs,val-drx1-ns1-2026-05-09,Sports,147562.41718399985,2026-05-07T16:05:37.53092Z,2026-05-09T17:30:00Z,1,36840399640417643916688826499911385802288231660296102986034806632724407057861,"sports,esports,games,valorant",Sports,0.375
2092338,1. FSV Mainz 05 vs. 1. FC Union Berlin: O/U 1.5,bun-mai-uni-2026-05-10-total-1pt5,Sports,12013.844305,2026-04-27T05:21:36.762175Z,2026-05-10T17:30:00Z,1,35893472679935558481144059966123434410003029798878618531393377311580648585797,"sports,games,soccer,bundesliga",Sports,0.815
2221035,Rainbow Six Siege: All Gamers vs Weibo Gaming (BO1) - BLAST R6 Major Salt Lake City Group Stage,r6siege-allgam-wbg-2026-05-10,Sports,14043.533043000001,2026-05-10T07:52:41.98602Z,2026-05-10T23:30:00Z,0,23311339964565687422583451732699946455850029428890675398966726205044422028800,"sports,esports,games,rainbow-six-siege",Sports,0.0005
2036468,Will Al Fateh Saudi Club win on 2026-05-10?,spl-riy-fat-2026-05-10-fat,Sports,12652.620309000002,2026-04-20T19:39:15.42573Z,2026-05-10T16:05:00Z,0,75174189461834801610192833549298464617304006000226409751190392587867885378031,"sports,games,soccer,saudi-professional-league",Sports,0.285
2083576,Will Deportivo Alavés win on 2026-05-09?,lal-elc-ala-2026-05-09-ala,Sports,89940.48911100018,2026-04-26T06:05:54.964545Z,2026-05-09T12:00:00Z,0,50361555816821686597508231287276496747102847117577610986788929073288249299283,"sports,games,soccer,la-liga",Sports,0.275
2089889,Will Pisa SC win on 2026-05-10?,sea-cre-pis-2026-05-10-pis,Sports,60503.70187100003,2026-04-26T23:11:43.39606Z,2026-05-10T13:00:00Z,0,47890102156166688257202867270072893725717142004737879474704963289228265400709,"sports,games,soccer,sea",Sports,0.185
2083846,Elche CF vs. Deportivo Alavés: O/U 1.5,lal-elc-ala-2026-05-09-total-1pt5,Sports,34573.88144000002,2026-04-26T07:03:23.858453Z,2026-05-09T12:00:00Z,1,1309831783843924156880955134396613821366029186816463834540745530070619211918,"sports,games,soccer,la-liga",Sports,0.745
2214561,Map Handicap: AUR (-1.5) vs The Huns Esports (+1.5),cs2-aur1-the9-2026-05-10-map-handicap-away-1pt5,Sports,15350.706123999998,2026-05-09T16:37:21.350722Z,2026-05-10T14:20:00Z,1,19947976676979344814130900636317560675184224943223680731119096611352069055899,"sports,esports,games,counter-strike-2",Sports,0.9995
2140641,Games Total: O/U 2.5,lol-jdg-al-2026-05-10-total-games-2pt5,Sports,10028.108059999999,2026-05-02T15:34:31.45472Z,2026-05-10T17:20:00Z,1,109716955820536163184265796060063083096745675881028642647322896911715713405114,"sports,esports,league-of-legends,games",Sports,0.485
2167256,LoL: Movistar KOI vs G2 Esports (BO3) - LEC Regular Season,lol-mkoi-g2-2026-05-10,Sports,1460373.5023460004,2026-05-05T17:33:43.593022Z,2026-05-10T22:25:00Z,1,68321805948412015205008638932009695645776242468316503692808156436301005502721,"sports,esports,league-of-legends,games",Sports,0.3
2167171,Will CS Independiente Rivadavia win on 2026-05-09?,arg-riv1-uni-2026-05-09-riv1,Sports,15862.288579000004,2026-05-05T17:37:31.364984Z,2026-05-10T00:30:00Z,0,72821881341740417243955903327262520702719210920723083486784655330726115056791,"sports,games,soccer,arg",Sports,0.425
2167166,Will CA Boca Juniors vs. CA Huracán end in a draw?,arg-boc-cah-2026-05-09-draw,Sports,33051.59758399998,2026-05-05T17:34:53.947487Z,2026-05-09T22:00:00Z,1,22912890871764214643215843463725817061173520102893444977836366643531656688407,"sports,games,soccer,arg",Sports,0.305
2083214,Spread: Liverpool FC (-2.5),epl-liv-che-2026-05-09-spread-home-2pt5,Sports,21715.86089799999,2026-04-26T05:15:14.022501Z,2026-05-09T11:30:00Z,0,103318681719125639807448707323172586009696140021062627086198647095102034708477,"sports,games,soccer,premier-league,EPL",Sports,0.155
2092832,Will Athletic Club vs. Valencia CF end in a draw?,lal-bil-val-2026-05-10-draw,Sports,46336.205814999936,2026-04-27T06:04:39.427662Z,2026-05-10T14:15:00Z,0,2568438277653922574389163476382814979465329456608362573382297423103222363576,"sports,games,soccer,la-liga",Sports,0.245
2093069,RCD Mallorca vs. Villarreal CF: O/U 2.5,lal-mal-vil-2026-05-10-total-2pt5,Sports,63275.873860999964,2026-04-27T07:03:46.186148Z,2026-05-10T12:00:00Z,0,7869040314193846799203142745196546983816975498104972675545822295690232718522,"sports,games,soccer,la-liga",Sports,0.595
2088618,Spread: En Avant Guingamp (-1.5),fr2-clf-gui-2026-05-09-spread-away-1pt5,Sports,20886.269925,2026-04-26T20:05:59.708652Z,2026-05-09T18:00:00Z,0,39357761829676944205772134093122630205904331210936267191734500615853520191208,"sports,games,soccer,ligue-2",Sports,0.175
2083235,Liverpool FC vs. Chelsea FC: Both Teams to Score,epl-liv-che-2026-05-09-btts,Sports,38149.23261299997,2026-04-26T05:11:01.755679Z,2026-05-09T11:30:00Z,1,60655602559436840068715043935558265073946818714721033572002914190968890626133,"sports,games,soccer,premier-league,EPL",Sports,0.67
2169039,UFC: Strickland and Chimaev to Touch Gloves?,ufc-strickland-and-chimaev-to-touch-gloves,Sports,117462.08755300003,2026-05-05T23:17:00.235077Z,2026-05-10T00:00:00Z,1,112068551252131923552680170138937041571083534683439003049648926984228499059969,"ufc,chimaev,combat-sports,mma,sports,strickland",Sports,0.185
2107876,Will Deportivo Toluca FC win on 2026-05-10?,mex-pac-tol-2026-05-10-tol,Sports,51531.496655000075,2026-04-28T17:31:32.666014Z,2026-05-10T23:00:00Z,0,61725139815090680893337544863209315420056476509340939656546747502858956675161,"sports,games,soccer,mex",Sports,0.445
2082130,Will Fulham FC vs. AFC Bournemouth end in a draw?,epl-ful-bou-2026-05-09-draw,Sports,188601.41704400006,2026-04-26T04:28:58.287871Z,2026-05-09T14:00:00Z,0,48839453182186355372624496099211608355051893626040724165366242163992402674901,"sports,games,soccer,premier-league,EPL",Sports,0.255
2083077,SS Lazio vs. FC Internazionale Milano: O/U 4.5,sea-laz-int-2026-05-09-total-4pt5,Sports,13044.517595999998,2026-04-26T05:06:25.540391Z,2026-05-09T16:00:00Z,0,104708576590681005130463158845817302886341318343693767030963906804169028372346,"games,soccer,sea,sports",Sports,0.155
2036469,Will Al Ittihad Saudi Club win on 2026-05-10?,spl-ith-dam-2026-05-10-ith,Sports,41236.83222,2026-04-20T19:37:53.001674Z,2026-05-10T18:00:00Z,1,105252337143519688068733936425121249587317424018597597123723908396785846832713,"sports,games,soccer,saudi-professional-league",Sports,0.655
2083234,VfB Stuttgart vs. Bayer 04 Leverkusen: O/U 4.5,bun-stu-b04-2026-05-09-total-4pt5,Sports,71510.02800900009,2026-04-26T05:18:33.390702Z,2026-05-09T13:30:00Z,0,111258952704509783930428229731491153282417889127883606336210518084636082900836,"sports,games,soccer,bundesliga",Sports,0.315
2083178,FC Augsburg vs. Borussia Mönchengladbach: O/U 2.5,bun-aug-moe-2026-05-09-total-2pt5,Sports,26259.413443000012,2026-04-26T05:16:13.5142Z,2026-05-09T13:30:00Z,1,61291028818933926209643932736323498565371157315643562774339486495415860780230,"sports,games,soccer,bundesliga",Sports,0.625
1970530,Liaoning Tieren FC vs. Yunnan Yukun FC: O/U 4.5,chi-tie-yun-2026-05-10-total-4pt5,Sports,13153.987748,2026-04-13T16:02:48.694338Z,2026-05-10T11:00:00Z,0,5322867690304281339737217660500681778999106661766557369131617878903507685148,"sports,games,soccer,chinese-super-league",Sports,0.215
1959518,Will Toronto FC vs. Inter Miami CF end in a draw?,mls-tor-mia-2026-05-09-draw,Sports,12823.703352000004,2026-04-12T16:13:43.248763Z,2026-05-09T17:00:00Z,0,33475625885793979402146473814736229409099236815935642871882230009499346495468,"sports,games,soccer,mls",Sports,0.215
2083210,Spread: Chelsea FC (-1.5),epl-liv-che-2026-05-09-spread-away-1pt5,Sports,31198.746401000008,2026-04-26T05:03:40.873647Z,2026-05-09T11:30:00Z,0,101478109373082434630346620701471558149437503673874899362714551494763660932918,"sports,games,soccer,premier-league,EPL",Sports,0.105
2083072,Brighton & Hove Albion FC vs. Wolverhampton Wanderers FC: O/U 2.5,epl-bri-wol-2026-05-09-total-2pt5,Sports,51149.044637,2026-04-26T05:04:13.922895Z,2026-05-09T14:00:00Z,1,77183953484677718847740683172848133862789966655342858568716946326436599063426,"sports,games,soccer,premier-league,EPL",Sports,0.64
2190517,Counter-Strike: CYBERSHOKE Esports vs AM Gaming (BO3) - BC Game Masters Europe Series #1 Playoffs,cs2-cs1-am-2026-05-09,Sports,171268.411797,2026-05-08T17:12:34.719608Z,2026-05-09T20:00:00Z,1,114783999022550083902145629950178307013665626285374084528328139142057739933694,"sports,esports,games,counter-strike-2",Sports,0.665
2187862,Counter-Strike: Imperial vs Yawara Esports (BO3) - CCT South America Series #1 Playoffs,cs2-imp11-yaw-2026-05-09,Sports,64131.355259000055,2026-05-08T06:13:42.888383Z,2026-05-10T04:15:00Z,1,97559766728361420518053501273136725264289724916575660371715439143168633230987,"sports,esports,games,counter-strike-2",Sports,0.745
2091361,Will Stade Rennais FC 1901 win on 2026-05-10?,fl1-ren-pfc-2026-05-10-ren,Sports,2348705.056951997,2026-04-27T04:05:47.439823Z,2026-05-10T19:00:00Z,1,37206404488133010403116947700880839818994194115862177002665210083414923799377,"sports,games,soccer,ligue-1",Sports,0.615
1959606,Will FC Dallas win on 2026-05-09?,mls-dal-rsl-2026-05-09-dal,Sports,48138.002104,2026-04-12T16:23:51.768993Z,2026-05-10T00:30:00Z,1,87033519133299849285050443715187598391600014473683265830475939950833936426905,"sports,games,soccer,mls",Sports,0.435
2128335,LoL: Ninjas in Pyjamas vs Invictus Gaming - Game 2 Winner,lol-nip-ig1-2026-05-09-game2,Sports,535035.3226829997,2026-04-30T22:46:03.380556Z,2026-05-09T13:00:00Z,0,93437374001013571850038146545737687722198156941105716725992012472205533073170,"sports,esports,league-of-legends,games",Sports,0.58
2093035,Spread: FC Barcelona (-2.5),lal-bar-rea-2026-05-10-spread-home-2pt5,Sports,80327.76188399998,2026-04-27T07:02:27.940557Z,2026-05-10T19:00:00Z,0,32531787959805916518888642059378391054745043371499055361553784706521827581752,"soccer,la-liga,sports,games",Sports,0.205
2083803,Real Sociedad de Fútbol vs. Real Betis Balompié: O/U 3.5,lal-rso-bet-2026-05-09-total-3pt5,Sports,93679.11527200004,2026-04-26T07:02:55.686954Z,2026-05-09T19:00:00Z,1,39143025342516829241859751212602990441689003930021015000429845610474505395416,"sports,games,soccer,la-liga",Sports,0.355
2184853,Valorant: Team Liquid vs Gentle Mates - Map 2 Winner,val-tl1-gm-2026-05-09-game2,Sports,48472.27449899998,2026-05-07T22:12:26.482335Z,2026-05-09T23:30:00Z,0,24116323122162440898274942294341859169261135387951403731986540504905331247090,"sports,esports,games,valorant",Sports,0.58
2083193,FC Augsburg vs. Borussia Mönchengladbach: Both Teams to Score,bun-aug-moe-2026-05-09-btts,Sports,18724.636529999996,2026-04-26T05:11:50.048509Z,2026-05-09T13:30:00Z,1,51192437773940283790688088139087019111027457301225624573169476412802935209016,"sports,games,soccer,bundesliga",Sports,0.635
2187889,Counter-Strike: Nemiga vs INOX Division - Map 2 Winner,cs2-nemi1-inox-2026-05-09-game2,Sports,13727.503309000009,2026-05-08T06:22:29.218767Z,2026-05-09T18:00:00Z,0,83301898440487819035318093956853438008136872866340249981396494039221902053915,"sports,esports,games,counter-strike-2",Sports,0.55
2182396,Map Handicap: NS (-1.5) vs DRX (+1.5),val-drx1-ns1-2026-05-09-map-handicap-home-1pt5,Sports,20055.821978000007,2026-05-07T16:05:41.754732Z,2026-05-09T17:30:00Z,0,15476056828608792678929052428363101399786272903729298062431708030328107778333,"sports,esports,games,valorant",Sports,0.27
2082101,Will VfL Bochum vs. Hannover 96 end in a draw?,bl2-boc-h96-2026-05-09-draw,Sports,20881.666084000008,2026-04-26T04:45:41.907132Z,2026-05-09T11:00:00Z,1,67187711106333024501645110326691252843602910034886573712276915038624703619625,"games,soccer,bundesliga-2,sports",Sports,0.235
2092520,AS Monaco FC vs. Lille OSC: O/U 1.5,fl1-asm-lil-2026-05-10-total-1pt5,Sports,12093.422622000002,2026-04-27T05:21:53.978228Z,2026-05-10T19:00:00Z,0,58621221416071684608088837170519448522756596173335192735518479016997170501741,"sports,games,soccer,ligue-1",Sports,0.81
2116824,Will Fatih Karagümrük SK win on 2026-05-09?,tur-koc-kar-2026-05-09-kar,Sports,41758.78198500001,2026-04-29T16:20:41.348569Z,2026-05-09T17:00:00Z,1,23007986328272363233452225006378426681274496234844864659098681734175461559770,"sports,games,soccer,tur",Sports,0.235
2164643,Middlesbrough FC vs. Southampton FC: Both Teams to Score,elc-mid-sot-2026-05-09-btts,Sports,15550.242648999996,2026-05-05T11:03:44.506109Z,2026-05-09T11:30:00Z,0,51686323283408065370578458800933687927858719103723020815984441819352435775563,"sports,games,soccer,efl-championship",Sports,0.52
2092480,Spread: Como 1907 (-1.5),sea-ver-com-2026-05-10-spread-away-1pt5,Sports,83123.14129400009,2026-04-27T05:17:17.887192Z,2026-05-10T10:30:00Z,0,45627025766864208086224500884154361834452470043397937126620256620385644253273,"sports,games,soccer,sea",Sports,0.425
2091285,Will Toulouse FC vs. Olympique Lyonnais end in a draw?,fl1-tou-lyo-2026-05-10-draw,Sports,45338.83347299997,2026-04-27T04:31:31.921962Z,2026-05-10T19:00:00Z,0,67826988156571212417025058493827985844364622800531785902528806412423591529036,"sports,games,soccer,ligue-1",Sports,0.245
2092347,1. FSV Mainz 05 vs. 1. FC Union Berlin: O/U 3.5,bun-mai-uni-2026-05-10-total-3pt5,Sports,50212.65491100003,2026-04-27T05:04:51.864334Z,2026-05-10T17:30:00Z,1,30516362079647413588348315749547138643500314544996884303348892149652351584228,"sports,games,soccer,bundesliga",Sports,0.365
2116807,Will Beşiktaş JK win on 2026-05-09?,tur-bes-tra-2026-05-09-bes,Sports,72169.44733500002,2026-04-29T16:20:55.243246Z,2026-05-09T17:00:00Z,0,54074180453177585890920833665769222716645261029800091135248185937977605776406,"sports,games,soccer,tur",Sports,0.475
2083032,US Lecce vs. Juventus FC: O/U 3.5,sea-lec-juv-2026-05-09-total-3pt5,Sports,41360.239448,2026-04-26T05:18:18.847984Z,2026-05-09T18:45:00Z,0,109905821720531931183924725186080444452331875776009325881045082891790836060646,"sports,games,soccer,sea",Sports,0.295
2093038,FC Barcelona vs. Real Madrid CF: O/U 2.5,lal-bar-rea-2026-05-10-total-2pt5,Sports,189612.11980000013,2026-04-27T07:02:37.779011Z,2026-05-10T19:00:00Z,0,73934981497261378559564880308963411264790742353569790311812939119814911050777,"games,soccer,la-liga,sports",Sports,0.765
2092423,Burnley FC vs. Aston Villa FC: O/U 1.5,epl-bur-ast-2026-05-10-total-1pt5,Sports,59486.369147999976,2026-04-27T05:03:41.155284Z,2026-05-10T13:00:00Z,1,39608162807317950723919808033370755982065212678576723832625035057173687766415,"sports,games,soccer,premier-league,EPL",Sports,0.765
2092421,ACF Fiorentina vs. Genoa CFC: O/U 2.5,sea-fio-gen-2026-05-10-total-2pt5,Sports,46786.120631999984,2026-04-27T05:03:57.384274Z,2026-05-10T13:00:00Z,0,46253993672506077331860513077015574949919594863211508568184508036842012144619,"sports,games,soccer,sea",Sports,0.455
2154253,Call of Duty: OpTic Texas vs FaZe Vegas (BO5) - Call of Duty League Stage 3 Major Qualifiers Qualifiers,codmw-tex-faz-2026-05-09,Sports,14244.786585999998,2026-05-04T11:33:50.353249Z,2026-05-10T02:50:00Z,1,56395736958505767272051854237986074667020547323954915363977850439566394891136,"sports,esports,call-of-duty,games",Sports,0.635
2017344,"UFC 328: Jeremy Stephens vs. King Green (Lightweight, Main Card)",ufc-jer-kin-2026-05-09,Sports,635437.065074001,2026-04-18T22:06:27.666673Z,2026-05-10T03:59:59.999Z,0,94538152106855499199161663966059282163731627054788216941167325845372805952905,"sports,ufc,games",Sports,0.215
2082146,Will Manchester United FC win on 2026-05-09?,epl-sun-mun-2026-05-09-mun,Sports,1665722.5992290038,2026-04-26T04:05:29.541698Z,2026-05-09T14:00:00Z,0,91407329266309028829754085938120925070710810049759074976362514750563312276436,"sports,games,soccer,premier-league,EPL",Sports,0.495
2125229,Spread: Galatasaray SK (-2.5),tur-gal-ant-2026-05-09-spread-home-2pt5,Sports,14601.673970000002,2026-04-30T14:06:55.995396Z,2026-05-09T17:00:00Z,0,72448342867075603865662109473152021880646898756584982652537737191218553730183,"sports,games,soccer,tur",Sports,0.42
2144514,Thunder vs. Lakers,nba-okc-lal-2026-05-09,Sports,4446541.280557012,2026-05-03T04:04:39.269534Z,2026-05-10T00:30:00Z,1,36165820183002443740728950538950567922769955545323163521149819419086174909319,"sports,nba,games,basketball",Sports,0.765
2091316,Will AJ Auxerre vs. OGC Nice end in a draw?,fl1-aja-ogc-2026-05-10-draw,Sports,37869.52707400003,2026-04-27T04:16:27.954215Z,2026-05-10T19:00:00Z,0,61352591570491803188119503706794318318807730360321749860913371849752806175874,"sports,games,ligue-1,soccer",Sports,0.285
2222356,Dota 2: MODUS vs Inner Circle (BO3) - European Pro League Playoffs,dota2-modus-ic-2026-05-10,Sports,34665.144584999995,2026-05-10T13:24:30.649049Z,2026-05-10T21:00:00Z,1,110877208805059180995679549405573505696094773745446170603649047995784808044944,"sports,esports,games,dota-2",Sports,
2092372,Spread: Paris Saint-Germain FC (-2.5),fl1-psg-sbr-2026-05-10-spread-home-2pt5,Sports,11098.867076999999,2026-04-27T05:20:34.613766Z,2026-05-10T19:00:00Z,0,87600210746507805575744369184437988020664894787957206764517793362382624357150,"games,sports,soccer,ligue-1",Sports,0.415
2092431,Burnley FC vs. Aston Villa FC: O/U 3.5,epl-bur-ast-2026-05-10-total-3pt5,Sports,68242.46517899999,2026-04-27T05:09:44.146906Z,2026-05-10T13:00:00Z,1,65063574800708280643635591234577613346683074743510187904307713506659366877281,"sports,games,soccer,premier-league,EPL",Sports,0.295
2083216,Spread: Chelsea FC (-2.5),epl-liv-che-2026-05-09-spread-away-2pt5,Sports,30304.078629000007,2026-04-26T05:06:11.486006Z,2026-05-09T11:30:00Z,0,112794532253629318626875372353226462931695389942093197210172929077884694864106,"sports,games,soccer,premier-league,EPL",Sports,0.0375
2216695,Los Angeles Angels vs. Toronto Blue Jays: O/U 8.5,mlb-laa-tor-2026-05-10-total-8pt5,Sports,12680.872689999997,2026-05-09T19:14:45.159399Z,2026-05-10T17:37:00Z,0,11244747159961028619543727304515824517666631180861615371316826080150707939818,"sports,baseball,mlb,games",Sports,0.475
2083134,Cagliari Calcio vs. Udinese Calcio: O/U 2.5,sea-cag-udi-2026-05-09-total-2pt5,Sports,27506.384854000007,2026-04-26T05:12:22.353011Z,2026-05-09T13:00:00Z,0,107856255391658554007905275572463657843649879601603085691522273949667160639801,"sports,games,soccer,sea",Sports,0.425
2153259,Valorant: G2 Esports vs Cloud9 - Map 1 Winner,val-g21-c9-2026-05-09-game1,Sports,26109.035701,2026-05-04T07:12:41.45639Z,2026-05-10T01:00:00Z,1,74466945522776311469779937818727617419911738784250308750043391432605464101165,"sports,esports,games,valorant",Sports,0.75
2082141,Will TSG 1899 Hoffenheim win on 2026-05-09?,bun-hof-wer-2026-05-09-hof,Sports,309281.3351070002,2026-04-26T04:10:11.023506Z,2026-05-09T13:30:00Z,1,36994944706075729674372916186185703278406748863896651977544392226356536120693,"sports,games,soccer,bundesliga",Sports,0.655
2140639,LoL: JD Gaming vs Anyone's Legend - Game 2 Winner,lol-jdg-al-2026-05-10-game2,Sports,393846.4086850002,2026-05-02T15:37:41.56421Z,2026-05-10T17:20:00Z,0,1266979702691895437284206444809775082395676009323276491553849292741519416640,"sports,esports,league-of-legends,games",Sports,0.475
2140939,Wuxi: Yasutaka Uchiyama vs Alastair Gray,atp-uchiyam-gray-2026-05-03,Sports,206035.25192500028,2026-05-02T16:05:42.189709Z,2026-05-11T03:00:00Z,0,69330626339677438995094890917650353050494261332980385705436884685572466798600,"tennis,sports,games",Sports,0.465
2091225,Will AS Monaco FC vs. Lille OSC end in a draw?,fl1-asm-lil-2026-05-10-draw,Sports,15089.903769,2026-04-27T04:06:01.564808Z,2026-05-10T19:00:00Z,0,91532528540353837220928651637220223872194354493891206381899112177593705938104,"sports,games,soccer,ligue-1",Sports,0.255
2167258,LoL: Movistar KOI vs G2 Esports - Game 2 Winner,lol-mkoi-g2-2026-05-10-game2,Sports,594022.1646580003,2026-05-05T17:33:50.00156Z,2026-05-10T22:25:00Z,0,46903681901742815204831479440427833211233257408843819457738414875085423646678,"sports,esports,league-of-legends,games",Sports,0.365
1970416,Qingdao Hainiu FC vs. Dalian Yingbo FC: O/U 2.5,chi-hai-ygb-2026-05-10-total-2pt5,Sports,10341.536112000002,2026-04-13T16:05:01.486883Z,2026-05-10T12:00:00Z,1,13013159879405408955322572815762528005173980468252177299264824535101573654720,"sports,games,soccer,chinese-super-league",Sports,0.53
2205016,Counter-Strike: Isurus vs Fake do Biru (BO3) - CCT South America Series #1 Playoffs,cs2-isg-fdb-2026-05-09,Sports,131212.26477699992,2026-05-09T08:55:48.783489Z,2026-05-10T01:00:00Z,1,44434107017299050408063716405375670466782447313866128900881279211265318964484,"sports,esports,games,counter-strike-2",Sports,0.9995
2096035,Toronto Blue Jays vs. Minnesota Twins,mlb-tor-min-2026-05-03,Sports,491268.4566110012,2026-04-27T13:02:55.895141Z,2026-05-10T16:45:00Z,0,110079383908204383246735248742792508276675519914165239333579728628749544810769,"sports,games,mlb,baseball",Sports,0.495
2092356,West Ham United FC vs. Arsenal FC: O/U 3.5,epl-wes-ars-2026-05-10-total-3pt5,Sports,50370.331360999946,2026-04-27T05:10:58.46809Z,2026-05-10T15:30:00Z,0,99263866503048703256200671445085149577674988289896879285584291523767925916037,"sports,games,soccer,premier-league,EPL",Sports,0.335
2182387,Valorant: DRX vs Nongshim RedForce - Map 1 Winner,val-drx1-ns1-2026-05-09-game1,Sports,67569.73595700001,2026-05-07T16:02:42.966641Z,2026-05-09T17:30:00Z,0,38447036981809532614800720215986213214318856142587763998753721358583206245639,"sports,esports,games,valorant",Sports,0.435
2083833,Sevilla FC vs. RCD Espanyol de Barcelona: O/U 2.5,lal-sev-esp-2026-05-09-total-2pt5,Sports,46677.563514999994,2026-04-26T07:02:57.411607Z,2026-05-09T14:15:00Z,1,59280655175000578127815916510533015483780058244089241503710383929919944679221,"sports,games,soccer,la-liga",Sports,0.415
2202741,Dota 2: Nigma Galaxy vs L1ga Team (BO3) - 1win Essence Playoffs,dota2-ngx-l1ga-2026-05-09,Sports,31506.186556999994,2026-05-09T09:13:22.326469Z,2026-05-09T18:00:00Z,1,70520401931058130523229455095601731672552061682919567767017408914399088307978,"sports,esports,games,dota-2",Sports,0.76
1961769,Will Vissel Kōbe win on 2026-05-10?,j1100-vis-fag-2026-05-10-vis,Sports,28522.293949000006,2026-04-12T19:34:15.759474Z,2026-05-10T05:00:00Z,0,6414452101433246959406907708102066206295022090247953039744058934568633594272,"sports,japan-j-league,games,soccer",Sports,0.585
2153267,Map Handicap: G2 (-1.5) vs Cloud9 (+1.5),val-g21-c9-2026-05-09-map-handicap-away-1pt5,Sports,57279.07953799999,2026-05-04T07:14:05.119746Z,2026-05-10T03:00:00Z,1,14143241347956596466887684714216635429223166848539991890478191799936842694929,"sports,esports,games,valorant",Sports,0.57
2158615,Counter-Strike: Team Falcons vs K27 (BO3) - PGL Astana Group Stage,cs2-fal2-k271-2026-05-09,Sports,368256.46082000044,2026-05-04T18:03:38.196703Z,2026-05-09T16:25:00Z,1,79345730122095623360473455105243682711833631396828332111390836328736700420733,"sports,esports,games,counter-strike-2",Sports,0.865
2158607,Map Handicap: TS (-1.5) vs The Huns Esports (+1.5),cs2-ts7-the9-2026-05-09-map-handicap-away-1pt5,Sports,32140.818459000006,2026-05-04T18:06:57.539593Z,2026-05-09T16:00:00Z,1,51401070860827428724047667751752705161029279826943695062068801641581171125013,"sports,esports,games,counter-strike-2",Sports,0.795
2158618,Games Total: O/U 2.5,cs2-fal2-k271-2026-05-09-total-games-2pt5,Sports,21028.944517000018,2026-05-04T18:05:21.812165Z,2026-05-09T16:25:00Z,0,53304379666183331161117826484273592561371945606850966648708722250643218698046,"sports,esports,games,counter-strike-2",Sports,0.32
2093048,Real Oviedo vs. Getafe CF: O/U 2.5,lal-ovi-get-2026-05-10-total-2pt5,Sports,41652.313635,2026-04-27T07:02:49.135366Z,2026-05-10T16:30:00Z,0,78074211478730050433505521163944437053584052136468079580512161505832097916262,"sports,games,soccer,la-liga",Sports,0.355
2017311,O/U 3.5 Rounds,ufc-tat1-jos49-2026-05-09-totals-3pt5,Sports,42707.669186,2026-04-18T22:04:39.970544Z,2026-05-10T03:59:59.999Z,1,33719837896752723356385110195913367095425311097074131282845236189586503383562,"sports,ufc,games",Sports,0.53
2092345,Spread: Arsenal FC (-2.5),epl-wes-ars-2026-05-10-spread-away-2pt5,Sports,24782.25122800001,2026-04-27T05:03:47.163712Z,2026-05-10T15:30:00Z,0,56598395513621690529048009190538857871432120903398013661382510203887082787547,"sports,games,soccer,premier-league,EPL",Sports,0.185
2092442,Spread: US Cremonese (-1.5),sea-cre-pis-2026-05-10-spread-home-1pt5,Sports,24962.10895299999,2026-04-27T05:10:54.092821Z,2026-05-10T13:00:00Z,1,47750620582978339756287950044794552120362599176438001867482344813271246093103,"sports,games,soccer,sea",Sports,0.285
2091354,Will Stade Brestois 29 win on 2026-05-10?,fl1-psg-sbr-2026-05-10-sbr,Sports,180954.59148999982,2026-04-27T04:10:11.040764Z,2026-05-10T19:00:00Z,0,14440589210911505981209074184447524266521511938109239908536947438649803683062,"games,ligue-1,sports,soccer",Sports,0.055
2083810,Spread: RC Celta de Vigo (-1.5),lal-mad-cel-2026-05-09-spread-away-1pt5,Sports,11875.880713999995,2026-04-26T07:02:51.615727Z,2026-05-09T16:30:00Z,0,108446759698117698909614214931312563507300126482430840114019437541865160963466,"sports,games,soccer,la-liga",Sports,0.115
1962228,Will Dalian Yingbo FC win on 2026-05-10?,chi-hai-ygb-2026-05-10-ygb,Sports,25525.264893999978,2026-04-12T20:50:22.934328Z,2026-05-10T12:00:00Z,0,50106536411089815485651082752571514559623193266178596610700389135376899121373,"sports,games,soccer,chinese-super-league",Sports,0.335
2083031,Manchester City FC vs. Brentford FC: O/U 4.5,epl-mac-bre-2026-05-09-total-4pt5,Sports,43541.64077800002,2026-04-26T05:08:19.994041Z,2026-05-09T16:30:00Z,0,3388297884251977884391815013241795598266353963202193986253737170441006231304,"sports,games,soccer,premier-league,EPL",Sports,0.285
2217180,Washington Nationals vs. Miami Marlins: O/U 12.5,mlb-wsh-mia-2026-05-09-total-12pt5,Sports,12548.243256,2026-05-09T21:32:31.004474Z,2026-05-09T20:10:00Z,1,24589482146821648912436736282824605542231670708869766979895241890592821197840,"sports,baseball,mlb,games",Sports,0.9995
2085861,New York Mets vs. Los Angeles Angels,mlb-nym-laa-2026-05-02,Sports,908311.0872950017,2026-04-26T13:04:04.466615Z,2026-05-10T01:38:00Z,0,39554233372221201896137432046709697727024334006027136603501465898144438522212,"sports,games,mlb,baseball",Sports,0.535
1950004,Will Mohun Bagan Super Giant win on 2026-05-09?,isp-goa-mob-2026-05-09-mob,Sports,15560.944280999995,2026-04-11T20:19:29.765291Z,2026-05-09T11:30:00Z,0,21602011706259078696474647073110417245092964740158339976684098483679798081133,"sports,games,soccer,indian-super-league",Sports,0.545
2200977,Dota 2: Yellow Submarine vs Tundra Esports - Game 2 Winner,dota2-yes-tundra-2026-05-09-game2,Sports,108883.13290099996,2026-05-09T05:58:46.846284Z,2026-05-09T13:00:00Z,1,84895167622466894041768605685253180753906469467229820055558211882339398866746,"sports,esports,games,dota-2",Sports,0.9995
1970225,Gamba Ōsaka vs. Sanfrecce Hiroshima: O/U 1.5,j1100-gam-san-2026-05-10-total-1pt5,Sports,12446.099380999993,2026-04-13T15:48:32.936424Z,2026-05-10T06:00:00Z,0,23683315679441423670243381420462245518436465124330827780378918137830670642476,"sports,japan-j-league,games,soccer",Sports,0.75
2085863,Kansas City Royals vs. Seattle Mariners,mlb-kc-sea-2026-05-02,Sports,419292.8285209996,2026-04-26T13:03:48.10905Z,2026-05-10T01:40:00Z,1,55565569456588652766962160803018716813419989621709710595958504474626583841961,"sports,games,mlb,baseball",Sports,0.425
2116825,Will Galatasaray SK win on 2026-05-09?,tur-gal-ant-2026-05-09-gal,Sports,461484.21785,2026-04-29T16:21:09.281348Z,2026-05-09T17:00:00Z,1,79811953882762263179316206069487171296603157853751565176302809902105691573405,"sports,games,soccer,tur",Sports,0.855
1959517,Will Toronto FC win on 2026-05-09?,mls-tor-mia-2026-05-09-tor,Sports,17538.085917,2026-04-12T16:13:40.710639Z,2026-05-09T17:00:00Z,0,96175370862236216492899568908531909786080293730448413295299161611575175050407,"sports,games,soccer,mls",Sports,0.255
2091246,Will SV Darmstadt 98 win on 2026-05-10?,bl2-mun-svd-2026-05-10-svd,Sports,76034.37478199996,2026-04-27T04:05:38.138524Z,2026-05-10T11:30:00Z,0,35415461658351454774682769914089671196392410004710012958340528995202130207434,"sports,games,soccer,bundesliga-2",Sports,0.355
2186093,Spread: Cavaliers (-3.5),nba-det-cle-2026-05-09-spread-home-3pt5,Sports,323655.80943299964,2026-05-08T02:12:43.645261Z,2026-05-09T19:00:00Z,1,50146266259190349156071668831477006617921820723993238739495214405217400249235,"sports,basketball,nba,games",Sports,0.545
1960395,Charlotte FC vs. FC Cincinnati: O/U 2.5,mls-clt-fcc-2026-05-09-total-2pt5,Sports,11140.769396000003,2026-04-12T17:08:29.797112Z,2026-05-09T23:30:00Z,1,60797905251084046235535934967755317372408689960685838642803359469592204361540,"sports,games,soccer,mls",Sports,0.63
2083054,Spread: Brighton & Hove Albion FC (-2.5),epl-bri-wol-2026-05-09-spread-home-2pt5,Sports,168958.26993999994,2026-04-26T05:19:01.537267Z,2026-05-09T14:00:00Z,1,99114009624335781274635811294221835458342468309726035865104180923367219852872,"sports,games,soccer,premier-league,EPL",Sports,0.325
1961457,Will Club Always Ready win on 2026-05-10?,bol1-idp-alw-2026-05-10-alw,Sports,35900.570357000026,2026-04-12T19:05:29.776353Z,2026-05-10T19:00:00Z,0,12436407267595744337739842043852646710420306128031658210587284029846951281444,"sports,games,soccer",Sports,0.58
2092453,AJ Auxerre vs. OGC Nice: O/U 2.5,fl1-aja-ogc-2026-05-10-total-2pt5,Sports,46765.77843599999,2026-04-27T05:22:59.73162Z,2026-05-10T19:00:00Z,1,78008146657192587407656416551665477345952842154119237889183206791500395451862,"sports,games,soccer,ligue-1",Sports,0.495
2051812,Will Lando Norris win the Sprint at the 2026 F1 Miami Grand Prix?,f1-miami-grand-prix-sprint-winner-norris-2026-05-02,Sports,54453.966191000014,2026-04-22T11:37:12.566394Z,2026-05-09T16:00:00Z,1,99622323443064248659099842392639664418991682009771227120553829104027251286920,"formula1,f1,sports,grand-prix,games",Sports,0.455
2083027,VfL Wolfsburg vs. FC Bayern München: O/U 3.5,bun-wol-bay-2026-05-09-total-3pt5,Sports,68908.55567000007,2026-04-26T05:16:30.264809Z,2026-05-09T16:30:00Z,0,22758707018821724544699276793690830296822204016094312117804421128553151603684,"sports,games,soccer,bundesliga",Sports,0.595
1969712,Will NEC win on 2026-05-10?,ere-gro-nec-2026-05-10-nec,Sports,21793.645833000002,2026-04-13T14:34:45.935751Z,2026-05-10T14:45:00Z,0,4441401213167149616207274320576924069334981904969153671708079229084756448157,"sports,games,soccer,ere",Sports,0.425
2128361,LoL: Top Esports vs Team WE - Game 2 Winner,lol-tes-we-2026-05-09-game2,Sports,227443.83644000007,2026-04-30T22:42:51.191114Z,2026-05-09T15:00:00Z,1,95816308679345351240125791225211083108746571649373090226108945896162716022499,"sports,esports,league-of-legends,games",Sports,0.755
2116808,Will Beşiktaş JK vs. Trabzonspor end in a draw?,tur-bes-tra-2026-05-09-draw,Sports,24666.654031000002,2026-04-29T16:20:59.362439Z,2026-05-09T17:00:00Z,0,16041800265343655412148908395852055471373383756412403357289339257105217317891,"sports,games,soccer,tur",Sports,0.255
2083030,VfL Wolfsburg vs. FC Bayern München: O/U 4.5,bun-wol-bay-2026-05-09-total-4pt5,Sports,79972.4661800001,2026-04-26T05:19:34.308907Z,2026-05-09T16:30:00Z,0,49130965201283738276587932510813433036055750306986475167341860881805428102333,"sports,games,soccer,bundesliga",Sports,0.385
2158580,Counter-Strike: MOUZ vs Gentle Mates (BO3) - PGL Astana Group Stage,cs2-mouz-m8-2026-05-09,Sports,480404.485035,2026-05-04T18:05:52.039896Z,2026-05-09T13:05:00Z,1,35249995484967829692391980931990685476949302778564382084154249653764220032035,"sports,esports,games,counter-strike-2",Sports,0.775
1959632,Will Nashville SC vs. D.C. United SC end in a draw?,mls-nas-dcu-2026-05-09-draw,Sports,17351.235485999998,2026-04-12T16:19:25.192242Z,2026-05-10T01:00:00Z,1,92386773563722881433784033432776432571474762198580425054596798261970101216538,"sports,games,soccer,mls",Sports,0.245
1961430,Will EC Vitória win on 2026-05-09?,bra-flu-vit-2026-05-09-vit,Sports,39233.00592099999,2026-04-12T19:07:03.747841Z,2026-05-09T21:00:00Z,0,39003021396094541323754758740301742507435885171727899176532373907159771344931,"sports,games,soccer,brazil-serie-a",Sports,0.115
1969700,Will PEC Zwolle win on 2026-05-10?,ere-sit-zwo-2026-05-10-zwo,Sports,30106.878662999996,2026-04-13T14:35:57.41981Z,2026-05-10T14:45:00Z,0,27762407988873817120572493778141800313856725449596068012726810595203090803196,"sports,games,soccer,ere",Sports,0.285
1970439,Shenzhen Xinpengcheng FC vs. Shandong Taishan FC: O/U 2.5,chi-xin-sha-2026-05-10-total-2pt5,Sports,13165.062991999996,2026-04-13T16:04:06.88941Z,2026-05-10T12:00:00Z,1,56118156805749318543965381588278752187215163630278890067303075647185347695902,"sports,games,soccer,chinese-super-league",Sports,0.605
1970417,KFUM-Kameratene Oslo vs. Viking FK: O/U 2.5,nor-kfu-vik-2026-05-10-total-2pt5,Sports,28675.287381999988,2026-04-13T16:04:12.961564Z,2026-05-10T15:00:00Z,0,24546173664435659320196818413423692358648110469755521899558883941173091917628,"sports,games,soccer,norway-eliteserien",Sports,0.63
2216701,New York Yankees vs. Milwaukee Brewers: O/U 8.5,mlb-nyy-mil-2026-05-10-total-8pt5,Sports,60121.50548699998,2026-05-09T20:55:36.911307Z,2026-05-10T18:10:00Z,0,15692753314068560186076283875648505371316531125829160177445534559245639781712,"sports,baseball,mlb,games",Sports,0.485
2167236,Games Total: O/U 2.5,lol-kc-gx-2026-05-10-total-games-2pt5,Sports,34974.953938000006,2026-05-05T17:35:04.627596Z,2026-05-10T19:00:00Z,1,49398175922907283681246143264240215417131214113392815756344627737350664835226,"sports,esports,league-of-legends,games",Sports,0.4
2083108,Spread: TSG 1899 Hoffenheim (-1.5),bun-hof-wer-2026-05-09-spread-home-1pt5,Sports,15344.399336999999,2026-04-26T05:17:39.67735Z,2026-05-09T13:30:00Z,0,84265978074636113839801621306327915888086284162864894896841905803491099364749,"sports,games,soccer,bundesliga",Sports,0.435
2017395,"UFC 328: Djorden Santos vs. Baisangur Susurkaev (Middleweight, Early Prelims)",ufc-djo-bai1-2026-05-09,Sports,530138.6047379998,2026-04-18T22:05:03.92507Z,2026-05-10T03:59:59.999Z,0,60739090042099920729153806560272677664919537728089028267402707127077825354706,"sports,ufc,games",Sports,0.135
2093037,FC Barcelona vs. Real Madrid CF: O/U 1.5,lal-bar-rea-2026-05-10-total-1pt5,Sports,72363.43638200001,2026-04-27T07:02:30.00461Z,2026-05-10T19:00:00Z,1,55410627547351280714019007354038847101494518705056485166941468928604499275769,"soccer,la-liga,sports,games",Sports,0.895
2205290,Counter-Strike: largadosypelados vs Galorys (BO3) - CCT South America Series #1 Playoffs,cs2-ldp-gls1-2026-05-09,Sports,14050.616801999997,2026-05-09T10:08:28.141247Z,2026-05-09T22:00:00Z,1,21968987279907717480442382055419116697140434295661566481209319693193076594720,"sports,esports,games,counter-strike-2",Sports,0.5
2083218,Liverpool FC vs. Chelsea FC: O/U 1.5,epl-liv-che-2026-05-09-total-1pt5,Sports,74852.07940100001,2026-04-26T05:19:31.346563Z,2026-05-09T11:30:00Z,1,25828054999478126354250491690102504648208348942792598472839946629592577134255,"sports,games,soccer,premier-league,EPL",Sports,0.865
2116827,Will Antalyaspor win on 2026-05-09?,tur-gal-ant-2026-05-09-ant,Sports,42046.923191000016,2026-04-29T16:21:21.448245Z,2026-05-09T17:00:00Z,0,8006145107175930952671544079398349282208222981853447113882138027833630548723,"sports,games,soccer,tur",Sports,0.045
2184645,Total Kills Over/Under 29.5 in Game 2?,lol-ns-bro2-2026-05-09-game2-kill-over-29pt5,Sports,32488.418245999997,2026-05-07T21:33:17.814093Z,2026-05-09T16:10:00Z,1,57315218551661278042758740481744219454457837449886063018909097166154050775922,"sports,esports,league-of-legends,games",Sports,0.475
2036470,Will Al Ittihad Saudi Club vs. Damac Saudi Club end in a draw?,spl-ith-dam-2026-05-10-draw,Sports,16692.908814999995,2026-04-20T19:38:03.854126Z,2026-05-10T18:00:00Z,0,15881610909319086091898417937390174997712438413976581764720996063697116931274,"sports,games,soccer,saudi-professional-league",Sports,0.195
2017386,Fight to Go the Distance?,ufc-rom-mar80-2026-05-09-go-the-distance,Sports,10974.085471,2026-04-18T22:06:31.74939Z,2026-05-10T03:59:59.999Z,1,53309766501622417491501215359413612206787537143186940490444055777192317435514,"sports,ufc,games",Sports,0.43
2088607,Spread: Stade de Reims (-1.5),fr2-rei-pau-2026-05-09-spread-home-1pt5,Sports,18631.768515999996,2026-04-26T20:10:39.874332Z,2026-05-09T18:00:00Z,1,99769831477088562836214080329829068488686417386022779553935782946798433133472,"sports,games,soccer,ligue-2",Sports,0.525
2217151,Spread: Cavaliers (-10.5),nba-det-cle-2026-05-09-spread-home-10pt5,Sports,13750.355502000002,2026-05-09T20:22:47.645367Z,2026-05-09T19:00:00Z,0,28636651752020378440097958004927869689487073074282374753461083599871033656625,"sports,basketball,nba,games",Sports,0.0005
2214579,Counter-Strike: PARIVISION vs Fisher College (BO3) - PGL Astana Group Stage,cs2-prv-fc-2026-05-10,Sports,47739.02236300001,2026-05-09T17:53:16.774206Z,2026-05-10T16:05:00Z,1,70676825545387531412461589964097717278639323699402358221240103005412368900135,"sports,esports,games,counter-strike-2",Sports,0.9995
2092367,Spread: Parma Calcio 1913 (-1.5),sea-par-rom-2026-05-10-spread-home-1pt5,Sports,22265.492130000006,2026-04-27T05:03:36.028968Z,2026-05-10T16:00:00Z,0,113841861138095361198206269733169643473580837468307509213960971036896228076405,"sports,games,soccer,sea",Sports,0.0345
2082143,Will Sunderland AFC vs. Manchester United FC end in a draw?,epl-sun-mun-2026-05-09-draw,Sports,234383.58868200003,2026-04-26T04:05:27.781751Z,2026-05-09T14:00:00Z,1,20980520199726436436920547969047970029165870513851648746588565728020049490470,"sports,games,soccer,premier-league,EPL",Sports,0.265
2140593,LoL: Weibo Gaming vs Ninjas in Pyjamas - Game 1 Winner,lol-wb-nip-2026-05-10-game1,Sports,445772.55007400154,2026-05-02T15:35:08.483505Z,2026-05-10T13:00:00Z,1,104241017998411433916188461503225898599007632827529081691092710489745161609258,"sports,esports,league-of-legends,games",Sports,0.535
2092502,Toulouse FC vs. Olympique Lyonnais: O/U 2.5,fl1-tou-lyo-2026-05-10-total-2pt5,Sports,23826.147814000014,2026-04-27T05:18:08.53827Z,2026-05-10T19:00:00Z,1,7828215310473328914353892309363417487778778011185765559348119825747886278662,"sports,games,soccer,ligue-1",Sports,0.555
2224688,Seattle Mariners vs. Chicago White Sox: O/U 3.5,mlb-sea-cws-2026-05-10-total-3pt5,Sports,16187.855157999995,2026-05-10T19:40:45.611335Z,2026-05-10T18:10:00Z,0,96421434930736610951905892114051478363118276815229293422785822182662614802086,"sports,baseball,mlb,games",Sports,0.0005
2219102,Houston Astros vs. Cincinnati Reds: O/U 9.5,mlb-hou-cin-2026-05-10-total-9pt5,Sports,15239.144783999995,2026-05-10T02:07:27.037519Z,2026-05-10T17:40:00Z,0,94048816040481762656847821938717875621205012618711875666096070445845634113317,"sports,baseball,mlb,games",Sports,0.0005
2140595,LoL: Weibo Gaming vs Ninjas in Pyjamas - Game 2 Winner,lol-wb-nip-2026-05-10-game2,Sports,657266.6851240024,2026-05-02T15:36:53.337102Z,2026-05-10T13:00:00Z,1,93317890726281611492784555175585538245583797430112685037754345329346595811475,"sports,esports,league-of-legends,games",Sports,0.525
2192212,Counter-Strike: Turma do Pagode vs Bounty Hunters Esports - Map 2 Winner,cs2-tdp-bhe-2026-05-09-game2,Sports,10702.043269999998,2026-05-08T19:23:13.649944Z,2026-05-09T19:00:00Z,1,38441590850588361880722766170154392564767739095740635790517371551147961251277,"sports,esports,games,counter-strike-2",Sports,0.57
2167235,LoL: Karmine Corp vs GIANTX - Game 2 Winner,lol-kc-gx-2026-05-10-game2,Sports,494785.06407600024,2026-05-05T17:36:34.87136Z,2026-05-10T17:00:00Z,0,109924171856883701212996354651224881917786437811271794849208855131860692190893,"sports,esports,league-of-legends,games",Sports,0.71
2092387,Crystal Palace FC vs. Everton FC: O/U 2.5,epl-cry-eve-2026-05-10-total-2pt5,Sports,39582.45720400002,2026-04-27T05:10:54.369941Z,2026-05-10T13:00:00Z,1,13627930586143892005588023086462232951926829561357820599710266400095497322439,"sports,games,soccer,premier-league,EPL",Sports,0.505
2212460,"Ethereum Up or Down - May 10, 9:15AM-9:20AM ET",eth-updown-5m-1778418900,Crypto,13125.309792999995,2026-05-09T13:24:47.521711Z,2026-05-10T13:20:00Z,1,66793782294897509064504958495943122182212802926064370857812233884875994568923,"up-or-down,crypto-prices,hide-from-new,recurring,crypto,ethereum,5M",Crypto,0.505
2202680,"Bitcoin Up or Down - May 9, 5:45PM-5:50PM ET",btc-updown-5m-1778363100,Crypto,39544.78332199995,2026-05-08T21:54:20.831205Z,2026-05-09T21:50:00Z,1,52153288834986046695735024917833272160372333920004330393084453993640483807730,"up-or-down,crypto-prices,hide-from-new,recurring,crypto,bitcoin,5M",Crypto,0.505
2212465,"Ethereum Up or Down - May 10, 9:15AM-9:30AM ET",eth-updown-15m-1778418900,Crypto,10901.302030000004,2026-05-09T13:24:52.544659Z,2026-05-10T13:30:00Z,1,10677825800388248023050301498664589470203184369882500607409445366837317449722,"up-or-down,crypto-prices,hide-from-new,recurring,crypto,ethereum,15M",Crypto,0.495
2189340,"Bitcoin Up or Down - May 9, 9:25AM-9:30AM ET",btc-updown-5m-1778333100,Crypto,113614.90105599973,2026-05-08T13:32:55.342565Z,2026-05-09T13:30:00Z,0,44560480387322060067853245552643230112118161425384852440088419786663752196443,"up-or-down,crypto-prices,hide-from-new,recurring,crypto,bitcoin,5M",Crypto,0.505
2218885,"Bitcoin Up or Down - May 10, 8:45PM-8:50PM ET",btc-updown-5m-1778460300,Crypto,79729.35593899986,2026-05-10T00:53:25.311533Z,2026-05-11T00:50:00Z,0,56177146352744809240703628482032368372299009216749685817389075160931491673268,"up-or-down,crypto-prices,hide-from-new,recurring,crypto,bitcoin,5M",Crypto,0.505
2212500,"Bitcoin Up or Down - May 10, 9:25AM-9:30AM ET",btc-updown-5m-1778419500,Crypto,90671.52847799961,2026-05-09T13:33:54.800416Z,2026-05-10T13:30:00Z,1,61438506213073274217099601934025375786226663488080158472390352196811577017984,"5M,up-or-down,crypto-prices,hide-from-new,recurring,crypto,bitcoin",Crypto,0.505
2209881,"Bitcoin Up or Down - May 10, 7:15AM-7:20AM ET",btc-updown-5m-1778411700,Crypto,70124.78116299993,2026-05-09T11:25:19.741286Z,2026-05-10T11:20:00Z,0,60451473606073307352649143476059629671555150755011838097149433673226701916193,"up-or-down,crypto-prices,hide-from-new,recurring,crypto,bitcoin,5M",Crypto,0.505
2212454,"Bitcoin Up or Down - May 10, 9:10AM-9:15AM ET",btc-updown-5m-1778418600,Crypto,90352.7407840001,2026-05-09T13:19:10.627565Z,2026-05-10T13:15:00Z,1,22119208137297672162116012175433644548435357917257714010148553925512568498811,"up-or-down,crypto-prices,hide-from-new,recurring,crypto,bitcoin,5M",Crypto,0.505
2216213,"Bitcoin Up or Down - May 10, 12:55PM-1:00PM ET",btc-updown-5m-1778432100,Crypto,52488.321160000065,2026-05-09T17:04:31.368771Z,2026-05-10T17:00:00Z,1,12399224361272566078354398610751107480268310084837066141363818813530310657867,"up-or-down,crypto-prices,hide-from-new,recurring,crypto,bitcoin,5M",Crypto,0.505
2217177,"Bitcoin Up or Down - May 10, 4:15PM-4:20PM ET",btc-updown-5m-1778444100,Crypto,70713.54296099984,2026-05-09T20:27:46.558863Z,2026-05-10T20:20:00Z,0,33722499025052975689277346965244441203473607080968322687603952409327410801841,"crypto-prices,hide-from-new,bitcoin,5M,up-or-down,recurring,crypto",Crypto,0.505
2217121,"Bitcoin Up or Down - May 10, 4:00PM-4:15PM ET",btc-updown-15m-1778443200,Crypto,40762.86095599996,2026-05-09T20:08:39.948233Z,2026-05-10T20:15:00Z,0,112899613650248245200287130524181505581558222217609845517228124655506377994834,"up-or-down,crypto-prices,hide-from-new,recurring,crypto,bitcoin,15M",Crypto,0.505
2189920,Bitcoin Up or Down on May 10?,bitcoin-up-or-down-on-may-10-2026,Crypto,294924.4289129995,2026-05-08T16:02:17.210278Z,2026-05-10T16:00:00Z,1,27547224892596264698789225785395573713006779301634800171345737641876793608567,"crypto,crypto-prices,recurring,hide-from-new,bitcoin,up-or-down,today,daily,daily-close",Crypto,0.595
2210969,"Bitcoin Up or Down - May 10, 8:15AM-8:20AM ET",btc-updown-5m-1778415300,Crypto,55141.239921000015,2026-05-09T12:24:02.573989Z,2026-05-10T12:20:00Z,0,32337349140822035040728936074693605402363268019498282471607058397649600311247,"up-or-down,crypto-prices,hide-from-new,recurring,crypto,bitcoin,5M",Crypto,0.505
2215768,"Bitcoin Up or Down - May 10, 12:00PM-12:15PM ET",btc-updown-15m-1778428800,Crypto,56549.91706899987,2026-05-09T16:09:26.679159Z,2026-05-10T16:15:00Z,1,53700021329007994901940514035449299674007047809939469420060678296617824980506,"crypto,bitcoin,15M,up-or-down,crypto-prices,hide-from-new,recurring",Crypto,0.505
2207580,"Bitcoin Up or Down - May 10, 2:35AM-2:40AM ET",btc-updown-5m-1778394900,Crypto,60526.55405299993,2026-05-09T06:48:39.340143Z,2026-05-10T06:40:00Z,1,13513381320466252470913769218148565780937709000196484311701845039324924809371,"up-or-down,crypto-prices,hide-from-new,recurring,crypto,bitcoin,5M",Crypto,0.505
2204731,"Bitcoin Up or Down - May 9, 11:50PM-11:55PM ET",btc-updown-5m-1778385000,Crypto,56223.141392999954,2026-05-09T03:57:57.45451Z,2026-05-10T03:55:00Z,0,41901397995875650078632653255102152889285798254312656310448106006348273312771,"up-or-down,crypto-prices,hide-from-new,recurring,crypto,bitcoin,5M",Crypto,0.505
2188908,"Bitcoin Up or Down - May 9, 7:45AM-8:00AM ET",btc-updown-15m-1778327100,Crypto,50390.092428000076,2026-05-08T11:56:36.26325Z,2026-05-09T12:00:00Z,0,48272309178565501203140231659548939555125373003004188817007232626431719831682,"up-or-down,crypto-prices,hide-from-new,recurring,crypto,bitcoin,15M",Crypto,0.505
2200906,"Bitcoin Up or Down - May 9, 4:45PM-4:50PM ET",btc-updown-5m-1778359500,Crypto,30656.717209999988,2026-05-08T20:54:49.143215Z,2026-05-09T20:50:00Z,0,73921691849703468886637405804829616933937506603672639359871370065578346272379,"up-or-down,crypto-prices,hide-from-new,recurring,crypto,bitcoin,5M",Crypto,0.505
2188778,"Bitcoin Up or Down - May 9, 7:00AM-7:15AM ET",btc-updown-15m-1778324400,Crypto,33136.61999299999,2026-05-08T11:07:55.554094Z,2026-05-09T11:15:00Z,1,101072477298646732623153622432396151784410097807091008468609366990936255789526,"up-or-down,hide-from-new,15M,crypto-prices,recurring,crypto,bitcoin",Crypto,0.505
2217554,"Ethereum Up or Down - May 10, 5:20PM-5:25PM ET",eth-updown-5m-1778448000,Crypto,10980.282267999997,2026-05-09T21:29:40.05941Z,2026-05-10T21:25:00Z,1,80874168447781674648542690555942697064902122760732564479934043812138395761184,"up-or-down,5M,crypto-prices,hide-from-new,recurring,crypto,ethereum",Crypto,0.5
2189834,"Bitcoin Up or Down - May 9, 11:35AM-11:40AM ET",btc-updown-5m-1778340900,Crypto,61756.991126999856,2026-05-08T15:43:01.007491Z,2026-05-09T15:40:00Z,1,23133074609698202408473248069397389028349745869327677220183595282750938880319,"up-or-down,hide-from-new,recurring,crypto,bitcoin,5M,crypto-prices",Crypto,0.505
2207999,"Bitcoin Up or Down - May 10, 3:40AM-3:45AM ET",btc-updown-5m-1778398800,Crypto,79891.71483700017,2026-05-09T07:53:30.184613Z,2026-05-10T07:45:00Z,1,46116140446217969574139556163460613151902797131481523905437092272890299074994,"up-or-down,crypto-prices,hide-from-new,recurring,crypto,bitcoin,5M",Crypto,0.505
2216353,"Bitcoin Up or Down - May 10, 1:40PM-1:45PM ET",btc-updown-5m-1778434800,Crypto,41912.38543600002,2026-05-09T17:50:44.16439Z,2026-05-10T17:45:00Z,1,49431261346203028246202010482518532265630804244108133976366158626233592988886,"up-or-down,crypto-prices,hide-from-new,recurring,crypto,bitcoin,5M",Crypto,0.505
2207403,"Bitcoin Up or Down - May 10, 2:10AM-2:15AM ET",btc-updown-5m-1778393400,Crypto,48574.48864300002,2026-05-09T06:24:12.771024Z,2026-05-10T06:15:00Z,0,6746153736337175551841384911160631229089800591565917850212000724302734234745,"up-or-down,crypto-prices,hide-from-new,recurring,crypto,bitcoin,5M",Crypto,0.505
2191203,"Bitcoin Up or Down - May 9, 1:10PM-1:15PM ET",btc-updown-5m-1778346600,Crypto,97390.63529099984,2026-05-08T17:17:38.678152Z,2026-05-09T17:15:00Z,0,97529363700085324168820890479231177449042173072242943852671326047505350180364,"hide-from-new,recurring,crypto,bitcoin,5M,up-or-down,crypto-prices",Crypto,0.505
2211088,"Bitcoin Up or Down - May 10, 8:45AM-8:50AM ET",btc-updown-5m-1778417100,Crypto,132343.86106000026,2026-05-09T12:54:06.721718Z,2026-05-10T12:50:00Z,0,20756338797687104408705044060765450266570720856141666757956412676909402803029,"up-or-down,crypto-prices,hide-from-new,recurring,crypto,bitcoin,5M",Crypto,0.505
2218983,"Bitcoin Up or Down - May 10, 9:15PM-9:20PM ET",btc-updown-5m-1778462100,Crypto,59102.339056999874,2026-05-10T01:23:00.028803Z,2026-05-11T01:20:00Z,1,101117300494290546981402940958679696549925145285162806912362393289071721113702,"up-or-down,crypto-prices,hide-from-new,recurring,crypto,bitcoin,5M",Crypto,0.505
2189392,"Ethereum Up or Down - May 9, 9:40AM-9:45AM ET",eth-updown-5m-1778334000,Crypto,10057.10355799999,2026-05-08T13:48:23.449031Z,2026-05-09T13:45:00Z,0,59602990258373219054402430736863779758440832095963745866826137258294077732759,"up-or-down,crypto-prices,hide-from-new,recurring,crypto,ethereum,5M",Crypto,0.505
2218682,"Bitcoin Up or Down - May 10, 7:35PM-7:40PM ET",btc-updown-5m-1778456100,Crypto,53843.485196,2026-05-09T23:42:44.863234Z,2026-05-10T23:40:00Z,1,48324193331580955728461656511772814080482770289623109553811707553852665312499,"up-or-down,crypto-prices,hide-from-new,recurring,crypto,bitcoin,5M",Crypto,0.505
2203360,"Bitcoin Up or Down - May 9, 6:20PM-6:25PM ET",btc-updown-5m-1778365200,Crypto,49620.53663600002,2026-05-08T22:28:39.327276Z,2026-05-09T22:25:00Z,0,72009453428125223169711911590369234000427463114200328907223094706575006854460,"up-or-down,crypto-prices,hide-from-new,recurring,crypto,bitcoin,5M",Crypto,0.505
2189253,"Bitcoin Up or Down - May 9, 9:00AM-9:05AM ET",btc-updown-5m-1778331600,Crypto,64788.82482799993,2026-05-08T13:08:02.396046Z,2026-05-09T13:05:00Z,0,109156810180992524730119154280693742726066788190057964477406117575673822461616,"up-or-down,crypto-prices,hide-from-new,recurring,crypto,bitcoin,5M",Crypto,0.505
2192944,"Ethereum Up or Down - May 10, 3PM ET",ethereum-up-or-down-may-10-2026-3pm-et,Crypto,10344.491950999996,2026-05-08T19:32:14.606773Z,2026-05-10T20:00:00Z,1,39298339735325611016883724285902328837278453154535781471107301791944268179335,"crypto,hide-from-new,1H,up-or-down,crypto-prices,recurring,ethereum",Crypto,0.5
2213796,"Bitcoin Up or Down - May 10, 10:45AM-11:00AM ET",btc-updown-15m-1778424300,Crypto,42390.14224799995,2026-05-09T14:55:33.713233Z,2026-05-10T15:00:00Z,1,42028848544673578492596266536169188977571312051204625215449792833401348872113,"up-or-down,crypto-prices,hide-from-new,recurring,crypto,bitcoin,15M",Crypto,0.495
2207959,"Bitcoin Up or Down - May 10, 3:30AM-3:45AM ET",btc-updown-15m-1778398200,Crypto,64254.135193999864,2026-05-09T07:42:49.691962Z,2026-05-10T07:45:00Z,1,8781565835294017462795062678522571060033734162097476280988707574263546131747,"up-or-down,crypto-prices,hide-from-new,recurring,crypto,bitcoin,15M",Crypto,0.505
2216218,"Ethereum Up or Down - May 10, 1:00PM-1:15PM ET",eth-updown-15m-1778432400,Crypto,29447.810894000013,2026-05-09T17:12:24.180175Z,2026-05-10T17:15:00Z,0,68327316393684293826221872354595038359921389532806487173488687859531250373279,"up-or-down,crypto-prices,hide-from-new,recurring,crypto,ethereum,15M",Crypto,0.505
2203382,"Bitcoin Up or Down - May 9, 6:30PM-6:45PM ET",btc-updown-15m-1778365800,Crypto,30039.462609000046,2026-05-08T22:39:05.807742Z,2026-05-09T22:45:00Z,1,2482371804667257719866259163945072886734347270121162250717437331280364234183,"up-or-down,crypto-prices,hide-from-new,recurring,crypto,bitcoin,15M",Crypto,0.5
2219059,"Bitcoin Up or Down - May 10, 9:40PM-9:45PM ET",btc-updown-5m-1778463600,Crypto,80524.44512700007,2026-05-10T01:47:49.37187Z,2026-05-11T01:45:00Z,0,114087229995546268164311633045495975882651411791221631539377640647729001635039,"up-or-down,crypto-prices,hide-from-new,recurring,crypto,bitcoin,5M",Crypto,0.505
2216295,"Bitcoin Up or Down - May 10, 1:25PM-1:30PM ET",btc-updown-5m-1778433900,Crypto,54293.25453999994,2026-05-09T17:39:44.550246Z,2026-05-10T17:30:00Z,0,65980520677991153910537705883761176597959498825687275952339577634592856300255,"up-or-down,crypto-prices,hide-from-new,recurring,crypto,bitcoin,5M",Crypto,0.505
2214705,"Bitcoin Up or Down - May 10, 11:45AM-12:00PM ET",btc-updown-15m-1778427900,Crypto,57425.39882499988,2026-05-09T15:53:48.842058Z,2026-05-10T16:00:00Z,1,3674558567581309308006639513159172749159107617306036699219908695863590319170,"up-or-down,crypto-prices,hide-from-new,recurring,crypto,bitcoin,15M",Crypto,0.505
2190381,"Ethereum Up or Down - May 9, 12:40PM-12:45PM ET",eth-updown-5m-1778344800,Crypto,10835.34703,2026-05-08T16:47:59.687969Z,2026-05-09T16:45:00Z,1,59705301711418470913247676844140833439663515415469807744225846628896011009167,"up-or-down,crypto-prices,hide-from-new,recurring,crypto,ethereum,5M",Crypto,0.5
2199426,"Bitcoin Up or Down - May 10, 4PM ET",bitcoin-up-or-down-may-10-2026-4pm-et,Crypto,67770.983927,2026-05-08T21:49:10.030575Z,2026-05-10T21:00:00Z,0,88116391163494593628379766485578044313576779027081394500707958056464155165803,"crypto,crypto-prices,recurring,hide-from-new,bitcoin,1H,up-or-down",Crypto,0.505
2203671,"Bitcoin Up or Down - May 9, 8:00PM-8:05PM ET",btc-updown-5m-1778371200,Crypto,83408.51595099996,2026-05-09T00:10:12.553081Z,2026-05-10T00:05:00Z,0,103228450322319378884705269246459229371438439613877432951550603198142492904655,"up-or-down,crypto-prices,hide-from-new,recurring,crypto,bitcoin,5M",Crypto,0.495
2201366,"Bitcoin Up or Down - May 9, 5:05PM-5:10PM ET",btc-updown-5m-1778360700,Crypto,53521.69887300001,2026-05-08T21:14:33.980968Z,2026-05-09T21:10:00Z,1,55343651335663307250926361959567538852913678660347588426554504055322363690158,"up-or-down,crypto-prices,hide-from-new,recurring,crypto,bitcoin,5M",Crypto,0.505
2190260,"Ethereum Up or Down - May 9, 12:30PM-12:45PM ET",eth-updown-15m-1778344200,Crypto,13643.723155000003,2026-05-08T16:38:11.807678Z,2026-05-09T16:45:00Z,1,61130398403322667165265251694234719306797878114470755252220693843930334293299,"up-or-down,crypto-prices,hide-from-new,recurring,crypto,ethereum,15M",Crypto,0.5
2210212,"Bitcoin Up or Down - May 10, 7:45AM-7:50AM ET",btc-updown-5m-1778413500,Crypto,94956.37838299981,2026-05-09T11:55:58.438032Z,2026-05-10T11:50:00Z,0,20507615260847597898457201819401283226923844857876959326216364227948470514423,"hide-from-new,crypto,bitcoin,5M,up-or-down,crypto-prices,recurring",Crypto,0.505
2217995,"Bitcoin Up or Down - May 10, 6:30PM-6:35PM ET",btc-updown-5m-1778452200,Crypto,98126.22740699977,2026-05-09T22:37:44.564156Z,2026-05-10T22:35:00Z,1,102001673211127653903073082713960755970169857591461084716734737652438524930751,"up-or-down,crypto-prices,hide-from-new,recurring,crypto,bitcoin,5M",Crypto,0.505
2218615,"Bitcoin Up or Down - May 10, 7:20PM-7:25PM ET",btc-updown-5m-1778455200,Crypto,92128.97447799987,2026-05-09T23:27:40.010939Z,2026-05-10T23:25:00Z,1,102610274161280432668265351706992238584873110720411276571495067126108094866776,"up-or-down,crypto-prices,hide-from-new,recurring,crypto,bitcoin,5M",Crypto,0.505
2210959,"Bitcoin Up or Down - May 10, 8:10AM-8:15AM ET",btc-updown-5m-1778415000,Crypto,64204.6671049999,2026-05-09T12:19:22.673467Z,2026-05-10T12:15:00Z,1,44824719276790711630993049762277207773424666804216515069463872478179887681071,"up-or-down,crypto-prices,hide-from-new,recurring,crypto,bitcoin,5M",Crypto,0.505
2216121,"Ethereum Up or Down - May 10, 12:45PM-1:00PM ET",eth-updown-15m-1778431500,Crypto,10171.917439,2026-05-09T16:54:52.402072Z,2026-05-10T17:00:00Z,1,105844574612167914687718033774156163399528672829834231687259473718009461035578,"up-or-down,crypto-prices,hide-from-new,recurring,crypto,ethereum,15M",Crypto,0.505
2200053,"Bitcoin Up or Down - May 9, 4:25PM-4:30PM ET",btc-updown-5m-1778358300,Crypto,45843.38833299993,2026-05-08T20:36:06.70379Z,2026-05-09T20:30:00Z,1,67051232555407007984471382774149533837490536615950743287123820869358428615004,"up-or-down,crypto-prices,hide-from-new,recurring,crypto,bitcoin,5M",Crypto,0.505
2207989,"Bitcoin Up or Down - May 10, 3:35AM-3:40AM ET",btc-updown-5m-1778398500,Crypto,74434.47029099999,2026-05-09T07:47:43.168271Z,2026-05-10T07:40:00Z,1,54719700362470923765104867077387674005574267127927300924034713676225865620921,"up-or-down,crypto-prices,hide-from-new,recurring,bitcoin,crypto,5M",Crypto,0.505
2208392,"Bitcoin Up or Down - May 10, 4:45AM-4:50AM ET",btc-updown-5m-1778402700,Crypto,57492.94962699986,2026-05-09T08:55:08.323168Z,2026-05-10T08:50:00Z,1,64634673028580325955989715169865354347732370954311840877813023041829548880529,"hide-from-new,recurring,up-or-down,crypto-prices,crypto,bitcoin,5M",Crypto,0.505
2210215,"Bitcoin Up or Down - May 10, 7:50AM-7:55AM ET",btc-updown-5m-1778413800,Crypto,63858.144345999885,2026-05-09T11:58:44.609082Z,2026-05-10T11:55:00Z,1,76105527235512694262504522489705963053435016640039254628580977235447734175326,"hide-from-new,recurring,crypto,bitcoin,5M,up-or-down,crypto-prices",Crypto,0.505
2189709,"Bitcoin Up or Down - May 9, 11:10AM-11:15AM ET",btc-updown-5m-1778339400,Crypto,79510.34234099982,2026-05-08T15:17:42.925145Z,2026-05-09T15:15:00Z,1,15017515106703630706923199817763583382516011283574174375498334315499635821356,"up-or-down,crypto-prices,hide-from-new,recurring,crypto,bitcoin,5M",Crypto,0.505
2214637,"Bitcoin Up or Down - May 10, 11:30AM-11:45AM ET",btc-updown-15m-1778427000,Crypto,40743.653049,2026-05-09T15:38:52.060981Z,2026-05-10T15:45:00Z,1,101155878464430211027998265229771559202834338600660102465684852331063071741079,"up-or-down,crypto-prices,hide-from-new,recurring,crypto,bitcoin,15M",Crypto,0.505
2204046,"Bitcoin Up or Down - May 9, 8:35PM-8:40PM ET",btc-updown-5m-1778373300,Crypto,139247.80638099986,2026-05-09T00:44:05.827416Z,2026-05-10T00:40:00Z,0,47610965000117570802529728261291738059574390096950545887176060960449488941795,"up-or-down,crypto-prices,hide-from-new,recurring,crypto,bitcoin,5M",Crypto,0.505
2218532,"Bitcoin Up or Down - May 10, 7:00PM-7:15PM ET",btc-updown-15m-1778454000,Crypto,63685.21098999992,2026-05-09T23:14:35.436403Z,2026-05-10T23:15:00Z,1,39911057405594915150568978623489886504630135537324661467429482508027761055970,"recurring,crypto,bitcoin,15M,up-or-down,crypto-prices,hide-from-new",Crypto,0.5
2213789,"Bitcoin Up or Down - May 10, 10:45AM-10:50AM ET",btc-updown-5m-1778424300,Crypto,45908.84688799999,2026-05-09T14:55:26.577326Z,2026-05-10T14:50:00Z,0,106684257159941716710108377269904742629201740814958803707332056307837890004967,"up-or-down,crypto-prices,hide-from-new,recurring,crypto,bitcoin,5M",Crypto,0.505
2189921,"Bitcoin Up or Down - May 10, 12PM ET",bitcoin-up-or-down-may-10-2026-12pm-et,Crypto,71214.79972000005,2026-05-08T16:02:38.261147Z,2026-05-10T17:00:00Z,0,79082579824277502718279962964617374426755275338201298104788266154673469486796,"crypto,crypto-prices,recurring,hide-from-new,bitcoin,1H,up-or-down",Crypto,0.5
2218853,"Bitcoin Up or Down - May 10, 8:35PM-8:40PM ET",btc-updown-5m-1778459700,Crypto,61026.74202499988,2026-05-10T00:43:09.589583Z,2026-05-11T00:40:00Z,0,108495926479408462979102587385510706469073481910158052559385703859563028538688,"recurring,bitcoin,5M,up-or-down,crypto-prices,hide-from-new,crypto",Crypto,0.505
2209480,"Ethereum Up or Down - May 10, 5:45AM-5:50AM ET",eth-updown-5m-1778406300,Crypto,12963.01071399998,2026-05-09T09:54:32.048792Z,2026-05-10T09:50:00Z,1,114118955666534609183231312109098972680132640001345462888223213363851708497788,"up-or-down,crypto-prices,hide-from-new,recurring,crypto,ethereum,5M",Crypto,0.505
2189545,"Bitcoin Up or Down - May 9, 10:25AM-10:30AM ET",btc-updown-5m-1778336700,Crypto,90409.20744199982,2026-05-08T14:32:53.888661Z,2026-05-09T14:30:00Z,1,28962843071987696568175420913867811632449241441892172177962202314216742501347,"up-or-down,crypto-prices,hide-from-new,recurring,crypto,bitcoin,5M",Crypto,0.505
2213779,"Ethereum Up or Down - May 10, 10:40AM-10:45AM ET",eth-updown-5m-1778424000,Crypto,13504.944354999994,2026-05-09T14:48:19.53322Z,2026-05-10T14:45:00Z,1,37149472046179351534999789147604662035786771232196888796122089717538916361535,"up-or-down,crypto-prices,hide-from-new,recurring,crypto,ethereum,5M",Crypto,0.505
2216603,"Bitcoin Up or Down - May 10, 2:45PM-2:50PM ET",btc-updown-5m-1778438700,Crypto,45639.51670200003,2026-05-09T18:55:27.642766Z,2026-05-10T18:50:00Z,1,83937898205955277473974594445787400157769793068679424311324204524802818088118,"up-or-down,crypto-prices,hide-from-new,recurring,crypto,bitcoin,5M",Crypto,0.505
2216304,"Ethereum Up or Down - May 10, 1:30PM-1:35PM ET",eth-updown-5m-1778434200,Crypto,11898.450232000001,2026-05-09T17:45:55.242908Z,2026-05-10T17:35:00Z,0,65156776176783157828665232303839112613811795948622437439292983137577080362594,"up-or-down,crypto-prices,hide-from-new,recurring,crypto,ethereum,5M",Crypto,0.505
2189476,"Bitcoin Up or Down - May 9, 10:05AM-10:10AM ET",btc-updown-5m-1778335500,Crypto,52372.64720000011,2026-05-08T14:12:50.311397Z,2026-05-09T14:10:00Z,0,18849708899853107305007037660393913395323669856549768641518757778740762242041,"up-or-down,crypto-prices,hide-from-new,recurring,crypto,bitcoin,5M",Crypto,0.505
2218577,"Ethereum Up or Down - May 10, 7:10PM-7:15PM ET",eth-updown-5m-1778454600,Crypto,11567.729838,2026-05-09T23:18:54.787673Z,2026-05-10T23:15:00Z,0,109710603788214753267899731688316104015797044127440671923709884270040865566783,"up-or-down,crypto-prices,hide-from-new,recurring,crypto,ethereum,5M",Crypto,0.5
2148856,Will the price of Solana be above $90 on May 10?,solana-above-90-on-may-10,Crypto,10977.405095000015,2026-05-03T16:03:06.43452Z,2026-05-10T16:00:00Z,1,61317440970780902685823117529327979329274931966563026618005529370150639832475,"solana,weekly,multi-strikes,crypto,crypto-prices,recurring,hide-from-new",Crypto,0.9625
2204584,"Bitcoin Up or Down - May 9, 11:30PM-11:35PM ET",btc-updown-5m-1778383800,Crypto,61153.386881000035,2026-05-09T03:38:01.220941Z,2026-05-10T03:35:00Z,1,29284160985267045289908174683718957087375596657635662024066461496941168230539,"up-or-down,crypto-prices,hide-from-new,recurring,crypto,bitcoin,5M",Crypto,0.505
2204079,"Bitcoin Up or Down - May 9, 8:50PM-8:55PM ET",btc-updown-5m-1778374200,Crypto,51053.72736399998,2026-05-09T01:00:06.470604Z,2026-05-10T00:55:00Z,0,113500218660147385915279059211722087945043352633465151852821317037704327642835,"up-or-down,crypto-prices,hide-from-new,recurring,crypto,bitcoin,5M",Crypto,0.505
2210211,"Ethereum Up or Down - May 10, 7:45AM-7:50AM ET",eth-updown-5m-1778413500,Crypto,11106.613240000004,2026-05-09T11:54:20.721534Z,2026-05-10T11:50:00Z,1,50614941271727974485190523776463324375632936970855530588458251280132101908259,"up-or-down,crypto-prices,hide-from-new,recurring,crypto,ethereum,5M",Crypto,0.505
2213281,"Bitcoin Up or Down - May 10, 10:10AM-10:15AM ET",btc-updown-5m-1778422200,Crypto,132430.4556220001,2026-05-09T14:18:25.614138Z,2026-05-10T14:15:00Z,1,10349188916228157001202625386273397572226582533801760238630421107461258997837,"up-or-down,crypto-prices,hide-from-new,recurring,crypto,bitcoin,5M",Crypto,0.505
2204120,"Bitcoin Up or Down - May 9, 9:05PM-9:10PM ET",btc-updown-5m-1778375100,Crypto,51931.55969299996,2026-05-09T01:14:04.620405Z,2026-05-10T01:10:00Z,1,77761225070115515290731467092001163705864060779995394155020099852285013831358,"up-or-down,crypto-prices,hide-from-new,recurring,crypto,bitcoin,5M",Crypto,0.505
2189388,"Bitcoin Up or Down - May 9, 9:40AM-9:45AM ET",btc-updown-5m-1778334000,Crypto,89918.06455100006,2026-05-08T13:48:25.230966Z,2026-05-09T13:45:00Z,0,17955001701366164683405848073549907869068029731923202903232728951851385450251,"up-or-down,crypto-prices,hide-from-new,recurring,crypto,bitcoin,5M",Crypto,0.505
2188169,"Bitcoin Up or Down - May 10, 4AM ET",bitcoin-up-or-down-may-10-2026-4am-et,Crypto,43273.62351599997,2026-05-08T08:02:12.434514Z,2026-05-10T09:00:00Z,1,40683102256278054447348091643556222183240341871217326992443215220365823715472,"crypto,crypto-prices,recurring,hide-from-new,bitcoin,1H,up-or-down",Crypto,0.5
2204008,"Bitcoin Up or Down - May 9, 8:30PM-8:35PM ET",btc-updown-5m-1778373000,Crypto,65373.849482999954,2026-05-09T00:39:38.462272Z,2026-05-10T00:35:00Z,1,47096990739254563702437584636666059107270267219881183311983281460862733749516,"up-or-down,crypto-prices,hide-from-new,recurring,crypto,bitcoin,5M",Crypto,0.505
2148768,"Will the price of Bitcoin be above $72,000 on May 10?",bitcoin-above-72k-on-may-10,Crypto,127213.065539,2026-05-03T16:13:42.08613Z,2026-05-10T16:00:00Z,1,64609962564487270449848880595348781607891868266547527026428890982155099974117,"bitcoin,weekly,multi-strikes,crypto,crypto-prices,recurring,hide-from-new",Crypto,0.9995
2204518,"Bitcoin Up or Down - May 9, 11:05PM-11:10PM ET",btc-updown-5m-1778382300,Crypto,69998.98392500004,2026-05-09T03:12:54.434771Z,2026-05-10T03:10:00Z,0,49373928029705592304260503204342031705924331133620534942082248039023032364694,"up-or-down,crypto-prices,hide-from-new,recurring,crypto,bitcoin,5M",Crypto,0.505
2191971,"Bitcoin Up or Down - May 9, 1:40PM-1:45PM ET",btc-updown-5m-1778348400,Crypto,92434.1460759998,2026-05-08T17:47:50.327324Z,2026-05-09T17:45:00Z,0,41037679387778154444325394933988175984707068116798076920742069899560620267023,"up-or-down,crypto-prices,hide-from-new,recurring,crypto,bitcoin,5M",Crypto,0.505
2186037,"Bitcoin Up or Down - May 9, 10PM ET",bitcoin-up-or-down-may-9-2026-10pm-et,Crypto,27268.32831800001,2026-05-08T02:02:31.573278Z,2026-05-10T03:00:00Z,1,37290895846173360468087544403614451462054942711449374636169504008201061102525,"crypto,crypto-prices,recurring,hide-from-new,bitcoin,1H,up-or-down",Crypto,0.5
2211002,"Bitcoin Up or Down - May 10, 8:30AM-8:45AM ET",btc-updown-15m-1778416200,Crypto,40397.19090800021,2026-05-09T12:39:00.20217Z,2026-05-10T12:45:00Z,0,46626669283147899315843333870554572580618160376891016608426026938839403131857,"hide-from-new,15M,up-or-down,crypto-prices,recurring,crypto,bitcoin",Crypto,0.495
2218611,"Bitcoin Up or Down - May 10, 7:15PM-7:30PM ET",btc-updown-15m-1778454900,Crypto,62083.70826599988,2026-05-09T23:24:12.528372Z,2026-05-10T23:30:00Z,0,113114218481748307437887923163254031600270308997994547629669946776607640670310,"up-or-down,crypto-prices,hide-from-new,recurring,crypto,bitcoin,15M",Crypto,0.5
2204923,"Will Bitcoin dip to $80,000 on May 9?",will-bitcoin-dip-to-80k-on-may-9,Crypto,78449.826649,2026-05-09T10:09:05.603712Z,2026-05-10T04:00:00Z,0,62562953122037698526454373112182574744309064699415011357574273352511647070926,"bitcoin,hit-price,crypto,crypto-prices,recurring,hide-from-new,daily,today",Crypto,0.075
2205891,"Ethereum Up or Down - May 9, 11:55PM-12:00AM ET",eth-updown-5m-1778385300,Crypto,13943.637627999999,2026-05-09T04:03:12.416764Z,2026-05-10T04:00:00Z,0,97592880222765534332334400060832152669911045895230866445566467551870796569798,"up-or-down,crypto-prices,hide-from-new,recurring,crypto,ethereum,5M",Crypto,0.505
2216494,"Bitcoin Up or Down - May 10, 2:15PM-2:30PM ET",btc-updown-15m-1778436900,Crypto,33980.13435700002,2026-05-09T18:30:29.737168Z,2026-05-10T18:30:00Z,0,27131395069653990274414299402587611572716584509662148835663458946913240046118,"up-or-down,crypto-prices,hide-from-new,recurring,crypto,bitcoin,15M",Crypto,0.505
2206601,"Bitcoin Up or Down - May 10, 12:45AM-1:00AM ET",btc-updown-15m-1778388300,Crypto,31960.919873000024,2026-05-09T04:52:49.856596Z,2026-05-10T05:00:00Z,0,15351937599007412578637169445377051474332663030164844258012732950651700128776,"crypto,bitcoin,15M,up-or-down,crypto-prices,hide-from-new,recurring",Crypto,0.505
2216125,"Bitcoin Up or Down - May 10, 12:45PM-12:50PM ET",btc-updown-5m-1778431500,Crypto,53341.995445,2026-05-09T16:54:58.329173Z,2026-05-10T16:50:00Z,1,14956247928612772506526960210603056412295485206716518661752626552132854785646,"up-or-down,crypto-prices,hide-from-new,recurring,crypto,bitcoin,5M",Crypto,0.505
2190406,"Bitcoin Up or Down - May 9, 12:45PM-1:00PM ET",btc-updown-15m-1778345100,Crypto,56953.499330000006,2026-05-08T16:53:05.486654Z,2026-05-09T17:00:00Z,0,65963376097308230487569724445780157002381736971877978724294744580575191890998,"up-or-down,crypto-prices,hide-from-new,recurring,crypto,bitcoin,15M",Crypto,0.5
2210197,"Ethereum Up or Down - May 10, 7:40AM-7:45AM ET",eth-updown-5m-1778413200,Crypto,10720.239377000007,2026-05-09T11:49:14.48673Z,2026-05-10T11:45:00Z,1,70077320938783946970659430044728158658027810932880281825429048864759853351946,"up-or-down,crypto-prices,hide-from-new,recurring,crypto,ethereum,5M",Crypto,0.505
2214634,"Ethereum Up or Down - May 10, 11:30AM-11:45AM ET",eth-updown-15m-1778427000,Crypto,12814.327879000004,2026-05-09T15:38:39.995859Z,2026-05-10T15:45:00Z,1,71524563103980654614731286111984483808116971910462843090473494257286935740723,"up-or-down,crypto-prices,hide-from-new,recurring,crypto,ethereum,15M",Crypto,0.505
2216596,"Bitcoin Up or Down - May 10, 2:45PM-3:00PM ET",btc-updown-15m-1778438700,Crypto,41983.70450600004,2026-05-09T18:55:21.756628Z,2026-05-10T19:00:00Z,1,101854838619511580592776677889980745473028205660306680940322169084274305374501,"up-or-down,crypto-prices,hide-from-new,recurring,crypto,bitcoin,15M",Crypto,0.505
2203534,"Bitcoin Up or Down - May 9, 7:15PM-7:20PM ET",btc-updown-5m-1778368500,Crypto,46301.559788999984,2026-05-08T23:24:21.696792Z,2026-05-09T23:20:00Z,0,38219306683944698841249830752125394341649977117125856376743943740661705883853,"up-or-down,crypto-prices,hide-from-new,recurring,crypto,bitcoin,5M",Crypto,0.505
2141002,"Will the price of Bitcoin be above $78,000 on May 9?",bitcoin-above-78k-on-may-9,Crypto,374354.66256800044,2026-05-02T16:07:11.43826Z,2026-05-09T16:00:00Z,1,64723007123466110595700443457079607271058200311622396299344381784584665636483,"bitcoin,weekly,multi-strikes,crypto,crypto-prices,recurring,hide-from-new",Crypto,0.992
2209827,"Bitcoin Up or Down - May 10, 7:05AM-7:10AM ET",btc-updown-5m-1778411100,Crypto,66661.03211899982,2026-05-09T11:14:25.247738Z,2026-05-10T11:10:00Z,0,50530408308113287453021671897571446819626581543614409777862519676115570428710,"hide-from-new,up-or-down,crypto-prices,recurring,crypto,bitcoin,5M",Crypto,0.505
2218527,"Bitcoin Up or Down - May 10, 6:55PM-7:00PM ET",btc-updown-5m-1778453700,Crypto,96245.42696199991,2026-05-09T23:15:31.930614Z,2026-05-10T23:00:00Z,1,67605734890317508563812690111717561384634085410026419057401119512432901681498,"up-or-down,crypto-prices,hide-from-new,recurring,crypto,bitcoin,5M",Crypto,0.505
2214484,"Ethereum Up or Down - May 10, 11:05AM-11:10AM ET",eth-updown-5m-1778425500,Crypto,12074.545110999992,2026-05-09T15:13:28.174914Z,2026-05-10T15:10:00Z,0,77424064210761830513856488888819806706423121359219810800024988847814715487478,"up-or-down,crypto-prices,hide-from-new,recurring,crypto,ethereum,5M",Crypto,0.505
2148686,"Will the price of Bitcoin be between $74,000 and $76,000 on May 10?",will-the-price-of-bitcoin-be-between-74000-76000-on-may-10,Crypto,16172.783911999999,2026-05-03T16:09:42.292385Z,2026-05-10T16:00:00Z,0,92278811610371988279438157247959523875799352180130245550102680378093979600035,"bitcoin,weekly,neg-risk,crypto,crypto-prices,recurring,hide-from-new",Crypto,0.0045
2214622,"Bitcoin Up or Down - May 10, 11:25AM-11:30AM ET",btc-updown-5m-1778426700,Crypto,75905.2145170001,2026-05-09T15:33:42.808291Z,2026-05-10T15:30:00Z,0,58613229556118286620326923113495579868913184431026235783932658424604957903924,"up-or-down,crypto-prices,hide-from-new,recurring,crypto,bitcoin,5M",Crypto,0.505
2148699,"Will the price of Bitcoin be between $86,000 and $88,000 on May 10?",will-the-price-of-bitcoin-be-between-86000-88000-on-may-10,Crypto,63417.11324099999,2026-05-03T16:07:57.504481Z,2026-05-10T16:00:00Z,0,105215639233665845907699184925949687614362537990272183341410583175339047390517,"bitcoin,weekly,neg-risk,crypto,crypto-prices,recurring,hide-from-new",Crypto,0.0015
2208015,"Bitcoin Up or Down - May 10, 3:50AM-3:55AM ET",btc-updown-5m-1778399400,Crypto,51219.182584999944,2026-05-09T08:01:03.678845Z,2026-05-10T07:55:00Z,0,38963756505451228654226937415054429937162195805131494306457554978839412491491,"up-or-down,hide-from-new,crypto,bitcoin,5M,crypto-prices,recurring",Crypto,0.505
2204409,"Bitcoin Up or Down - May 9, 10:45PM-10:50PM ET",btc-updown-5m-1778381100,Crypto,53146.54950200002,2026-05-09T02:53:44.158342Z,2026-05-10T02:50:00Z,1,53434972902760926639715602165589772800510529592384964568131532180240398351937,"up-or-down,crypto-prices,hide-from-new,recurring,crypto,bitcoin,5M",Crypto,0.505
2209879,"Ethereum Up or Down - May 10, 7:15AM-7:30AM ET",eth-updown-15m-1778411700,Crypto,10487.123685000004,2026-05-09T11:23:57.944732Z,2026-05-10T11:30:00Z,0,41074204021054279140678451848248461632933268540432557295156723051013650800770,"up-or-down,crypto-prices,hide-from-new,recurring,crypto,ethereum,15M",Crypto,0.505
2214481,"Bitcoin Up or Down - May 10, 11:05AM-11:10AM ET",btc-updown-5m-1778425500,Crypto,65151.78703999979,2026-05-09T15:13:24.137077Z,2026-05-10T15:10:00Z,0,91070297056269056799220306651823622860897245764896921732318551849679663481858,"up-or-down,crypto-prices,hide-from-new,recurring,crypto,bitcoin,5M",Crypto,0.505
2199930,"Bitcoin Up or Down - May 9, 4:10PM-4:15PM ET",btc-updown-5m-1778357400,Crypto,36664.75487699996,2026-05-08T20:21:11.844275Z,2026-05-09T20:15:00Z,0,97669157390050674254080988035681721076564749849848916238161259014629034542118,"up-or-down,crypto-prices,hide-from-new,recurring,5M,crypto,bitcoin",Crypto,0.505
2198621,"Bitcoin Up or Down - May 9, 3:30PM-3:35PM ET",btc-updown-5m-1778355000,Crypto,46765.67857199999,2026-05-08T19:43:49.51875Z,2026-05-09T19:35:00Z,0,82993873726877248073240704834402013383648572997018268820933818643212217912211,"crypto-prices,hide-from-new,up-or-down,recurring,crypto,bitcoin,5M",Crypto,0.505
2208013,"Bitcoin Up or Down - May 10, 3:45AM-4:00AM ET",btc-updown-15m-1778399100,Crypto,73990.78039600007,2026-05-09T07:56:53.617621Z,2026-05-10T08:00:00Z,0,50594504528000182288657768983224045717565343776130033609482632514186007103831,"up-or-down,crypto-prices,hide-from-new,recurring,crypto,bitcoin,15M",Crypto,0.505
2210187,"Bitcoin Up or Down - May 10, 7:35AM-7:40AM ET",btc-updown-5m-1778412900,Crypto,69637.361661,2026-05-09T11:44:25.929945Z,2026-05-10T11:40:00Z,1,110693048102451536508542585513792104794916265438403874439178996096563670543857,"bitcoin,up-or-down,crypto-prices,hide-from-new,recurring,crypto,5M",Crypto,0.505
2199692,"Bitcoin Up or Down - May 9, 4:00PM-8:00PM ET",btc-updown-4h-1778356800,Crypto,17368.94822099999,2026-05-08T20:10:48.357689Z,2026-05-10T00:00:00Z,0,77168250554292787860808146142783511645897484284732276573216886269065477442141,"up-or-down,crypto-prices,hide-from-new,recurring,bitcoin,4h,crypto",Crypto,0.505
2204550,"Bitcoin Up or Down - May 9, 11:15PM-11:20PM ET",btc-updown-5m-1778382900,Crypto,40542.292579999936,2026-05-09T03:23:10.580073Z,2026-05-10T03:20:00Z,0,104534841586150664124043538090184642124629037460112083966454953393736932031625,"up-or-down,crypto-prices,hide-from-new,recurring,crypto,bitcoin,5M",Crypto,0.505
2216123,"Bitcoin Up or Down - May 10, 12:45PM-1:00PM ET",btc-updown-15m-1778431500,Crypto,54488.51245599996,2026-05-09T16:54:55.179265Z,2026-05-10T17:00:00Z,1,108860575024597699250147094693517534025807325603046412209656211330966771080493,"up-or-down,crypto-prices,hide-from-new,recurring,crypto,bitcoin,15M",Crypto,0.505
2199688,"Bitcoin Up or Down - May 9, 3:55PM-4:00PM ET",btc-updown-5m-1778356500,Crypto,95223.33387199999,2026-05-08T20:06:29.758705Z,2026-05-09T20:00:00Z,1,85926522428903599547454951728049518549302894679225452542494573192340548359980,"up-or-down,crypto-prices,hide-from-new,recurring,crypto,bitcoin,5M",Crypto,0.505
2148789,"Will the price of Bitcoin be above $84,000 on May 10?",bitcoin-above-84k-on-may-10,Crypto,339583.041499,2026-05-03T16:03:24.875495Z,2026-05-10T16:00:00Z,0,92073018856418574155838343257486256323161150938830397538250097930897634498242,"bitcoin,weekly,multi-strikes,crypto,crypto-prices,recurring,hide-from-new",Crypto,0.0025
2206764,"Bitcoin Up or Down - May 10, 1:45AM-2:00AM ET",btc-updown-15m-1778391900,Crypto,57164.84260300004,2026-05-09T06:00:13.517373Z,2026-05-10T06:00:00Z,0,48256753708785978450709303589869095408203737161370947833869566466262742764521,"up-or-down,crypto-prices,hide-from-new,recurring,crypto,bitcoin,15M",Crypto,0.505
2204958,"Will Bitcoin dip to $79,000 on May 9?",will-bitcoin-dip-to-79k-on-may-9,Crypto,105388.99407000006,2026-05-09T06:14:31.640921Z,2026-05-10T04:00:00Z,0,96659529698915046397510131217817304843133409640735634955909069852581246126559,"bitcoin,hit-price,crypto,crypto-prices,recurring,hide-from-new,daily,today",Crypto,0.0115
2207351,"Bitcoin Up or Down - May 10, 1:55AM-2:00AM ET",btc-updown-5m-1778392500,Crypto,49791.59227999995,2026-05-09T06:08:28.968525Z,2026-05-10T06:00:00Z,1,2819425447727067254183927655209528729439976174758626390163154186378896928093,"5M,bitcoin,up-or-down,crypto-prices,hide-from-new,recurring,crypto",Crypto,0.505
2188904,"Ethereum Up or Down - May 9, 7:45AM-7:50AM ET",eth-updown-5m-1778327100,Crypto,10704.765553999992,2026-05-08T11:56:44.889823Z,2026-05-09T11:50:00Z,1,81698745504690727153679038305500231598245658724579521324642146866648430945876,"up-or-down,crypto-prices,hide-from-new,recurring,crypto,ethereum,5M",Crypto,0.505
2217914,"Bitcoin Up or Down - May 10, 5:55PM-6:00PM ET",btc-updown-5m-1778450100,Crypto,111872.8563790003,2026-05-09T22:03:26.993239Z,2026-05-10T22:00:00Z,0,41491702711331705750499768616175801332376008215896850999193443415052065839291,"up-or-down,crypto-prices,hide-from-new,recurring,crypto,bitcoin,5M",Crypto,0.505
2200913,"Bitcoin Up or Down - May 9, 4:45PM-5:00PM ET",btc-updown-15m-1778359500,Crypto,47767.87248399995,2026-05-08T20:54:58.313629Z,2026-05-09T21:00:00Z,1,95152545402581436800581723838061587028732091441728360963138205825053373784279,"up-or-down,crypto-prices,hide-from-new,recurring,crypto,bitcoin,15M",Crypto,0.505
2201418,"Bitcoin Up or Down - May 9, 5:30PM-5:45PM ET",btc-updown-15m-1778362200,Crypto,22727.158779000005,2026-05-08T21:43:22.344844Z,2026-05-09T21:45:00Z,0,54499404192399194033550433567534585257136888314332452524506821672402860548473,"up-or-down,crypto-prices,hide-from-new,recurring,crypto,bitcoin,15M",Crypto,0.505
2207843,"Bitcoin Up or Down - May 10, 2:55AM-3:00AM ET",btc-updown-5m-1778396100,Crypto,49386.088533999995,2026-05-09T07:07:51.690988Z,2026-05-10T07:00:00Z,0,61456350606942308837270008456095279485000940291140706808386010285738040731980,"up-or-down,crypto-prices,hide-from-new,recurring,crypto,bitcoin,5M",Crypto,0.505
2204581,"Bitcoin Up or Down - May 9, 11:30PM-11:45PM ET",btc-updown-15m-1778383800,Crypto,31349.012832000008,2026-05-09T03:37:57.903601Z,2026-05-10T03:45:00Z,1,74005279984107664887038506307414021300091126545164216552787960259408062458419,"up-or-down,crypto-prices,hide-from-new,recurring,crypto,bitcoin,15M",Crypto,0.505
2216112,"Bitcoin Up or Down - May 10, 12:40PM-12:45PM ET",btc-updown-5m-1778431200,Crypto,58117.13568700008,2026-05-09T16:50:14.383143Z,2026-05-10T16:45:00Z,0,38250452667499816657208419925466986470056965001390581730770786104343841826152,"up-or-down,crypto-prices,hide-from-new,recurring,crypto,bitcoin,5M",Crypto,0.505
2189780,"Ethereum Up or Down - May 9, 11:30AM-11:45AM ET",eth-updown-15m-1778340600,Crypto,10109.730755000002,2026-05-08T15:37:50.200576Z,2026-05-09T15:45:00Z,1,40257890724363601826381145497831223946518089527551889316823619195536891781520,"up-or-down,crypto-prices,hide-from-new,recurring,crypto,ethereum,15M",Crypto,0.505
2218161,"Bitcoin Up or Down - May 10, 6:45PM-7:00PM ET",btc-updown-15m-1778453100,Crypto,67622.01528899999,2026-05-09T22:53:59.133162Z,2026-05-10T23:00:00Z,1,84773189168067477591667641334143953567862765708488917081478119508761887294937,"bitcoin,15M,up-or-down,crypto-prices,hide-from-new,recurring,crypto",Crypto,0.5
2141009,"Will the price of Bitcoin be above $86,000 on May 9?",bitcoin-above-86k-on-may-9,Crypto,124704.83851999995,2026-05-02T16:04:19.979433Z,2026-05-09T16:00:00Z,0,35719044727782096598752953926284595008417173600882684793316818897886287364363,"bitcoin,weekly,multi-strikes,crypto,crypto-prices,recurring,hide-from-new",Crypto,0.0005
2192228,"Bitcoin Up or Down - May 9, 2:45PM-2:50PM ET",btc-updown-5m-1778352300,Crypto,58242.056197000034,2026-05-08T18:53:11.406289Z,2026-05-09T18:50:00Z,0,104691261626334013081942552001094187111414926326660196003335981642081238745376,"up-or-down,crypto-prices,hide-from-new,recurring,crypto,bitcoin,5M",Crypto,0.505
2189705,"Bitcoin Up or Down - May 9, 11:05AM-11:10AM ET",btc-updown-5m-1778339100,Crypto,57149.80591200005,2026-05-08T15:12:43.885001Z,2026-05-09T15:10:00Z,0,51738873593444941593652994527764620271715171318911313023888769764190086370040,"up-or-down,hide-from-new,crypto,5M,crypto-prices,recurring,bitcoin",Crypto,0.505
2217147,"Bitcoin Up or Down - May 10, 4:05PM-4:10PM ET",btc-updown-5m-1778443500,Crypto,48945.90971899993,2026-05-09T20:15:22.265247Z,2026-05-10T20:10:00Z,1,20166431223679284059288989226210380304181501626952125496181562136209353711823,"up-or-down,crypto-prices,hide-from-new,recurring,crypto,bitcoin,5M",Crypto,0.505
2204062,"Bitcoin Up or Down - May 9, 8:45PM-9:00PM ET",btc-updown-15m-1778373900,Crypto,43496.24518699995,2026-05-09T00:55:17.955614Z,2026-05-10T01:00:00Z,0,22239083047245954854673081029305922319628805596901665190018251611746179726426,"up-or-down,crypto-prices,hide-from-new,recurring,crypto,bitcoin,15M",Crypto,0.505
2206639,"Bitcoin Up or Down - May 10, 1:00AM-1:05AM ET",btc-updown-5m-1778389200,Crypto,55208.700028000094,2026-05-09T05:07:51.554857Z,2026-05-10T05:05:00Z,0,10772034837048138503876598994886460870576217016306248403686818636876966369157,"up-or-down,crypto-prices,hide-from-new,recurring,crypto,bitcoin,5M",Crypto,0.505
2210745,"Bitcoin Up or Down - May 10, 7:55AM-8:00AM ET",btc-updown-5m-1778414100,Crypto,110243.29708399999,2026-05-09T12:03:55.731199Z,2026-05-10T12:00:00Z,0,104657163115149775641768912097921693163335267526660620413186103099425916699262,"up-or-down,crypto-prices,hide-from-new,recurring,crypto,bitcoin,5M",Crypto,0.005
2218634,"Bitcoin Up or Down - May 10, 7:25PM-7:30PM ET",btc-updown-5m-1778455500,Crypto,82270.68872799988,2026-05-09T23:32:44.700582Z,2026-05-10T23:30:00Z,0,83908199082577731368351652684078904045388430457295227057297114828201265052402,"up-or-down,crypto-prices,hide-from-new,recurring,crypto,bitcoin,5M",Crypto,0.505
2208395,"Bitcoin Up or Down - May 10, 4:45AM-5:00AM ET",btc-updown-15m-1778402700,Crypto,39304.59316500007,2026-05-09T08:55:13.468315Z,2026-05-10T09:00:00Z,1,102412965842546547175155453954539783527209727893569498117627532931535620642282,"crypto-prices,crypto,15M,up-or-down,hide-from-new,recurring,bitcoin",Crypto,0.495
2206550,"Bitcoin Up or Down - May 10, 12:30AM-12:45AM ET",btc-updown-15m-1778387400,Crypto,21627.723527000013,2026-05-09T04:38:26.738043Z,2026-05-10T04:45:00Z,0,113797132575009550375946853419072303084980550984830117146542600630915901240965,"up-or-down,crypto-prices,hide-from-new,recurring,crypto,bitcoin,15M",Crypto,0.505
2203631,"Ethereum Up or Down - May 9, 7:45PM-8:00PM ET",eth-updown-15m-1778370300,Crypto,12179.828272999996,2026-05-08T23:55:57.914031Z,2026-05-10T00:00:00Z,1,92288059773394214372669695580812454919475095314181323343998340473093875403806,"up-or-down,crypto-prices,hide-from-new,recurring,crypto,ethereum,15M",Crypto,0.505
2213231,"Bitcoin Up or Down - May 10, 9:45AM-10:00AM ET",btc-updown-15m-1778420700,Crypto,27631.71362700001,2026-05-09T13:53:49.55285Z,2026-05-10T14:00:00Z,0,81741031200770314209666073719591879932550904875725963367008556312680331191832,"up-or-down,crypto-prices,hide-from-new,recurring,crypto,bitcoin,15M",Crypto,0.505
2206722,"Bitcoin Up or Down - May 10, 1:30AM-1:45AM ET",btc-updown-15m-1778391000,Crypto,35574.64709899991,2026-05-09T05:56:52.714401Z,2026-05-10T05:45:00Z,0,92396090866713313834692172406296912907680495870792422089837789055617981122006,"up-or-down,crypto-prices,hide-from-new,recurring,crypto,bitcoin,15M",Crypto,0.505
2189669,"Bitcoin Up or Down - May 10, 11AM ET",bitcoin-up-or-down-may-10-2026-11am-et,Crypto,80671.53312799995,2026-05-08T15:02:15.410914Z,2026-05-10T16:00:00Z,1,34973622539883461053673798386217117497191643904662190038430203763945977678645,"crypto,crypto-prices,recurring,hide-from-new,bitcoin,1H,up-or-down",Crypto,0.5
2191990,"Bitcoin Up or Down - May 9, 1:45PM-1:50PM ET",btc-updown-5m-1778348700,Crypto,60557.416192999925,2026-05-08T17:52:51.137479Z,2026-05-09T17:50:00Z,0,56255674365708014035393031462569788255705327823827644911535064892466689563772,"up-or-down,crypto-prices,hide-from-new,recurring,crypto,bitcoin,5M",Crypto,0.505
2218803,"Bitcoin Up or Down - May 10, 8:20PM-8:25PM ET",btc-updown-5m-1778458800,Crypto,97045.06714899976,2026-05-10T00:28:18.664465Z,2026-05-11T00:25:00Z,1,48929886660948954371540951350643376677334408155372878383463081998392641303614,"up-or-down,crypto-prices,hide-from-new,recurring,crypto,bitcoin,5M",Crypto,0.505
2200920,"Bitcoin Up or Down - May 9, 4:50PM-4:55PM ET",btc-updown-5m-1778359800,Crypto,82232.66490399974,2026-05-08T20:59:40.594179Z,2026-05-09T20:55:00Z,0,6355133995045404472575942603887119266327337881222639141659709776449791936848,"up-or-down,crypto-prices,hide-from-new,recurring,crypto,bitcoin,5M",Crypto,0.505
2191469,"Bitcoin Up or Down - May 9, 1:35PM-1:40PM ET",btc-updown-5m-1778348100,Crypto,84273.68299599971,2026-05-08T17:42:49.043137Z,2026-05-09T17:40:00Z,1,14172104867045203986592595240744073192332149624541926998919243468110891274904,"up-or-down,crypto-prices,hide-from-new,recurring,crypto,bitcoin,5M",Crypto,0.505
2140916,"Will the price of Ethereum be above $2,400 on May 9?",ethereum-above-2400-on-may-9,Crypto,61061.36517999996,2026-05-02T16:07:13.535219Z,2026-05-09T16:00:00Z,0,110579564021408695942380255305742580313253200757298007233756800960446916938037,"ethereum,weekly,multi-strikes,crypto,crypto-prices,recurring,hide-from-new",Crypto,0.011
2189412,"Bitcoin Up or Down - May 9, 9:45AM-9:50AM ET",btc-updown-5m-1778334300,Crypto,81167.42025399984,2026-05-08T13:53:17.937787Z,2026-05-09T13:50:00Z,1,91862138910521061969819313610293368961714627211705355050072734057772484050300,"up-or-down,crypto-prices,hide-from-new,recurring,crypto,bitcoin,5M",Crypto,0.505
2188825,"Bitcoin Up or Down - May 9, 7:15AM-7:20AM ET",btc-updown-5m-1778325300,Crypto,47986.29625399997,2026-05-08T11:22:55.797026Z,2026-05-09T11:20:00Z,1,70685803417314244884066542198940523244962297725498220505510499097304977803319,"bitcoin,5M,up-or-down,crypto-prices,hide-from-new,recurring,crypto",Crypto,0.505
2190533,"Bitcoin Up or Down - May 9, 1:05PM-1:10PM ET",btc-updown-5m-1778346300,Crypto,95155.01319999984,2026-05-08T17:13:05.618679Z,2026-05-09T17:10:00Z,1,76595490232476317806845884086599134573229446021508847510492704620995390494021,"up-or-down,crypto-prices,hide-from-new,recurring,crypto,bitcoin,5M",Crypto,0.505
2216130,"Bitcoin Up or Down - May 10, 12:50PM-12:55PM ET",btc-updown-5m-1778431800,Crypto,55950.287337999915,2026-05-09T16:59:47.062925Z,2026-05-10T16:55:00Z,1,56102215898292471636311420970540332288037422483609064381741242391939922406201,"up-or-down,crypto-prices,hide-from-new,crypto,5M,recurring,bitcoin",Crypto,0.505
2218932,"Bitcoin Up or Down - May 10, 9:00PM-9:15PM ET",btc-updown-15m-1778461200,Crypto,54009.58222900009,2026-05-10T01:07:51.543887Z,2026-05-11T01:15:00Z,1,54581074815862729029426820723232958498524598594088425462693235158851049691649,"up-or-down,crypto-prices,hide-from-new,recurring,crypto,bitcoin,15M",Crypto,0.505
2218969,"Bitcoin Up or Down - May 10, 9:10PM-9:15PM ET",btc-updown-5m-1778461800,Crypto,76014.80133900001,2026-05-10T01:17:57.282301Z,2026-05-11T01:15:00Z,1,113785034629233145247386841545253113252147851393372282079481025027418755992222,"up-or-down,crypto-prices,hide-from-new,recurring,crypto,bitcoin,5M",Crypto,0.505
2197081,"Bitcoin Up or Down - May 9, 3:00PM-3:15PM ET",btc-updown-15m-1778353200,Crypto,23243.582534000016,2026-05-08T19:08:56.660566Z,2026-05-09T19:15:00Z,0,102771333510628016136258325569833189110640928748450237293717702236050119986351,"up-or-down,crypto-prices,hide-from-new,recurring,crypto,bitcoin,15M",Crypto,0.5
2189687,"Bitcoin Up or Down - May 9, 11:00AM-11:05AM ET",btc-updown-5m-1778338800,Crypto,59030.34959,2026-05-08T15:07:48.695672Z,2026-05-09T15:05:00Z,1,114829752103223934590016526610216562093738972640056291416959148174062677859003,"up-or-down,crypto-prices,hide-from-new,recurring,crypto,bitcoin,5M",Crypto,0.505
2204995,"Will Bitcoin dip to $77,000 on May 9?",will-bitcoin-dip-to-77k-on-may-9,Crypto,11353.1855,2026-05-09T05:54:25.061281Z,2026-05-10T04:00:00Z,0,33489728601335734370796426476434608820526987266974950701668451525564000832043,"bitcoin,hit-price,crypto,crypto-prices,recurring,hide-from-new,daily,today",Crypto,0.0035
2189452,"Bitcoin Up or Down - May 9, 9:55AM-10:00AM ET",btc-updown-5m-1778334900,Crypto,82235.50470899987,2026-05-08T14:03:38.384987Z,2026-05-09T14:00:00Z,1,34485023590460125831894486660579666734873693998905015962043181250204911709188,"up-or-down,crypto-prices,hide-from-new,recurring,crypto,bitcoin,5M",Crypto,0.505
2217555,"Bitcoin Up or Down - May 10, 5:20PM-5:25PM ET",btc-updown-5m-1778448000,Crypto,79045.90407999983,2026-05-09T21:29:37.999697Z,2026-05-10T21:25:00Z,0,63180532568556550687757354213542341205649250898075687416299744193885645086154,"up-or-down,crypto-prices,hide-from-new,recurring,bitcoin,5M,crypto",Crypto,0.505
2218158,"Ethereum Up or Down - May 10, 6:45PM-7:00PM ET",eth-updown-15m-1778453100,Crypto,12121.588221000004,2026-05-09T22:52:59.204308Z,2026-05-10T23:00:00Z,1,52656600347751855603908495783701435416748398337093179944448616433894733926214,"up-or-down,crypto-prices,hide-from-new,recurring,crypto,ethereum,15M",Crypto,0.5
2203515,"Bitcoin Up or Down - May 9, 7:10PM-7:15PM ET",btc-updown-5m-1778368200,Crypto,53012.504528,2026-05-08T23:19:05.193414Z,2026-05-09T23:15:00Z,1,27435546851741356855045071442689999243598264949259189987090791486482473530963,"up-or-down,crypto-prices,hide-from-new,recurring,crypto,bitcoin,5M",Crypto,0.505
2189341,"Bitcoin Up or Down - May 9, 9:30AM-9:45AM ET",btc-updown-15m-1778333400,Crypto,46663.6661629999,2026-05-08T13:38:17.521021Z,2026-05-09T13:45:00Z,0,62805145339065074264041508077214536516921265855537620632558374136639642508824,"up-or-down,crypto-prices,hide-from-new,recurring,crypto,bitcoin,15M",Crypto,0.495
2217999,"Ethereum Up or Down - May 10, 6:30PM-6:45PM ET",eth-updown-15m-1778452200,Crypto,12399.154866000004,2026-05-09T22:37:40.543403Z,2026-05-10T22:45:00Z,1,93317547574363849514106725771058346133622661072994115132066544996082687277356,"up-or-down,crypto-prices,hide-from-new,recurring,crypto,ethereum,15M",Crypto,0.505
2213239,"Bitcoin Up or Down - May 10, 9:50AM-9:55AM ET",btc-updown-5m-1778421000,Crypto,76928.55872000004,2026-05-09T13:58:35.943781Z,2026-05-10T13:55:00Z,0,94147683601099768265517340231623235687496937863703415999417824748463078781866,"up-or-down,crypto-prices,hide-from-new,recurring,crypto,bitcoin,5M",Crypto,0.505
2209378,"Bitcoin Up or Down - May 10, 5:25AM-5:30AM ET",btc-updown-5m-1778405100,Crypto,124708.55666499998,2026-05-09T09:35:17.511682Z,2026-05-10T09:30:00Z,0,6805239796850857750092113048948782799110479854114405612048204672747152019060,"up-or-down,crypto-prices,hide-from-new,recurring,crypto,bitcoin,5M",Crypto,0.505
2192062,"Solana Up or Down - May 9, 2:00PM-2:15PM ET",sol-updown-15m-1778349600,Crypto,61989.732764,2026-05-08T18:08:04.42725Z,2026-05-09T18:15:00Z,0,21631781835060095351529625987981087381891837655403209202026115883364395571388,"up-or-down,crypto-prices,hide-from-new,recurring,crypto,solana,15M",Crypto,0.5
2213734,"Bitcoin Up or Down - May 10, 10:30AM-10:35AM ET",btc-updown-5m-1778423400,Crypto,45630.18689400001,2026-05-09T14:38:28.689119Z,2026-05-10T14:35:00Z,1,115784246230914136383936016431670011364685628885962203702266558704262177572923,"up-or-down,crypto-prices,hide-from-new,recurring,crypto,bitcoin,5M",Crypto,0.505
2188199,"Bitcoin Up or Down - May 9, 4:00AM-8:00AM ET",btc-updown-4h-1778313600,Crypto,25105.097771000004,2026-05-08T08:07:45.712975Z,2026-05-09T12:00:00Z,1,66788663075410792584135830625859769855445908242420439887450468685306214713044,"up-or-down,crypto-prices,hide-from-new,recurring,crypto,bitcoin,4h",Crypto,0.5
2192088,"Bitcoin Up or Down - May 9, 2:15PM-2:30PM ET",btc-updown-15m-1778350500,Crypto,33675.10821600001,2026-05-08T18:23:55.126257Z,2026-05-09T18:30:00Z,1,48528862631470812793847781278778613328904209342694443174949147912554391135222,"up-or-down,crypto-prices,hide-from-new,recurring,crypto,bitcoin,15M",Crypto,0.5
2219274,"Bitcoin Up or Down - May 10, 10:45PM-10:50PM ET",btc-updown-5m-1778467500,Crypto,90233.66939299947,2026-05-10T02:52:56.602799Z,2026-05-11T02:50:00Z,0,114673992750538397789993396664760299160163944067770809658896637440309275218614,"up-or-down,crypto-prices,hide-from-new,recurring,crypto,bitcoin,5M",Crypto,0.505
2218754,"Bitcoin Up or Down - May 10, 8:00PM-8:05PM ET",btc-updown-5m-1778457600,Crypto,93173.92344500001,2026-05-10T00:08:02.490609Z,2026-05-11T00:05:00Z,0,72757881623750546663641576586889862602303069325790124188588326738828961973684,"up-or-down,crypto-prices,hide-from-new,recurring,crypto,bitcoin,5M",Crypto,0.515
2189431,"Ethereum Up or Down - May 10, 10AM ET",ethereum-up-or-down-may-10-2026-10am-et,Crypto,16571.550821000008,2026-05-08T14:02:15.589849Z,2026-05-10T15:00:00Z,1,31558545401464874947036657306015947617849478209519932832254458491408801816297,"crypto,crypto-prices,recurring,hide-from-new,ethereum,1H,up-or-down",Crypto,0.5
2204054,"Ethereum Up or Down - May 9, 8:40PM-8:45PM ET",eth-updown-5m-1778373600,Crypto,10869.246757000004,2026-05-09T00:50:17.221282Z,2026-05-10T00:45:00Z,1,96418771009191175697901298162620747130086696837635476568104799563070072175135,"up-or-down,crypto-prices,hide-from-new,recurring,crypto,ethereum,5M",Crypto,0.505
2213227,"Ethereum Up or Down - May 10, 9:45AM-9:50AM ET",eth-updown-5m-1778420700,Crypto,10415.472800000003,2026-05-09T13:53:45.576646Z,2026-05-10T13:50:00Z,1,65619996791897749645675796424943083829218496431054982395570449697458930712994,"up-or-down,crypto-prices,hide-from-new,recurring,crypto,ethereum,5M",Crypto,0.505
2204001,"Bitcoin Up or Down - May 9, 8:25PM-8:30PM ET",btc-updown-5m-1778372700,Crypto,42816.409593999975,2026-05-09T00:34:00.529799Z,2026-05-10T00:30:00Z,0,85784720480980900141245300294576008424362845808505187463136779517263332867221,"up-or-down,crypto-prices,hide-from-new,recurring,crypto,bitcoin,5M",Crypto,0.505
2201051,"Ethereum Up or Down - May 10, 5PM ET",ethereum-up-or-down-may-10-2026-5pm-et,Crypto,13794.784370000001,2026-05-09T05:35:28.141899Z,2026-05-10T22:00:00Z,1,65177158523844950459977366186344262644848064764382272445760279554853245963606,"crypto,crypto-prices,recurring,hide-from-new,ethereum,1H,up-or-down",Crypto,0.505
2181858,"Bitcoin Up or Down - May 9, 10AM ET",bitcoin-up-or-down-may-9-2026-10am-et,Crypto,43311.794113999946,2026-05-07T14:02:11.079169Z,2026-05-09T15:00:00Z,0,97943520284699923718076141452252685647037837712405041009129819587171534200674,"crypto,crypto-prices,recurring,hide-from-new,bitcoin,1H,up-or-down",Crypto,0.5
2190058,"Bitcoin Up or Down - May 9, 12:00PM-12:15PM ET",btc-updown-15m-1778342400,Crypto,49276.746322000065,2026-05-08T16:08:17.656761Z,2026-05-09T16:15:00Z,1,90858106364420981427281389547694461457690018579683463109651100629073671279345,"up-or-down,crypto-prices,hide-from-new,recurring,crypto,bitcoin,15M",Crypto,0.5
2181237,"Bitcoin Up or Down - May 9, 8AM ET",bitcoin-up-or-down-may-9-2026-8am-et,Crypto,43606.80537700001,2026-05-07T12:02:21.144391Z,2026-05-09T13:00:00Z,1,23725747158818232939398341024563561185223450069105986836101908581375695522783,"crypto,recurring,bitcoin,crypto-prices,hide-from-new,1H,up-or-down",Crypto,0.5
2188771,"Bitcoin Up or Down - May 9, 7:00AM-7:05AM ET",btc-updown-5m-1778324400,Crypto,56459.98639099986,2026-05-08T11:07:40.618759Z,2026-05-09T11:05:00Z,1,3114368855000264849294026087509492615316929021647462697462910617724361112609,"up-or-down,crypto-prices,hide-from-new,recurring,crypto,bitcoin,5M",Crypto,0.505
2140909,"Will the price of Ethereum be above $2,200 on May 9?",ethereum-above-2200-on-may-9,Crypto,38465.92975800002,2026-05-02T16:06:28.18178Z,2026-05-09T16:00:00Z,1,8113897804882473961572676893489413869199674237476038061712930713039207838330,"ethereum,weekly,multi-strikes,crypto,crypto-prices,recurring,hide-from-new",Crypto,0.9955
2219045,"Bitcoin Up or Down - May 10, 9:35PM-9:40PM ET",btc-updown-5m-1778463300,Crypto,72187.75313599987,2026-05-10T01:42:49.392466Z,2026-05-11T01:40:00Z,0,48096794970160227774929005396015148695551717898312718558871423363664109714853,"up-or-down,crypto-prices,hide-from-new,recurring,crypto,bitcoin,5M",Crypto,0.505
2218096,"Bitcoin Up or Down - May 10, 6:35PM-6:40PM ET",btc-updown-5m-1778452500,Crypto,107077.72902999967,2026-05-09T22:43:39.884532Z,2026-05-10T22:40:00Z,0,80843444366622490762831057126374057147209011423246650083559267223748147364486,"up-or-down,crypto-prices,hide-from-new,recurring,crypto,bitcoin,5M",Crypto,0.505
2219214,"Bitcoin Up or Down - May 10, 10:25PM-10:30PM ET",btc-updown-5m-1778466300,Crypto,70890.74963599985,2026-05-10T02:35:08.787295Z,2026-05-11T02:30:00Z,1,26239826949872200245571006938441518377629020190399261371525601384568750028729,"up-or-down,crypto-prices,hide-from-new,recurring,crypto,bitcoin,5M",Crypto,0.505
2212470,"Bitcoin Up or Down - May 10, 9:15AM-9:20AM ET",btc-updown-5m-1778418900,Crypto,67566.72022100001,2026-05-09T13:24:59.089262Z,2026-05-10T13:20:00Z,1,69808728329271802403573928285503849034200493315150040855910455067959792442281,"up-or-down,crypto-prices,hide-from-new,recurring,crypto,bitcoin,5M",Crypto,0.505
2189031,"Ethereum Up or Down - May 9, 8:00AM-8:15AM ET",eth-updown-15m-1778328000,Crypto,10970.336923000004,2026-05-08T12:07:54.061108Z,2026-05-09T12:15:00Z,0,99194399762440254776155172682275549363175796550970823062408066612312757239373,"up-or-down,crypto-prices,hide-from-new,recurring,crypto,ethereum,15M",Crypto,0.52
2190267,"Bitcoin Up or Down - May 9, 12:30PM-12:45PM ET",btc-updown-15m-1778344200,Crypto,47819.41399599999,2026-05-08T16:37:39.148341Z,2026-05-09T16:45:00Z,0,62051502590722780105851791251791589727388652582652199150098415382156737204585,"bitcoin,15M,up-or-down,crypto-prices,hide-from-new,recurring,crypto",Crypto,0.505
2215783,"Bitcoin Up or Down - May 10, 12:00PM-12:05PM ET",btc-updown-5m-1778428800,Crypto,131594.36051000006,2026-05-09T16:09:44.930086Z,2026-05-10T16:05:00Z,1,12791557951837457956695947953425397371990286068535638163336430752613110564762,"up-or-down,crypto-prices,hide-from-new,recurring,crypto,bitcoin,5M",Crypto,0.505
2209761,"Bitcoin Up or Down - May 10, 6:45AM-6:50AM ET",btc-updown-5m-1778409900,Crypto,73055.01839900002,2026-05-09T10:54:02.102636Z,2026-05-10T10:50:00Z,0,91056659743591635650072292326227292213721849624047430211738121301271238282775,"up-or-down,crypto-prices,hide-from-new,recurring,crypto,bitcoin,5M",Crypto,0.505
2217338,"Bitcoin Up or Down - May 10, 4:45PM-5:00PM ET",btc-updown-15m-1778445900,Crypto,67670.60402599997,2026-05-09T20:55:06.3685Z,2026-05-10T21:00:00Z,0,114381881857733276082589389769353973922919299831351622846691136737439236820160,"up-or-down,crypto-prices,hide-from-new,recurring,crypto,bitcoin,15M",Crypto,0.505
2209227,"Bitcoin Up or Down - May 10, 5:00AM-5:15AM ET",btc-updown-15m-1778403600,Crypto,31473.466444000012,2026-05-09T09:10:13.138482Z,2026-05-10T09:15:00Z,1,46663907798487969500944778087356283664072606082204118510698518486307915910007,"up-or-down,crypto-prices,hide-from-new,recurring,crypto,bitcoin,15M",Crypto,0.505
2213277,"Bitcoin Up or Down - May 10, 10:05AM-10:10AM ET",btc-updown-5m-1778421900,Crypto,52286.52303400004,2026-05-09T14:13:21.285413Z,2026-05-10T14:10:00Z,0,71583507841444983606214127526581106399635020450079041477550463972030785288320,"up-or-down,crypto-prices,hide-from-new,recurring,crypto,bitcoin,5M",Crypto,0.505
2218999,"Bitcoin Up or Down - May 10, 9:20PM-9:25PM ET",btc-updown-5m-1778462400,Crypto,68952.09195399981,2026-05-10T01:28:05.983337Z,2026-05-11T01:25:00Z,1,18718749324039099492020191831439297525374675009762057037180488560270117216159,"up-or-down,crypto-prices,hide-from-new,recurring,crypto,bitcoin,5M",Crypto,0.505
2218702,"Bitcoin Up or Down - May 10, 7:45PM-8:00PM ET",btc-updown-15m-1778456700,Crypto,37660.32212400002,2026-05-09T23:52:45.709799Z,2026-05-11T00:00:00Z,0,86946196662697348734609051205892037113536873450719492971311001624344797655081,"recurring,crypto,bitcoin,15M,up-or-down,crypto-prices,hide-from-new",Crypto,0.5
2203356,"Bitcoin Up or Down - May 9, 6:15PM-6:20PM ET",btc-updown-5m-1778364900,Crypto,63856.12361399984,2026-05-08T22:23:55.1201Z,2026-05-09T22:20:00Z,1,106577696108918015697079057163560050547448125528317901693372663020988438056137,"up-or-down,crypto-prices,hide-from-new,recurring,crypto,bitcoin,5M",Crypto,0.505
2185366,"Bitcoin Up or Down - May 9, 7PM ET",bitcoin-up-or-down-may-9-2026-7pm-et,Crypto,44234.54812899995,2026-05-07T23:07:26.870878Z,2026-05-10T00:00:00Z,0,99914102487501790947621532843258229535540276578276441581034096625096417435986,"crypto,crypto-prices,recurring,hide-from-new,bitcoin,1H,up-or-down",Crypto,0.5
2182323,"Bitcoin Up or Down - May 9, 12PM ET",bitcoin-up-or-down-may-9-2026-12pm-et,Crypto,52343.23655099999,2026-05-07T16:03:12.772445Z,2026-05-09T17:00:00Z,1,79781068670474459645208011910000208077996796855118456026814323214170591588728,"crypto,crypto-prices,recurring,hide-from-new,bitcoin,1H,up-or-down",Crypto,0.5
2210195,"Bitcoin Up or Down - May 10, 7:40AM-7:45AM ET",btc-updown-5m-1778413200,Crypto,79284.45580300008,2026-05-09T11:49:12.720283Z,2026-05-10T11:45:00Z,1,29698931131291013119174661042580050777152115520485462907621107878074112510036,"up-or-down,crypto-prices,hide-from-new,recurring,crypto,bitcoin,5M",Crypto,0.505
2217990,"Bitcoin Up or Down - May 10, 6:30PM-6:45PM ET",btc-updown-15m-1778452200,Crypto,61775.29821299993,2026-05-09T22:37:38.712986Z,2026-05-10T22:45:00Z,1,89078318816234355720844995251394866066722774591983147533546115734022011972000,"up-or-down,crypto-prices,hide-from-new,recurring,crypto,bitcoin,15M",Crypto,0.505
2148690,"Will the price of Bitcoin be between $78,000 and $80,000 on May 10?",will-the-price-of-bitcoin-be-between-78000-80000-on-may-10,Crypto,55626.97447400001,2026-05-03T16:07:43.816269Z,2026-05-10T16:00:00Z,0,32953606042422651843342461749404170034112075953180052410335761859776203062511,"bitcoin,weekly,neg-risk,crypto,crypto-prices,recurring,hide-from-new",Crypto,0.14
2208007,"Bitcoin Up or Down - May 10, 3:45AM-3:50AM ET",btc-updown-5m-1778399100,Crypto,98388.84866799993,2026-05-09T07:56:47.132502Z,2026-05-10T07:50:00Z,0,60179737305494154389454528632420890376977045093763781520822670929003722942345,"up-or-down,crypto-prices,hide-from-new,recurring,crypto,bitcoin,5M",Crypto,0.505
2204297,"Bitcoin Up or Down - May 9, 10:05PM-10:10PM ET",btc-updown-5m-1778378700,Crypto,58697.82251999985,2026-05-09T02:13:34.963853Z,2026-05-10T02:10:00Z,0,66546382908088829266518414681538941168923511730997295916266113921817758260645,"up-or-down,crypto-prices,hide-from-new,recurring,crypto,bitcoin,5M",Crypto,0.505
2186222,"Bitcoin Up or Down - May 9, 11PM ET",bitcoin-up-or-down-may-9-2026-11pm-et,Crypto,58702.61502399996,2026-05-08T03:02:05.136769Z,2026-05-10T04:00:00Z,0,26698037835084806860948499046226800667555365732537371569473554294861236874393,"hide-from-new,crypto,crypto-prices,recurring,bitcoin,1H,up-or-down",Crypto,0.5
2141030,Will the price of Solana be between $70 and $80 on May 9?,will-the-price-of-solana-be-between-70-80-on-may-9,Crypto,17367.473716000004,2026-05-02T16:06:12.15261Z,2026-05-09T16:00:00Z,0,21503145021255850280500984166980836687492023765159300211805407140372581132654,"solana,weekly,neg-risk,crypto,crypto-prices,recurring,hide-from-new",Crypto,0.005
2204411,"Bitcoin Up or Down - May 9, 10:45PM-11:00PM ET",btc-updown-15m-1778381100,Crypto,27664.452323999976,2026-05-09T02:53:46.41015Z,2026-05-10T03:00:00Z,1,41786842632884317993028254675469135083180410068562090969854055963777971369757,"up-or-down,crypto-prices,hide-from-new,recurring,crypto,bitcoin,15M",Crypto,0.505
2189026,"Bitcoin Up or Down - May 9, 8:00AM-8:05AM ET",btc-updown-5m-1778328000,Crypto,55013.65590399986,2026-05-08T12:08:28.751017Z,2026-05-09T12:05:00Z,1,38556532168670568041250767062925209747666110623693617881562437058658833109148,"up-or-down,crypto-prices,hide-from-new,recurring,crypto,bitcoin,5M",Crypto,0.565
2188832,"Bitcoin Up or Down - May 9, 7:20AM-7:25AM ET",btc-updown-5m-1778325600,Crypto,70149.21765200012,2026-05-08T11:33:23.937711Z,2026-05-09T11:25:00Z,1,18461816288246421593385333517482207347600166604425545306160426621961471113128,"up-or-down,crypto-prices,hide-from-new,recurring,crypto,bitcoin,5M",Crypto,0.505
2204559,"Bitcoin Up or Down - May 9, 11:20PM-11:25PM ET",btc-updown-5m-1778383200,Crypto,48483.00764199998,2026-05-09T03:27:50.342429Z,2026-05-10T03:25:00Z,0,100448450589820520188368601936915318968870196131195619127821450191731537153146,"up-or-down,crypto-prices,hide-from-new,recurring,crypto,bitcoin,5M",Crypto,0.505
2210206,"Bitcoin Up or Down - May 10, 7:45AM-8:00AM ET",btc-updown-15m-1778413500,Crypto,55231.136072999994,2026-05-09T11:54:17.714467Z,2026-05-10T12:00:00Z,0,73226629188008929322405232275788919269448393555688005069077426533269523823914,"up-or-down,crypto-prices,hide-from-new,recurring,crypto,bitcoin,15M",Crypto,0.505
2141105,Will the price of XRP be above $1.80 on May 9?,xrp-above-1pt8-on-may-9,Crypto,15443.696125000002,2026-05-02T16:04:34.149375Z,2026-05-09T16:00:00Z,0,67252591475251422089741158320795075605949572128900349422649114986676521082835,"xrp,ripple,weekly,multi-strikes,crypto,crypto-prices,recurring,hide-from-new",Crypto,0.0025
2192229,"Bitcoin Up or Down - May 9, 2:45PM-3:00PM ET",btc-updown-15m-1778352300,Crypto,34761.33817900002,2026-05-08T18:53:11.661472Z,2026-05-09T19:00:00Z,1,108420115351008963632993598762469952005134303927321880630014844750030552145934,"up-or-down,crypto-prices,hide-from-new,recurring,crypto,bitcoin,15M",Crypto,0.5
2191993,"Bitcoin Up or Down - May 9, 1:45PM-2:00PM ET",btc-updown-15m-1778348700,Crypto,44372.01137600001,2026-05-08T17:52:58.092312Z,2026-05-09T18:00:00Z,0,107328160610055676109290394722453931710002885493425084258926840981629473168713,"up-or-down,crypto-prices,hide-from-new,recurring,crypto,bitcoin,15M",Crypto,0.5
2203849,"Bitcoin Up or Down - May 9, 8:15PM-8:30PM ET",btc-updown-15m-1778372100,Crypto,42255.48582999996,2026-05-09T00:24:30.571076Z,2026-05-10T00:30:00Z,0,85640042113433720246424817758091335094535253865426205917877717073816735457616,"up-or-down,crypto-prices,hide-from-new,recurring,crypto,bitcoin,15M",Crypto,0.495
2206613,"Bitcoin Up or Down - May 10, 12:50AM-12:55AM ET",btc-updown-5m-1778388600,Crypto,39394.25697200004,2026-05-09T04:57:44.045323Z,2026-05-10T04:55:00Z,1,25870368286491089823120135575929134897320473434534281721566536133061912551272,"up-or-down,crypto-prices,hide-from-new,recurring,crypto,bitcoin,5M",Crypto,0.505
2213286,"Ethereum Up or Down - May 10, 10:10AM-10:15AM ET",eth-updown-5m-1778422200,Crypto,10680.090219999995,2026-05-09T14:18:37.13413Z,2026-05-10T14:15:00Z,0,61305557380880187559119384431717678824691831736694202349415647423636220632656,"up-or-down,crypto-prices,hide-from-new,recurring,crypto,ethereum,5M",Crypto,0.505
2204984,"Will Bitcoin dip to $78,000 on May 9?",will-bitcoin-dip-to-78k-on-may-9,Crypto,42657.470784,2026-05-09T06:14:30.643623Z,2026-05-10T04:00:00Z,0,73861529357213137750903428093378175840447196258835889116002646898801266871625,"bitcoin,hit-price,crypto,crypto-prices,recurring,hide-from-new,daily,today",Crypto,0.0075
2189510,"Ethereum Up or Down - May 9, 10:15AM-10:30AM ET",eth-updown-15m-1778336100,Crypto,10377.839709999998,2026-05-08T14:23:09.002559Z,2026-05-09T14:30:00Z,0,54042406278136677923893713901841613705774510582618113770801363139932857315576,"15M,up-or-down,crypto-prices,hide-from-new,recurring,crypto,ethereum",Crypto,0.505
2141003,"Will the price of Bitcoin be above $80,000 on May 9?",bitcoin-above-80k-on-may-9,Crypto,312252.8667299999,2026-05-02T16:06:28.436176Z,2026-05-09T16:00:00Z,1,17604734530299843704753457445295441601641542260659724304121984424407980724803,"bitcoin,weekly,multi-strikes,crypto,crypto-prices,recurring,hide-from-new",Crypto,0.655
2189293,"Bitcoin Up or Down - May 9, 9:05AM-9:10AM ET",btc-updown-5m-1778331900,Crypto,76752.05057199988,2026-05-08T13:12:49.793568Z,2026-05-09T13:10:00Z,1,109361316243051685657597331022293762804324188034569421359732287628331712947412,"up-or-down,hide-from-new,recurring,crypto,5M,crypto-prices,bitcoin",Crypto,0.505
2214488,"Bitcoin Up or Down - May 10, 11:10AM-11:15AM ET",btc-updown-5m-1778425800,Crypto,46044.96536400001,2026-05-09T15:18:24.966984Z,2026-05-10T15:15:00Z,1,8002124618723332114210260901916074712988486154644758269961826792783505838878,"up-or-down,crypto-prices,hide-from-new,recurring,crypto,bitcoin,5M",Crypto,0.505
2219225,"Bitcoin Up or Down - May 10, 10:30PM-10:45PM ET",btc-updown-15m-1778466600,Crypto,47077.655167000004,2026-05-10T02:38:05.336152Z,2026-05-11T02:45:00Z,0,68051904091526959731739635386965966983364673605667350920211427838206178336489,"up-or-down,crypto-prices,hide-from-new,recurring,crypto,bitcoin,15M",Crypto,0.505
2183379,"Bitcoin Up or Down - May 9, 2PM ET",bitcoin-up-or-down-may-9-2026-2pm-et,Crypto,52692.481392999995,2026-05-07T18:02:18.027945Z,2026-05-09T19:00:00Z,1,95418747245784393174520934712636522152031252191100663090351045220935598320918,"crypto,crypto-prices,recurring,hide-from-new,bitcoin,1H,up-or-down",Crypto,0.505
2216780,"Bitcoin Up or Down - May 10, 3:20PM-3:25PM ET",btc-updown-5m-1778440800,Crypto,59915.979959999866,2026-05-09T19:28:12.232349Z,2026-05-10T19:25:00Z,1,53472244853726680500916252763900885019827094215946744004725006922256043715391,"up-or-down,crypto-prices,hide-from-new,recurring,crypto,bitcoin,5M",Crypto,0.505
2206683,"Bitcoin Up or Down - May 10, 1:15AM-1:30AM ET",btc-updown-15m-1778390100,Crypto,59458.113831000024,2026-05-09T05:22:36.90047Z,2026-05-10T05:30:00Z,0,20953287416807171175431073108097560268586813776579204365970249681613853687357,"up-or-down,crypto-prices,hide-from-new,recurring,crypto,bitcoin,15M",Crypto,0.505
2188170,"Ethereum Up or Down - May 10, 4AM ET",ethereum-up-or-down-may-10-2026-4am-et,Crypto,10092.090751999996,2026-05-08T08:02:11.404055Z,2026-05-10T09:00:00Z,1,87687161359103789603074795349094192522117907557735520876449514249643842866205,"crypto,crypto-prices,recurring,hide-from-new,ethereum,1H,up-or-down",Crypto,0.5
2217651,"Bitcoin Up or Down - May 10, 5:45PM-5:50PM ET",btc-updown-5m-1778449500,Crypto,51295.306635,2026-05-09T21:58:18.659601Z,2026-05-10T21:50:00Z,1,73677070518840384061024157512706262317619957436013528670786283819372472971320,"up-or-down,crypto-prices,hide-from-new,recurring,crypto,bitcoin,5M",Crypto,0.505
2216285,"Bitcoin Up or Down - May 10, 1:20PM-1:25PM ET",btc-updown-5m-1778433600,Crypto,70510.38507599992,2026-05-09T17:31:59.033563Z,2026-05-10T17:25:00Z,1,8374576487006223244151548417913698522532033827360392361626807404469960416546,"crypto,bitcoin,5M,up-or-down,crypto-prices,hide-from-new,recurring",Crypto,0.505
2189242,"Bitcoin Up or Down - May 9, 9:00AM-9:15AM ET",btc-updown-15m-1778331600,Crypto,49905.65498900002,2026-05-08T13:07:55.346801Z,2026-05-09T13:15:00Z,1,72202813564245798054667008323824186856669908706932318517021134580260796532518,"up-or-down,crypto-prices,hide-from-new,recurring,crypto,bitcoin,15M",Crypto,0.5
2211011,"Bitcoin Up or Down - May 10, 8:30AM-8:35AM ET",btc-updown-5m-1778416200,Crypto,73597.55827199991,2026-05-09T12:39:14.175527Z,2026-05-10T12:35:00Z,0,109726909080629279069578713363207540391868076008749559469306208376324346814238,"up-or-down,crypto-prices,hide-from-new,recurring,crypto,bitcoin,5M",Crypto,0.505
2213804,"Bitcoin Up or Down - May 10, 10:50AM-10:55AM ET",btc-updown-5m-1778424600,Crypto,63051.07982500002,2026-05-09T14:58:38.948481Z,2026-05-10T14:55:00Z,1,12216520624917515701388276215068618806894564558888274438465323586088299064669,"up-or-down,crypto-prices,hide-from-new,recurring,crypto,bitcoin,5M",Crypto,0.505
2209818,"Ethereum Up or Down - May 10, 7:00AM-7:15AM ET",eth-updown-15m-1778410800,Crypto,12217.906550999993,2026-05-09T11:09:34.53033Z,2026-05-10T11:15:00Z,0,58681776164693405150187304759654180448881943068112692088500142946685552931621,"up-or-down,crypto-prices,hide-from-new,recurring,crypto,ethereum,15M",Crypto,0.505
2210743,"Ethereum Up or Down - May 10, 7:55AM-8:00AM ET",eth-updown-5m-1778414100,Crypto,10282.329669999997,2026-05-09T12:03:52.242946Z,2026-05-10T12:00:00Z,1,66882133483620654653438994873533171204748358153755770138673432321485625512987,"up-or-down,crypto-prices,hide-from-new,recurring,crypto,ethereum,5M",Crypto,0.995
2191213,"Ethereum Up or Down - May 9, 1:15PM-1:30PM ET",eth-updown-15m-1778346900,Crypto,10106.845583000004,2026-05-08T17:22:53.720842Z,2026-05-09T17:30:00Z,1,52774891622797883242688623396555296012129458274170719247144197802155818980146,"up-or-down,crypto-prices,hide-from-new,recurring,crypto,ethereum,15M",Crypto,0.5
2213726,"Bitcoin Up or Down - May 10, 10:25AM-10:30AM ET",btc-updown-5m-1778423100,Crypto,40436.390614,2026-05-09T14:33:28.682139Z,2026-05-10T14:30:00Z,0,103833250741699420714038101326964409128314185202468284393611394896339200629314,"up-or-down,crypto-prices,hide-from-new,recurring,crypto,bitcoin,5M",Crypto,0.505
2207599,"Bitcoin Up or Down - May 10, 2:45AM-2:50AM ET",btc-updown-5m-1778395500,Crypto,53781.54810800004,2026-05-09T06:58:05.519836Z,2026-05-10T06:50:00Z,1,106045029504555196760822973524639956186958397098957832112770682361039570956906,"up-or-down,crypto-prices,hide-from-new,recurring,crypto,bitcoin,5M",Crypto,0.505
2219295,"Bitcoin Up or Down - May 10, 10:55PM-11:00PM ET",btc-updown-5m-1778468100,Crypto,57854.29659500004,2026-05-10T03:02:54.568567Z,2026-05-11T03:00:00Z,0,83837207248175585611297127120993207048150385750434338084481668522750736311444,"up-or-down,crypto-prices,hide-from-new,recurring,crypto,bitcoin,5M",Crypto,0.505
2148684,"Will the price of Bitcoin be between $72,000 and $74,000 on May 10?",will-the-price-of-bitcoin-be-between-72000-74000-on-may-10,Crypto,12198.858374999996,2026-05-03T16:09:33.81926Z,2026-05-10T16:00:00Z,0,35352974349148069206199627089404821760988483670916071007498148460857664834565,"bitcoin,weekly,neg-risk,crypto,crypto-prices,recurring,hide-from-new",Crypto,0.001
2189354,"Ethereum Up or Down - May 9, 9:30AM-9:35AM ET",eth-updown-5m-1778333400,Crypto,12674.469189000009,2026-05-08T13:38:25.067402Z,2026-05-09T13:35:00Z,1,88296725987309142326885485658768561562651206883311900822696206310952444183068,"up-or-down,crypto-prices,hide-from-new,recurring,crypto,ethereum,5M",Crypto,0.505
2204348,"Bitcoin Up or Down - May 9, 10:30PM-10:35PM ET",btc-updown-5m-1778380200,Crypto,44326.62052799994,2026-05-09T02:37:55.569587Z,2026-05-10T02:35:00Z,0,105622038006988064211357871669124230722822481955721322602650813915833764416184,"up-or-down,crypto-prices,hide-from-new,recurring,crypto,bitcoin,5M",Crypto,0.505
2212462,"Bitcoin Up or Down - May 10, 9:15AM-9:30AM ET",btc-updown-15m-1778418900,Crypto,33379.498114000016,2026-05-09T13:24:50.817892Z,2026-05-10T13:30:00Z,1,26505118475297122169668818377652804101099849278428289090788603535576878408418,"up-or-down,crypto-prices,hide-from-new,recurring,crypto,bitcoin,15M",Crypto,0.495
2216744,"Bitcoin Up or Down - May 10, 3:10PM-3:15PM ET",btc-updown-5m-1778440200,Crypto,47686.83575799998,2026-05-09T19:18:06.1352Z,2026-05-10T19:15:00Z,1,91916495312198295662576377058388389496615342819988241241769143986436713941156,"up-or-down,crypto-prices,hide-from-new,recurring,crypto,bitcoin,5M",Crypto,0.505
2205703,"Will Ethereum dip to $2,050 on May 9?",will-ethereum-dip-to-2050-on-may-9,Crypto,58064.932,2026-05-09T06:36:10.702559Z,2026-05-10T04:00:00Z,0,13283398658484869446090959220246500443083932680141943787578862172270175235625,"crypto,crypto-prices,recurring,hide-from-new,ethereum,daily,today,hit-price",Crypto,0.005
2189414,"Bitcoin Up or Down - May 9, 9:45AM-10:00AM ET",btc-updown-15m-1778334300,Crypto,30660.720074000015,2026-05-08T13:53:27.766611Z,2026-05-09T14:00:00Z,1,69591498573297546036889168487756711758273259676773500898123373238639757016746,"up-or-down,crypto-prices,hide-from-new,recurring,crypto,bitcoin,15M",Crypto,0.505
2199726,"Bitcoin Up or Down - May 9, 4:05PM-4:10PM ET",btc-updown-5m-1778357100,Crypto,54215.18322799994,2026-05-08T20:16:59.385756Z,2026-05-09T20:10:00Z,0,78300589027204990589446735932030013117314976053075185650944338766392449955954,"up-or-down,crypto-prices,hide-from-new,recurring,crypto,bitcoin,5M",Crypto,0.505
2183018,"Ethereum Up or Down - May 9, 1PM ET",ethereum-up-or-down-may-9-2026-1pm-et,Crypto,14478.030405999993,2026-05-07T17:02:24.09266Z,2026-05-09T18:00:00Z,1,30976468367078700095168967537641307870833351490424782246069701944775105464406,"crypto,crypto-prices,recurring,hide-from-new,ethereum,1H,up-or-down",Crypto,0.5
2203606,"Bitcoin Up or Down - May 9, 7:35PM-7:40PM ET",btc-updown-5m-1778369700,Crypto,61594.79238299983,2026-05-08T23:44:26.102242Z,2026-05-09T23:40:00Z,0,771448295706680903911691657863524836175983211336480728102519832128077934845,"crypto,bitcoin,up-or-down,crypto-prices,hide-from-new,recurring,5M",Crypto,0.505
2203431,"Bitcoin Up or Down - May 9, 6:45PM-6:50PM ET",btc-updown-5m-1778366700,Crypto,36171.81648000002,2026-05-08T22:54:23.603275Z,2026-05-09T22:50:00Z,0,67960690084229288926179284006817866600732515159494659996194523469733895321843,"up-or-down,crypto-prices,hide-from-new,recurring,crypto,bitcoin,5M",Crypto,0.505
2208313,"Bitcoin Up or Down - May 10, 4:15AM-4:30AM ET",btc-updown-15m-1778400900,Crypto,18639.539679999994,2026-05-09T08:24:47.557167Z,2026-05-10T08:30:00Z,1,85837311788856776342168220753959615308406342722458629526012801658718593762055,"up-or-down,crypto-prices,hide-from-new,recurring,crypto,bitcoin,15M",Crypto,0.505
2204840,"Will Bitcoin reach $83,000 on May 9?",will-bitcoin-reach-83k-on-may-9,Crypto,16024.283626,2026-05-09T05:34:08.482045Z,2026-05-10T04:00:00Z,0,9338215218347606753133818822294756508548898581222278283228847782307467161711,"bitcoin,hit-price,crypto,crypto-prices,recurring,hide-from-new,daily,today",Crypto,0.001
2188357,"Solana Up or Down - May 10, 5AM ET",solana-up-or-down-may-10-2026-5am-et,Crypto,11584.618793,2026-05-08T09:02:39.962699Z,2026-05-10T10:00:00Z,1,114194143818266241186203582968060801672747659650991153252908544302726846907714,"crypto,crypto-prices,recurring,hide-from-new,solana,1H,up-or-down",Crypto,0.5
2206715,"Bitcoin Up or Down - May 10, 1:30AM-1:35AM ET",btc-updown-5m-1778391000,Crypto,68812.23769199992,2026-05-09T05:56:43.812441Z,2026-05-10T05:35:00Z,1,60398041272012601954096031876426511838349996637967485439085453006637257431187,"up-or-down,crypto-prices,hide-from-new,recurring,crypto,bitcoin,5M",Crypto,0.505
2209359,"Bitcoin Up or Down - May 10, 5:20AM-5:25AM ET",btc-updown-5m-1778404800,Crypto,71662.02593099997,2026-05-09T09:30:05.747351Z,2026-05-10T09:25:00Z,0,22913750790220183301121490683248744012090476531577191637108739352885829486722,"up-or-down,crypto-prices,hide-from-new,recurring,crypto,bitcoin,5M",Crypto,0.505
2188884,"Bitcoin Up or Down - May 9, 7:35AM-7:40AM ET",btc-updown-5m-1778326500,Crypto,63152.77102700004,2026-05-08T11:42:41.962553Z,2026-05-09T11:40:00Z,0,33030516984633256099783223379541576850271302273003150362391027128943498454106,"up-or-down,crypto-prices,hide-from-new,recurring,crypto,bitcoin,5M",Crypto,0.505
2200068,"Bitcoin Up or Down - May 9, 4:30PM-4:45PM ET",btc-updown-15m-1778358600,Crypto,38217.87887099997,2026-05-08T20:41:12.63315Z,2026-05-09T20:45:00Z,1,439378552617863067507366715503553330458731130146921313344616749821903717706,"up-or-down,crypto-prices,hide-from-new,recurring,crypto,bitcoin,15M",Crypto,0.505
2216209,"Ethereum Up or Down - May 10, 12:55PM-1:00PM ET",eth-updown-5m-1778432100,Crypto,10676.048128999999,2026-05-09T17:04:25.227227Z,2026-05-10T17:00:00Z,1,89982911465240929911767864442022441582740206262896981705538939407172358857980,"crypto-prices,recurring,ethereum,up-or-down,hide-from-new,crypto,5M",Crypto,0.505
2207954,"Bitcoin Up or Down - May 10, 3:30AM-3:35AM ET",btc-updown-5m-1778398200,Crypto,61946.841364999884,2026-05-09T07:42:43.962782Z,2026-05-10T07:35:00Z,0,5960685830125499644217830296990287255184203365860135671876862902602243645621,"bitcoin,5M,up-or-down,crypto-prices,hide-from-new,recurring,crypto",Crypto,0.505
2218167,"Bitcoin Up or Down - May 10, 6:50PM-6:55PM ET",btc-updown-5m-1778453400,Crypto,98263.89563599981,2026-05-09T22:57:58.590746Z,2026-05-10T22:55:00Z,1,68245395620843038728391461350949532448313798742022390384517340426488104589851,"up-or-down,crypto-prices,hide-from-new,recurring,crypto,bitcoin,5M",Crypto,0.505
2217075,"Bitcoin Up or Down - May 10, 3:45PM-3:50PM ET",btc-updown-5m-1778442300,Crypto,49943.590668000004,2026-05-09T19:53:24.8574Z,2026-05-10T19:50:00Z,0,110141523450301895279141242958174621351449836771331444766385998405042246022636,"up-or-down,crypto-prices,hide-from-new,recurring,crypto,bitcoin,5M",Crypto,0.505
2208346,"Bitcoin Up or Down - May 10, 4:30AM-4:45AM ET",btc-updown-15m-1778401800,Crypto,24123.042143,2026-05-09T08:41:50.472718Z,2026-05-10T08:45:00Z,0,640094813070949083327627964116464103708176064140801651422807115713876520150,"up-or-down,crypto-prices,hide-from-new,recurring,crypto,bitcoin,15M",Crypto,0.505
2218696,"Bitcoin Up or Down - May 10, 7:45PM-7:50PM ET",btc-updown-5m-1778456700,Crypto,64672.978369000026,2026-05-09T23:52:45.450719Z,2026-05-10T23:50:00Z,0,97902303156250650423971408999129277647738475742881548820039877196961706187414,"up-or-down,crypto-prices,hide-from-new,recurring,crypto,bitcoin,5M",Crypto,0.505
2209673,"Bitcoin Up or Down - May 10, 6:20AM-6:25AM ET",btc-updown-5m-1778408400,Crypto,89917.4430580001,2026-05-09T10:28:52.803162Z,2026-05-10T10:25:00Z,1,16660399742847848138615362574231360787467282588880389239493950799379317213328,"up-or-down,crypto-prices,hide-from-new,recurring,crypto,bitcoin,5M",Crypto,0.505
2209664,"Ethereum Up or Down - May 10, 6:15AM-6:30AM ET",eth-updown-15m-1778408100,Crypto,12972.537363000005,2026-05-09T10:24:41.743967Z,2026-05-10T10:30:00Z,1,1106768925840635459472133858864395029156967665531682786413933033274113172319,"up-or-down,crypto-prices,hide-from-new,recurring,crypto,ethereum,15M",Crypto,0.505
2206483,"Bitcoin Up or Down - May 10, 12:00AM-4:00AM ET",btc-updown-4h-1778385600,Crypto,28855.882646000013,2026-05-09T04:08:15.848851Z,2026-05-10T08:00:00Z,0,48476337826460708234414029436663083328578699897296497421277641845607189182059,"up-or-down,crypto-prices,hide-from-new,recurring,crypto,bitcoin,4h",Crypto,0.495
2189630,"Bitcoin Up or Down - May 9, 10:45AM-10:50AM ET",btc-updown-5m-1778337900,Crypto,69796.20678899979,2026-05-08T14:52:54.483365Z,2026-05-09T14:50:00Z,1,23364186522402156023351947834833961922470487739615506444416127360994004700323,"up-or-down,crypto-prices,hide-from-new,recurring,crypto,bitcoin,5M",Crypto,0.505
2148693,"Will the price of Ethereum be above $2,300 on May 10?",ethereum-above-2300-on-may-10,Crypto,43506.000785000004,2026-05-03T16:06:18.419289Z,2026-05-10T16:00:00Z,1,113427469018796385619523482216046201373998473178331064375312356216896555713860,"ethereum,weekly,multi-strikes,crypto,crypto-prices,recurring,hide-from-new",Crypto,0.82
2217188,"Ethereum Up or Down - May 10, 4:20PM-4:25PM ET",eth-updown-5m-1778444400,Crypto,10040.723318000002,2026-05-09T20:30:16.631663Z,2026-05-10T20:25:00Z,1,108261014830279270204598312600520709094131164422732187151977044872167283768000,"up-or-down,crypto-prices,hide-from-new,recurring,crypto,ethereum,5M",Crypto,0.5
2207537,"Bitcoin Up or Down - May 10, 2:30AM-2:45AM ET",btc-updown-15m-1778394600,Crypto,82988.3993599998,2026-05-09T06:43:33.705167Z,2026-05-10T06:45:00Z,1,28344984898987672401969613116052841242554997077630028548666317819463025622673,"crypto-prices,crypto,up-or-down,hide-from-new,recurring,bitcoin,15M",Crypto,0.495
2204179,"Ethereum Up or Down - May 9, 9:30PM-9:45PM ET",eth-updown-15m-1778376600,Crypto,13551.238853000013,2026-05-09T01:38:35.381951Z,2026-05-10T01:45:00Z,1,39090228096231929574637660964460833275320282557350507283893419628186791731118,"up-or-down,crypto-prices,hide-from-new,recurring,crypto,ethereum,15M",Crypto,0.505
2192055,"Bitcoin Up or Down - May 9, 2:00PM-2:15PM ET",btc-updown-15m-1778349600,Crypto,59236.6843149999,2026-05-08T18:07:54.263828Z,2026-05-09T18:15:00Z,1,66634687365264495241692858227640364547849745125599788155947012286397400914140,"up-or-down,crypto-prices,hide-from-new,recurring,crypto,bitcoin,15M",Crypto,0.5
2207911,"Bitcoin Up or Down - May 10, 3:10AM-3:15AM ET",btc-updown-5m-1778397000,Crypto,39808.62874199994,2026-05-09T07:22:46.180988Z,2026-05-10T07:15:00Z,0,50507031467029898682001599260839864803331837957893509707431478782396871377667,"up-or-down,crypto-prices,hide-from-new,recurring,crypto,bitcoin,5M",Crypto,0.505
2202676,"Bitcoin Up or Down - May 9, 5:45PM-6:00PM ET",btc-updown-15m-1778363100,Crypto,19650.34309299999,2026-05-08T21:54:16.799008Z,2026-05-09T22:00:00Z,1,58865854452049053850835983256011103139653291523360674517468202518300734296017,"up-or-down,crypto-prices,hide-from-new,recurring,crypto,bitcoin,15M",Crypto,0.505
2188898,"Bitcoin Up or Down - May 9, 7:45AM-7:50AM ET",btc-updown-5m-1778327100,Crypto,102657.37126899968,2026-05-08T11:56:30.374822Z,2026-05-09T11:50:00Z,0,79379149890721966682576455222136863381188978690402568007697418563443364534288,"up-or-down,crypto-prices,hide-from-new,recurring,crypto,bitcoin,5M",Crypto,0.505
2211078,"Bitcoin Up or Down - May 10, 8:45AM-9:00AM ET",btc-updown-15m-1778417100,Crypto,29736.70638100002,2026-05-09T12:53:50.078091Z,2026-05-10T13:00:00Z,1,57340655101043225947890386217659563291458291436302572876278818389875552699773,"up-or-down,crypto-prices,hide-from-new,recurring,crypto,bitcoin,15M",Crypto,0.495
2208374,"Bitcoin Up or Down - May 10, 4:35AM-4:40AM ET",btc-updown-5m-1778402100,Crypto,84947.63134200002,2026-05-09T08:44:37.845151Z,2026-05-10T08:40:00Z,0,32576191465542996056870179644761890952603160743305956628595907758589897809632,"up-or-down,crypto-prices,hide-from-new,recurring,crypto,bitcoin,5M",Crypto,0.505
2197358,"Bitcoin Up or Down - May 9, 3:10PM-3:15PM ET",btc-updown-5m-1778353800,Crypto,43985.37024500001,2026-05-08T19:19:23.430995Z,2026-05-09T19:15:00Z,0,104619069406412908324866260738709623878479967991964065276424344244493514885233,"up-or-down,crypto-prices,bitcoin,5M,hide-from-new,recurring,crypto",Crypto,0.505
2189429,"Bitcoin Up or Down - May 10, 10AM ET",bitcoin-up-or-down-may-10-2026-10am-et,Crypto,94186.82808800005,2026-05-08T14:02:17.613167Z,2026-05-10T15:00:00Z,1,46000100228506533820392988143288526339358535176993728229509709044205842294840,"crypto,crypto-prices,recurring,hide-from-new,bitcoin,1H,up-or-down",Crypto,0.5
2216571,"Bitcoin Up or Down - May 10, 2:35PM-2:40PM ET",btc-updown-5m-1778438100,Crypto,53673.00822400001,2026-05-09T18:46:28.847372Z,2026-05-10T18:40:00Z,0,6416570199701298385750666463635459408738443852855187718044840278960107932723,"up-or-down,crypto-prices,hide-from-new,recurring,crypto,bitcoin,5M",Crypto,0.505
2204177,"Bitcoin Up or Down - May 9, 9:30PM-9:35PM ET",btc-updown-5m-1778376600,Crypto,94042.97741099991,2026-05-09T01:38:33.0942Z,2026-05-10T01:35:00Z,1,4228733833390925673755409809950361601197455097719898730007778378822937916813,"up-or-down,crypto-prices,hide-from-new,recurring,crypto,bitcoin,5M",Crypto,0.505
2181595,"Bitcoin Up or Down - May 9, 9AM ET",bitcoin-up-or-down-may-9-2026-9am-et,Crypto,40887.19464000001,2026-05-07T13:02:10.555287Z,2026-05-09T14:00:00Z,0,79956278587079788819125220838493831353882931844343794854612500548969114377017,"crypto,crypto-prices,recurring,hide-from-new,bitcoin,1H,up-or-down",Crypto,0.495
2212117,"Bitcoin Up or Down - May 10, 9:00AM-9:15AM ET",btc-updown-15m-1778418000,Crypto,35060.08442600002,2026-05-09T13:08:59.416708Z,2026-05-10T13:15:00Z,0,90969661266426313230549295033454339412249826553120327918529410466596730856341,"crypto,bitcoin,15M,up-or-down,crypto-prices,hide-from-new,recurring",Crypto,0.505
2189691,"Ethereum Up or Down - May 9, 11:00AM-11:15AM ET",eth-updown-15m-1778338800,Crypto,11239.583342999998,2026-05-08T15:07:50.755493Z,2026-05-09T15:15:00Z,0,88346794176984929640058291257793003137635403139313699916224190896218692603787,"up-or-down,crypto-prices,hide-from-new,recurring,crypto,ethereum,15M",Crypto,0.505
2217957,"Bitcoin Up or Down - May 10, 6:15PM-6:20PM ET",btc-updown-5m-1778451300,Crypto,110254.30289299985,2026-05-09T22:29:27.169516Z,2026-05-10T22:20:00Z,1,25514113112984099410558646118667920925947803981342647119433209322456800755963,"up-or-down,crypto-prices,hide-from-new,recurring,crypto,bitcoin,5M",Crypto,0.505
2189408,"Ethereum Up or Down - May 9, 9:45AM-9:50AM ET",eth-updown-5m-1778334300,Crypto,10194.917426000009,2026-05-08T13:53:38.981582Z,2026-05-09T13:50:00Z,1,45098347525447139859051407544118110062460968738218768611875892066079327056439,"up-or-down,crypto-prices,hide-from-new,recurring,crypto,ethereum,5M",Crypto,0.505
2216462,"Bitcoin Up or Down - May 10, 2:05PM-2:10PM ET",btc-updown-5m-1778436300,Crypto,43570.18021700005,2026-05-09T18:25:33.797528Z,2026-05-10T18:10:00Z,0,56301453974307804023044067717624606972943835665622905768945250447978623679525,"up-or-down,crypto-prices,hide-from-new,recurring,crypto,bitcoin,5M",Crypto,0.505
2197389,"Bitcoin Up or Down - May 9, 3:20PM-3:25PM ET",btc-updown-5m-1778354400,Crypto,83822.72529199945,2026-05-08T19:30:09.78119Z,2026-05-09T19:25:00Z,0,109505056444281086640111706266142943319988488999022282445797622330456195321974,"up-or-down,crypto-prices,hide-from-new,recurring,crypto,bitcoin,5M",Crypto,0.505
2189772,"Ethereum Up or Down - May 9, 11:30AM-11:35AM ET",eth-updown-5m-1778340600,Crypto,10647.459957,2026-05-08T15:37:58.897157Z,2026-05-09T15:35:00Z,1,10666250239158650502784709811777467543372543936082944195442235052351405265656,"up-or-down,crypto-prices,hide-from-new,recurring,crypto,ethereum,5M",Crypto,0.505
2218537,"Ethereum Up or Down - May 10, 7:00PM-7:15PM ET",eth-updown-15m-1778454000,Crypto,12040.137126,2026-05-09T23:12:03.32564Z,2026-05-10T23:15:00Z,1,95873825819942033368146254373142312916091170289764235927151692535091935855204,"up-or-down,crypto-prices,hide-from-new,recurring,crypto,ethereum,15M",Crypto,0.505
2217166,"Bitcoin Up or Down - May 10, 4:15PM-4:30PM ET",btc-updown-15m-1778444100,Crypto,42021.69552399999,2026-05-09T20:27:35.600686Z,2026-05-10T20:30:00Z,0,12694366648874421469347864470251423881579302035880455756908552782575869011517,"up-or-down,crypto-prices,hide-from-new,recurring,crypto,bitcoin,15M",Crypto,0.505
2209641,"Bitcoin Up or Down - May 10, 6:10AM-6:15AM ET",btc-updown-5m-1778407800,Crypto,71042.01055799969,2026-05-09T10:19:05.695205Z,2026-05-10T10:15:00Z,0,63359782160743759736755562684094012868306694180323370687012978509853081584893,"up-or-down,crypto-prices,hide-from-new,recurring,crypto,bitcoin,5M",Crypto,0.505
2189174,"Bitcoin Up or Down - May 9, 8:50AM-8:55AM ET",btc-updown-5m-1778331000,Crypto,85650.36969100006,2026-05-08T12:57:39.260958Z,2026-05-09T12:55:00Z,1,57383243291411188937335595127633377226862943591493997261436856759253209373675,"up-or-down,crypto-prices,hide-from-new,recurring,crypto,bitcoin,5M",Crypto,0.505
2217179,"Ethereum Up or Down - May 10, 4:15PM-4:20PM ET",eth-updown-5m-1778444100,Crypto,10113.394337999993,2026-05-09T20:27:47.805557Z,2026-05-10T20:20:00Z,0,49379942466730033773132840696839167961152901693831996488863537738539357158029,"up-or-down,crypto-prices,hide-from-new,recurring,crypto,ethereum,5M",Crypto,0.505
2216607,"XRP Up or Down - May 10, 2:45PM-3:00PM ET",xrp-updown-15m-1778438700,Crypto,12223.084033,2026-05-09T18:57:49.223874Z,2026-05-10T19:00:00Z,1,37167901675933237712328912079414811966174911265443255600607267987186876388133,"up-or-down,crypto-prices,hide-from-new,recurring,crypto,xrp,ripple,15M",Crypto,0.5
2219004,"Bitcoin Up or Down - May 10, 9:25PM-9:30PM ET",btc-updown-5m-1778462700,Crypto,65387.41842300004,2026-05-10T01:32:49.094373Z,2026-05-11T01:30:00Z,0,98527843703086152245011132508454839586096267322757628198937771976948061988406,"5M,crypto-prices,hide-from-new,recurring,crypto,bitcoin,up-or-down",Crypto,0.505
2206622,"Bitcoin Up or Down - May 10, 12:55AM-1:00AM ET",btc-updown-5m-1778388900,Crypto,38298.55827399994,2026-05-09T05:02:48.446684Z,2026-05-10T05:00:00Z,0,52299829389346326444019002983351634299722848659635632715985857761360258040392,"up-or-down,crypto-prices,recurring,bitcoin,hide-from-new,crypto,5M",Crypto,0.505
2216313,"Bitcoin Up or Down - May 10, 1:30PM-1:45PM ET",btc-updown-15m-1778434200,Crypto,48785.48840999999,2026-05-09T17:40:16.087494Z,2026-05-10T17:45:00Z,0,69089809702474923089700219996670583536851679184865670462221332945934610623399,"up-or-down,crypto-prices,hide-from-new,recurring,crypto,bitcoin,15M",Crypto,0.505
2213315,"Bitcoin Up or Down - May 10, 10:15AM-10:20AM ET",btc-updown-5m-1778422500,Crypto,42718.254056999984,2026-05-09T14:24:22.943428Z,2026-05-10T14:20:00Z,0,32543485455484130291354576121219965163959460094085653465095087413361150582105,"crypto,bitcoin,5M,up-or-down,crypto-prices,hide-from-new,recurring",Crypto,0.505
2204127,"Bitcoin Up or Down - May 9, 9:10PM-9:15PM ET",btc-updown-5m-1778375400,Crypto,98607.87112399982,2026-05-09T01:19:07.927329Z,2026-05-10T01:15:00Z,0,17747451664311906525827364676890939834188834809992608287638964694425832277254,"up-or-down,crypto-prices,hide-from-new,recurring,crypto,bitcoin,5M",Crypto,0.505
2206510,"Bitcoin Up or Down - May 10, 12:10AM-12:15AM ET",btc-updown-5m-1778386200,Crypto,47440.24737799991,2026-05-09T04:18:26.920204Z,2026-05-10T04:15:00Z,1,81574559527582314356302107602750400416507330933052061846651132574128958347052,"up-or-down,crypto-prices,hide-from-new,recurring,crypto,bitcoin,5M",Crypto,0.505
2209808,"Bitcoin Up or Down - May 10, 6:55AM-7:00AM ET",btc-updown-5m-1778410500,Crypto,65054.254426000014,2026-05-09T11:04:16.44569Z,2026-05-10T11:00:00Z,0,25026181071319756361155092651539737733102125119592484158346642215779453516406,"up-or-down,hide-from-new,crypto-prices,recurring,crypto,bitcoin,5M",Crypto,0.505
2217133,"Bitcoin Up or Down - May 10, 4:00PM-4:05PM ET",btc-updown-5m-1778443200,Crypto,73896.4667389999,2026-05-09T20:08:55.681804Z,2026-05-10T20:05:00Z,0,29553314163347410850865965006209107354197663896719946006551330544066193339808,"up-or-down,crypto-prices,hide-from-new,recurring,crypto,bitcoin,5M",Crypto,0.505
2216540,"Bitcoin Up or Down - May 10, 2:30PM-2:35PM ET",btc-updown-5m-1778437800,Crypto,61306.19975899998,2026-05-09T18:40:33.884456Z,2026-05-10T18:35:00Z,0,22348515869544021427302858736570681712783250167349560677675021456562981562805,"up-or-down,crypto-prices,hide-from-new,recurring,crypto,bitcoin,5M",Crypto,0.505
2219257,"Bitcoin Up or Down - May 10, 10:40PM-10:45PM ET",btc-updown-5m-1778467200,Crypto,71540.33863699985,2026-05-10T02:47:53.470197Z,2026-05-11T02:45:00Z,1,62009212448848676503710366290769584161889385447056974301872771832636000281154,"crypto-prices,recurring,crypto,5M,up-or-down,hide-from-new,bitcoin",Crypto,0.505
2203675,"Bitcoin Up or Down - May 9, 8:00PM-8:15PM ET",btc-updown-15m-1778371200,Crypto,40643.98623699987,2026-05-09T00:10:17.177767Z,2026-05-10T00:15:00Z,1,36476683005649805249763349952388722958890968137096825866602631752125076582409,"up-or-down,crypto-prices,hide-from-new,recurring,crypto,bitcoin,15M",Crypto,0.515
2204069,"Bitcoin Up or Down - May 9, 8:45PM-8:50PM ET",btc-updown-5m-1778373900,Crypto,62576.77766500007,2026-05-09T00:56:59.135499Z,2026-05-10T00:50:00Z,0,86214202296677383699482740892086417596855194333895309728691088377806821611443,"up-or-down,crypto-prices,hide-from-new,recurring,crypto,bitcoin,5M",Crypto,0.505
2218569,"Bitcoin Up or Down - May 10, 7:05PM-7:10PM ET",btc-updown-5m-1778454300,Crypto,95904.73508900008,2026-05-09T23:17:38.081356Z,2026-05-10T23:10:00Z,1,101266015385387530637062211078765950424973024762486843253734108471021873881770,"up-or-down,crypto-prices,hide-from-new,recurring,crypto,bitcoin,5M",Crypto,0.505
2184786,"Bitcoin Up or Down - May 9, 6PM ET",bitcoin-up-or-down-may-9-2026-6pm-et,Crypto,54096.17535999999,2026-05-07T22:02:42.504577Z,2026-05-09T23:00:00Z,1,108515489831451118737025213629512663853773816710465908940047634502728102474330,"crypto,crypto-prices,recurring,hide-from-new,bitcoin,1H,up-or-down",Crypto,0.5
2209813,"Bitcoin Up or Down - May 10, 7:00AM-7:05AM ET",btc-updown-5m-1778410800,Crypto,111699.117676,2026-05-09T11:09:29.666859Z,2026-05-10T11:05:00Z,1,63113997894982167901152582906556384769526174570295222823022852611585389291887,"up-or-down,crypto-prices,hide-from-new,recurring,crypto,bitcoin,5M",Crypto,0.505
2192138,"Bitcoin Up or Down - May 9, 2:30PM-2:45PM ET",btc-updown-15m-1778351400,Crypto,42011.35244300002,2026-05-08T18:38:40.189035Z,2026-05-09T18:45:00Z,0,79540297751591229954067777366904620025549196153620238763947821329633089177742,"up-or-down,crypto-prices,hide-from-new,recurring,crypto,bitcoin,15M",Crypto,0.5
2215769,"Bitcoin Up or Down - May 10, 12:00PM-4:00PM ET",btc-updown-4h-1778428800,Crypto,24883.584825000024,2026-05-09T16:09:28.756355Z,2026-05-10T20:00:00Z,1,56753952740785844413418814482867253154517327421377305656563779386738622057812,"4h,up-or-down,crypto-prices,hide-from-new,recurring,crypto,bitcoin",Crypto,0.5
2148773,"Will the price of Bitcoin be above $74,000 on May 10?",bitcoin-above-74k-on-may-10,Crypto,126802.57869800004,2026-05-03T16:05:53.849574Z,2026-05-10T16:00:00Z,1,95377787414986842356948905480906674227255341168547219569269713988554417774919,"bitcoin,weekly,multi-strikes,crypto,crypto-prices,recurring,hide-from-new",Crypto,0.9995
2216063,"Bitcoin Up or Down - May 10, 12:30PM-12:35PM ET",btc-updown-5m-1778430600,Crypto,62236.37193100007,2026-05-09T16:42:46.458377Z,2026-05-10T16:35:00Z,0,20691074924086659748356196042869889963144315528123976351307491566480156294822,"up-or-down,crypto-prices,hide-from-new,recurring,crypto,bitcoin,5M",Crypto,0.505
2203297,"Bitcoin Up or Down - May 9, 5:55PM-6:00PM ET",btc-updown-5m-1778363700,Crypto,35852.26194099994,2026-05-08T22:04:19.440416Z,2026-05-09T22:00:00Z,0,25926558292674366333078570185196745091083479573769416763691611410059519789245,"hide-from-new,recurring,crypto,up-or-down,crypto-prices,bitcoin,5M",Crypto,0.505
2209743,"Bitcoin Up or Down - May 10, 6:40AM-6:45AM ET",btc-updown-5m-1778409600,Crypto,90259.77729399988,2026-05-09T10:49:00.563289Z,2026-05-10T10:45:00Z,1,77492274657078511233285767522965138552868462992499134147444273699986517304227,"up-or-down,crypto-prices,hide-from-new,recurring,crypto,bitcoin,5M",Crypto,0.505
2217204,"Bitcoin Up or Down - May 10, 4:25PM-4:30PM ET",btc-updown-5m-1778444700,Crypto,53670.701722000056,2026-05-09T20:35:07.572186Z,2026-05-10T20:30:00Z,1,59485805311005543948019327257352931772690882473054019176784073833376360476078,"up-or-down,crypto-prices,hide-from-new,recurring,crypto,bitcoin,5M",Crypto,0.505
2207853,"Bitcoin Up or Down - May 10, 3:00AM-3:15AM ET",btc-updown-15m-1778396400,Crypto,56413.34759800005,2026-05-09T07:18:51.074843Z,2026-05-10T07:15:00Z,0,28542310672500374851893742741120691711216170640307015790316352108972599469269,"up-or-down,crypto-prices,hide-from-new,recurring,crypto,bitcoin,15M",Crypto,0.505
2206524,"Bitcoin Up or Down - May 10, 12:15AM-12:20AM ET",btc-updown-5m-1778386500,Crypto,62076.007715999796,2026-05-09T04:23:39.207396Z,2026-05-10T04:20:00Z,1,23639660228923429266961583100131987931734447076572715042556623057680309947979,"up-or-down,crypto-prices,hide-from-new,recurring,crypto,bitcoin,5M",Crypto,0.505
2216362,"Bitcoin Up or Down - May 10, 1:45PM-2:00PM ET",btc-updown-15m-1778435100,Crypto,60916.18745600001,2026-05-09T17:55:44.759468Z,2026-05-10T18:00:00Z,1,103188592026739169699976056428572163156727449045355671202326770963382814687548,"up-or-down,crypto-prices,hide-from-new,recurring,crypto,bitcoin,15M",Crypto,0.495
2218864,"Bitcoin Up or Down - May 10, 8:40PM-8:45PM ET",btc-updown-5m-1778460000,Crypto,109647.82536099975,2026-05-10T00:47:44.203045Z,2026-05-11T00:45:00Z,0,107429087765728466399852141901245962220498496695375045675698778981907978361252,"up-or-down,crypto-prices,hide-from-new,recurring,crypto,bitcoin,5M",Crypto,0.505
2204396,"Bitcoin Up or Down - May 9, 10:40PM-10:45PM ET",btc-updown-5m-1778380800,Crypto,54363.41622999995,2026-05-09T02:48:02.105515Z,2026-05-10T02:45:00Z,1,60524753146151863368656818141985979150722057959898816547374068685250103068117,"up-or-down,crypto-prices,hide-from-new,recurring,crypto,bitcoin,5M",Crypto,0.505
2217575,"Bitcoin Up or Down - May 10, 5:25PM-5:30PM ET",btc-updown-5m-1778448300,Crypto,60168.96203399991,2026-05-09T21:34:28.318515Z,2026-05-10T21:30:00Z,1,33389335445911220113642033271054331831138321019393825261973356097587612110867,"up-or-down,crypto-prices,hide-from-new,recurring,crypto,bitcoin,5M",Crypto,0.505
2209235,"Bitcoin Up or Down - May 10, 5:00AM-5:05AM ET",btc-updown-5m-1778403600,Crypto,50262.94365100004,2026-05-09T09:10:24.160447Z,2026-05-10T09:05:00Z,1,92361482868537811527974745213778319272911651566464927725099315439616011944983,"up-or-down,crypto-prices,hide-from-new,recurring,crypto,bitcoin,5M",Crypto,0.505
2217124,"Solana Up or Down - May 10, 4:00PM-8:00PM ET",sol-updown-4h-1778443200,Crypto,11461.576196999999,2026-05-09T20:08:43.761822Z,2026-05-11T00:00:00Z,0,22929412543868034446293100102995986141560225745572757753448478565296753356041,"up-or-down,crypto-prices,hide-from-new,recurring,crypto,solana,4h",Crypto,0.5
2212520,"Bitcoin Up or Down - May 10, 9:30AM-9:45AM ET",btc-updown-15m-1778419800,Crypto,85925.45442999977,2026-05-09T13:38:41.878387Z,2026-05-10T13:45:00Z,1,35623514675502015336549379051653735617273937638422252987346413900354730318899,"up-or-down,crypto-prices,hide-from-new,recurring,crypto,bitcoin,15M",Crypto,0.495
2208212,"Bitcoin Up or Down - May 10, 4:05AM-4:10AM ET",btc-updown-5m-1778400300,Crypto,49438.38081300004,2026-05-09T08:15:48.025654Z,2026-05-10T08:10:00Z,1,76773671607473675351465714682080770846163069924813747122982080658096006496800,"crypto,5M,crypto-prices,hide-from-new,recurring,bitcoin,up-or-down",Crypto,0.505
2189557,"Bitcoin Up or Down - May 9, 10:30AM-10:35AM ET",btc-updown-5m-1778337000,Crypto,57557.90725899997,2026-05-08T14:38:16.990587Z,2026-05-09T14:35:00Z,0,19130860348628082931797213648446508633463187162342195369894402387005452258452,"up-or-down,crypto-prices,hide-from-new,recurring,crypto,bitcoin,5M",Crypto,0.505
2219024,"Bitcoin Up or Down - May 10, 9:30PM-9:45PM ET",btc-updown-15m-1778463000,Crypto,49663.20579899997,2026-05-10T01:37:52.73154Z,2026-05-11T01:45:00Z,0,52528146858760436060608573790889642848732306991304769301792159924727695775638,"up-or-down,crypto-prices,hide-from-new,recurring,crypto,bitcoin,15M",Crypto,0.505
2210754,"Bitcoin Up or Down - May 10, 8:00AM-8:15AM ET",btc-updown-15m-1778414400,Crypto,28051.188573999978,2026-05-09T12:09:22.208741Z,2026-05-10T12:15:00Z,1,34603357904622802282983134326927846930022182904011533443465996773089957722296,"up-or-down,crypto-prices,hide-from-new,recurring,crypto,bitcoin,15M",Crypto,0.435
2208386,"Bitcoin Up or Down - May 10, 4:40AM-4:45AM ET",btc-updown-5m-1778402400,Crypto,57649.397000999845,2026-05-09T08:51:50.88063Z,2026-05-10T08:45:00Z,0,46116349891667211958966222794103274220346135193199751879007096039254290431664,"up-or-down,crypto-prices,hide-from-new,recurring,crypto,bitcoin,5M",Crypto,0.505
2208323,"Bitcoin Up or Down - May 10, 4:20AM-4:25AM ET",btc-updown-5m-1778401200,Crypto,37926.61306499999,2026-05-09T08:30:21.045715Z,2026-05-10T08:25:00Z,1,42641420853979171861044290815838330467442623885087485176470192974212360669940,"up-or-down,crypto-prices,hide-from-new,recurring,crypto,bitcoin,5M",Crypto,0.505
2218746,"Bitcoin Up or Down - May 10, 8:00PM-8:15PM ET",btc-updown-15m-1778457600,Crypto,50584.84764399994,2026-05-10T00:08:42.4752Z,2026-05-11T00:15:00Z,0,15609679421074791916224076137713625323176496060178126677713710638565991353731,"up-or-down,crypto-prices,hide-from-new,recurring,crypto,bitcoin,15M",Crypto,0.515
2209486,"Ethereum Up or Down - May 10, 5:50AM-5:55AM ET",eth-updown-5m-1778406600,Crypto,11295.198810000004,2026-05-09T09:59:12.326348Z,2026-05-10T09:55:00Z,0,54382018454555365321237292796880915489058501135188409927703873742131208377278,"up-or-down,crypto-prices,hide-from-new,recurring,crypto,ethereum,5M",Crypto,0.505
2189590,"Bitcoin Up or Down - May 9, 10:35AM-10:40AM ET",btc-updown-5m-1778337300,Crypto,89339.08619699995,2026-05-08T14:42:58.901579Z,2026-05-09T14:40:00Z,1,65293786352213637604216140151414601897448625349199190206683060296073091615620,"bitcoin,up-or-down,crypto-prices,hide-from-new,recurring,crypto,5M",Crypto,0.505
2190057,"Bitcoin Up or Down - May 9, 12:00PM-4:00PM ET",btc-updown-4h-1778342400,Crypto,24342.900345000005,2026-05-08T16:08:14.627805Z,2026-05-09T20:00:00Z,1,106504371188442103352771680423152747780234231910577202526143339398783847006904,"up-or-down,crypto-prices,hide-from-new,recurring,crypto,bitcoin,4h",Crypto,0.505
2148698,"Will the price of Ethereum be above $2,500 on May 10?",ethereum-above-2500-on-may-10,Crypto,25954.976011999992,2026-05-03T16:05:51.531539Z,2026-05-10T16:00:00Z,0,15425303046832250122446642946335049382008414021893038693169968242185894416685,"ethereum,weekly,multi-strikes,crypto,crypto-prices,recurring,hide-from-new",Crypto,0.0035
2207542,"Bitcoin Up or Down - May 10, 2:30AM-2:35AM ET",btc-updown-5m-1778394600,Crypto,35231.70281399998,2026-05-09T06:43:41.571798Z,2026-05-10T06:35:00Z,1,53671313410808822519107678988204328198641903965122479075400574064940210898208,"crypto-prices,hide-from-new,recurring,crypto,bitcoin,5M,up-or-down",Crypto,0.505
2203486,"Bitcoin Up or Down - May 9, 7:00PM-7:05PM ET",btc-updown-5m-1778367600,Crypto,117615.43909799968,2026-05-08T23:09:57.285484Z,2026-05-09T23:05:00Z,0,60056134653616118736647083287619209203063838641153723354968357857488108575887,"up-or-down,crypto-prices,hide-from-new,recurring,crypto,bitcoin,5M",Crypto,0.505
2209382,"Bitcoin Up or Down - May 10, 5:30AM-5:45AM ET",btc-updown-15m-1778405400,Crypto,22472.06984400001,2026-05-09T09:39:57.762482Z,2026-05-10T09:45:00Z,0,87119524066620396715461366475407224864512001774859723754368925871029702532136,"up-or-down,crypto-prices,hide-from-new,recurring,crypto,bitcoin,15M",Crypto,0.505
2189767,"Bitcoin Up or Down - May 9, 11:30AM-11:45AM ET",btc-updown-15m-1778340600,Crypto,46979.11151799996,2026-05-08T15:37:55.278175Z,2026-05-09T15:45:00Z,1,101223029634214082900365718641397887860941365192690538224678821961882567427655,"crypto,up-or-down,crypto-prices,hide-from-new,recurring,bitcoin,15M",Crypto,0.505
2219103,"Bitcoin Up or Down - May 10, 10:00PM-10:05PM ET",btc-updown-5m-1778464800,Crypto,68120.38989699988,2026-05-10T02:07:39.195488Z,2026-05-11T02:05:00Z,1,57138471117886496648346717972395756500236137116849455489465299594129823560872,"up-or-down,crypto-prices,hide-from-new,5M,recurring,crypto,bitcoin",Crypto,0.505
2201401,"Bitcoin Up or Down - May 9, 5:25PM-5:30PM ET",btc-updown-5m-1778361900,Crypto,53188.515474000036,2026-05-08T21:34:27.68096Z,2026-05-09T21:30:00Z,1,74428872574825332640302431968701292068086504238504917674442385071667500918599,"up-or-down,crypto-prices,hide-from-new,recurring,crypto,bitcoin,5M",Crypto,0.505
2206753,"Bitcoin Up or Down - May 10, 1:40AM-1:45AM ET",btc-updown-5m-1778391600,Crypto,71052.49341499995,2026-05-09T05:54:53.06326Z,2026-05-10T05:45:00Z,0,88105941307960956242867790534521801363331283247595086975995197346532149086014,"up-or-down,crypto-prices,hide-from-new,recurring,crypto,bitcoin,5M",Crypto,0.505
2218105,"Bitcoin Up or Down - May 10, 6:40PM-6:45PM ET",btc-updown-5m-1778452800,Crypto,88212.17795200004,2026-05-09T22:48:14.840215Z,2026-05-10T22:45:00Z,0,58972566470782081108992945978418469335817460277813750385839708984310109642577,"up-or-down,crypto-prices,hide-from-new,recurring,crypto,bitcoin,5M",Crypto,0.505
2218649,"Bitcoin Up or Down - May 10, 7:30PM-7:45PM ET",btc-updown-15m-1778455800,Crypto,49716.23218400005,2026-05-09T23:38:27.756159Z,2026-05-10T23:45:00Z,1,15229735041354451096960882018407593030719777284012078382777885922775319242690,"up-or-down,crypto-prices,hide-from-new,recurring,crypto,bitcoin,15M",Crypto,0.5
2148958,Will the price of XRP be between $1.20 and $1.30 on May 10?,will-the-price-of-xrp-be-between-1pt20-1pt30-on-may-10,Crypto,33461.477053,2026-05-03T16:08:31.733235Z,2026-05-10T16:00:00Z,0,9429060849083603293341791161485641506134272599946716743652416658678916554950,"xrp,ripple,weekly,neg-risk,crypto,crypto-prices,recurring,hide-from-new",Crypto,0.0045
2214507,"Bitcoin Up or Down - May 10, 11:15AM-11:30AM ET",btc-updown-15m-1778426100,Crypto,40126.627082,2026-05-09T15:25:09.90738Z,2026-05-10T15:30:00Z,0,10080700165996966132000445773711668569842211961429715200590127245830271647488,"up-or-down,crypto-prices,hide-from-new,15M,recurring,crypto,bitcoin",Crypto,0.505
2208186,"Bitcoin Up or Down - May 10, 4:00AM-8:00AM ET",btc-updown-4h-1778400000,Crypto,29176.085612999992,2026-05-09T08:14:29.868984Z,2026-05-10T12:00:00Z,1,54118624584062539865838906042816432804028090396376019436701292267309158800830,"up-or-down,crypto-prices,hide-from-new,recurring,crypto,bitcoin,4h",Crypto,0.5
2190186,"Bitcoin Up or Down - May 9, 12:20PM-12:25PM ET",btc-updown-5m-1778343600,Crypto,89409.91535299973,2026-05-08T16:27:47.626457Z,2026-05-09T16:25:00Z,1,70368571832277174582495628557962262727582765149951945389175393235276272527012,"up-or-down,crypto-prices,hide-from-new,recurring,crypto,bitcoin,5M",Crypto,0.505
2219208,"Ethereum Up or Down - May 10, 10:25PM-10:30PM ET",eth-updown-5m-1778466300,Crypto,14791.711749,2026-05-10T02:34:02.799249Z,2026-05-11T02:30:00Z,1,22603189715494337006618758598363274725033099040260621555653949442332135424814,"up-or-down,crypto-prices,hide-from-new,recurring,crypto,ethereum,5M",Crypto,0.505
2216443,"Bitcoin Up or Down - May 10, 2:00PM-2:05PM ET",btc-updown-5m-1778436000,Crypto,85841.41128499983,2026-05-09T18:13:55.792299Z,2026-05-10T18:05:00Z,0,43521971783176661054399688617241335687914840148999123828335614122973859628591,"up-or-down,crypto-prices,recurring,crypto,hide-from-new,bitcoin,5M",Crypto,0.505
2204554,"Bitcoin Up or Down - May 9, 11:15PM-11:30PM ET",btc-updown-15m-1778382900,Crypto,20120.527356999984,2026-05-09T03:23:15.126456Z,2026-05-10T03:30:00Z,0,78853438011393504350725488722259198585482668413374855490371455179444213007620,"up-or-down,crypto-prices,hide-from-new,recurring,crypto,bitcoin,15M",Crypto,0.505
2204336,"Bitcoin Up or Down - May 9, 10:20PM-10:25PM ET",btc-updown-5m-1778379600,Crypto,36837.95722699993,2026-05-09T02:27:57.579044Z,2026-05-10T02:25:00Z,1,71843033095743573672457572955634923062674099892142791270964182918801274484936,"up-or-down,crypto-prices,hide-from-new,recurring,crypto,bitcoin,5M",Crypto,0.505
2216017,"Bitcoin Up or Down - May 10, 12:15PM-12:30PM ET",btc-updown-15m-1778429700,Crypto,54982.94071800001,2026-05-09T16:25:11.238842Z,2026-05-10T16:30:00Z,0,78587553253405176079537355835205175719219422548176837721286555723069795070393,"up-or-down,crypto-prices,hide-from-new,recurring,crypto,bitcoin,15M",Crypto,0.505
2204205,"Bitcoin Up or Down - May 9, 9:35PM-9:40PM ET",btc-updown-5m-1778376900,Crypto,46753.325622999924,2026-05-09T01:43:51.414492Z,2026-05-10T01:40:00Z,0,59911203767238131819959793855589587603509250184794961623881487073527895816873,"up-or-down,crypto-prices,hide-from-new,recurring,crypto,bitcoin,5M",Crypto,0.505
2203315,"Bitcoin Up or Down - May 9, 6:00PM-6:15PM ET",btc-updown-15m-1778364000,Crypto,20117.40656300003,2026-05-08T22:09:11.446948Z,2026-05-09T22:15:00Z,0,17668034966322293545036304502353580181633670754111319047202236506195081331841,"up-or-down,crypto-prices,hide-from-new,recurring,crypto,bitcoin,15M",Crypto,0.505
2190174,"Bitcoin Up or Down - May 9, 12:15PM-12:20PM ET",btc-updown-5m-1778343300,Crypto,67821.29744599997,2026-05-08T16:22:44.312142Z,2026-05-09T16:20:00Z,1,96842655924014015493852429614698304328063294180036045270576730867003072194049,"up-or-down,crypto-prices,hide-from-new,recurring,crypto,bitcoin,5M",Crypto,0.505
2209469,"Bitcoin Up or Down - May 10, 5:45AM-6:00AM ET",btc-updown-15m-1778406300,Crypto,54210.45822400005,2026-05-09T09:54:21.763148Z,2026-05-10T10:00:00Z,1,73557556548871084085412212679989471458684430371071342593771719292148654672540,"up-or-down,crypto-prices,hide-from-new,recurring,crypto,bitcoin,15M",Crypto,0.505
2186223,"Ethereum Up or Down - May 9, 11PM ET",ethereum-up-or-down-may-9-2026-11pm-et,Crypto,15740.55534500001,2026-05-08T03:02:29.548177Z,2026-05-10T04:00:00Z,0,18417123708655701431901639309839414804842646846960720977644637697575906702695,"crypto,crypto-prices,recurring,hide-from-new,ethereum,1H,up-or-down",Crypto,0.5
2204350,"Bitcoin Up or Down - May 9, 10:30PM-10:45PM ET",btc-updown-15m-1778380200,Crypto,45434.13650600005,2026-05-09T02:37:57.602472Z,2026-05-10T02:45:00Z,1,26396246933074519576554359056619940631694014458298396762767997826528073705260,"up-or-down,crypto-prices,hide-from-new,recurring,crypto,bitcoin,15M",Crypto,0.505
2216504,"Bitcoin Up or Down - May 10, 2:20PM-2:25PM ET",btc-updown-5m-1778437200,Crypto,55764.965355999855,2026-05-09T18:31:50.522965Z,2026-05-10T18:25:00Z,1,92184295639292567888405520204037747425697579179538277460772782729227888416610,"up-or-down,crypto-prices,hide-from-new,recurring,crypto,bitcoin,5M",Crypto,0.505
2203650,"Bitcoin Up or Down - May 9, 7:50PM-7:55PM ET",btc-updown-5m-1778370600,Crypto,72263.37998499964,2026-05-09T00:00:56.844771Z,2026-05-09T23:55:00Z,0,85108478781294302990761350329371674387253291238715163303607984951934032968863,"up-or-down,crypto-prices,hide-from-new,recurring,crypto,bitcoin,5M",Crypto,0.505
2190171,"Ethereum Up or Down - May 9, 12:15PM-12:30PM ET",eth-updown-15m-1778343300,Crypto,15932.437605999998,2026-05-08T16:23:06.29489Z,2026-05-09T16:30:00Z,0,13085536940603624274908650025424890173337336126470942323873761964451409518320,"up-or-down,crypto-prices,hide-from-new,recurring,crypto,ethereum,15M",Crypto,0.5
2192009,"Bitcoin Up or Down - May 10, 2PM ET",bitcoin-up-or-down-may-10-2026-2pm-et,Crypto,60622.39086400002,2026-05-08T18:23:45.814748Z,2026-05-10T19:00:00Z,0,31378072490362555983508008010242659362007099742843734983149030364093373689459,"crypto,crypto-prices,recurring,hide-from-new,bitcoin,1H,up-or-down",Crypto,0.505
2148952,Will the price of XRP be between $1.10 and $1.20 on May 10?,will-the-price-of-xrp-be-between-1pt10-1pt20-on-may-10,Crypto,23633.11699999999,2026-05-03T16:14:27.014578Z,2026-05-10T16:00:00Z,0,65508453573871117424068744992799738821108360656616118294019332136183543013138,"xrp,ripple,weekly,neg-risk,crypto,crypto-prices,recurring,hide-from-new",Crypto,0.003
2204158,"Bitcoin Up or Down - May 9, 9:20PM-9:25PM ET",btc-updown-5m-1778376000,Crypto,91402.2636209998,2026-05-09T01:28:54.642898Z,2026-05-10T01:25:00Z,0,76428367699204125890393990980181292648507909993463568295098557088674088347900,"up-or-down,crypto-prices,hide-from-new,recurring,crypto,bitcoin,5M",Crypto,0.505
2189905,"Bitcoin Up or Down - May 9, 11:50AM-11:55AM ET",btc-updown-5m-1778341800,Crypto,73633.3651489998,2026-05-08T15:57:42.508536Z,2026-05-09T15:55:00Z,0,51012686059484305629023444856235844658452177710412803066677391770525713107327,"up-or-down,crypto-prices,hide-from-new,recurring,crypto,bitcoin,5M",Crypto,0.505
2218540,"Bitcoin Up or Down - May 10, 7:00PM-7:05PM ET",btc-updown-5m-1778454000,Crypto,90878.76457299983,2026-05-09T23:11:16.525395Z,2026-05-10T23:05:00Z,1,103573875459652134317442993366357247906778597124449230482854811599464978504641,"up-or-down,crypto-prices,hide-from-new,recurring,crypto,bitcoin,5M",Crypto,0.505
2217422,"Bitcoin Up or Down - May 10, 5:00PM-5:15PM ET",btc-updown-15m-1778446800,Crypto,54795.166007999964,2026-05-09T21:09:45.704642Z,2026-05-10T21:15:00Z,0,74705233071104784603307151562471916604399486054579552233379862454950213874937,"up-or-down,crypto-prices,hide-from-new,recurring,crypto,bitcoin,15M",Crypto,0.5
2205888,"Bitcoin Up or Down - May 9, 11:55PM-12:00AM ET",btc-updown-5m-1778385300,Crypto,60343.322675000076,2026-05-09T04:02:50.068319Z,2026-05-10T04:00:00Z,0,103808223223220687781575376295471406569962025026180242811271684010402121333527,"up-or-down,crypto-prices,recurring,crypto,bitcoin,5M,hide-from-new",Crypto,0.505
2140913,"Will the price of Ethereum be above $2,300 on May 9?",ethereum-above-2300-on-may-9,Crypto,47061.934313,2026-05-02T16:03:57.987087Z,2026-05-09T16:00:00Z,1,77790071406472175241108377860611229509980524802526422254926837581680804031111,"ethereum,weekly,multi-strikes,crypto,crypto-prices,recurring,hide-from-new",Crypto,0.62
2217584,"Ethereum Up or Down - May 10, 5:30PM-5:45PM ET",eth-updown-15m-1778448600,Crypto,13295.873749999997,2026-05-09T21:40:53.899158Z,2026-05-10T21:45:00Z,1,60280841887228724130037192581067983191740683388282123660324516935956980318377,"recurring,crypto,ethereum,15M,up-or-down,crypto-prices,hide-from-new",Crypto,0.505
2217511,"Bitcoin Up or Down - May 10, 5:10PM-5:15PM ET",btc-updown-5m-1778447400,Crypto,69448.14419099997,2026-05-09T21:21:25.764254Z,2026-05-10T21:15:00Z,0,33402666708949663213110873552766460201463921921493326156860978758234604753412,"up-or-down,crypto-prices,hide-from-new,recurring,crypto,bitcoin,5M",Crypto,0.505
2204577,"Bitcoin Up or Down - May 9, 11:25PM-11:30PM ET",btc-updown-5m-1778383500,Crypto,28849.070598000006,2026-05-09T03:33:13.163916Z,2026-05-10T03:30:00Z,0,73628390664630005536618217888325603050052676393376415309891621773383180765708,"up-or-down,crypto-prices,hide-from-new,recurring,crypto,bitcoin,5M",Crypto,0.505
2217918,"Bitcoin Up or Down - May 10, 6:00PM-6:15PM ET",btc-updown-15m-1778450400,Crypto,65398.40060899996,2026-05-09T22:16:24.412873Z,2026-05-10T22:15:00Z,1,44976499972229930358197870766061404383729767641901912145274376534516185171647,"crypto-prices,hide-from-new,recurring,crypto,bitcoin,15M,up-or-down",Crypto,0.505
2206590,"Bitcoin Up or Down - May 10, 12:40AM-12:45AM ET",btc-updown-5m-1778388000,Crypto,32647.92604500002,2026-05-09T04:47:50.008169Z,2026-05-10T04:45:00Z,0,81086817101537620923429623948182119156035262163213987282768189986085521257223,"up-or-down,crypto-prices,hide-from-new,recurring,crypto,bitcoin,5M",Crypto,0.505
2217975,"Bitcoin Up or Down - May 10, 6:20PM-6:25PM ET",btc-updown-5m-1778451600,Crypto,87607.24713499976,2026-05-09T22:29:02.062373Z,2026-05-10T22:25:00Z,0,12491255405356002729801294562248279440371415960087451152302644750563849086292,"up-or-down,crypto-prices,hide-from-new,recurring,crypto,bitcoin,5M",Crypto,0.505
2212128,"Ethereum Up or Down - May 10, 9:05AM-9:10AM ET",eth-updown-5m-1778418300,Crypto,11117.345110999999,2026-05-09T13:13:38.6686Z,2026-05-10T13:10:00Z,1,58838564520050472372612830305774933994282705837726099427695020717216421795618,"up-or-down,crypto-prices,hide-from-new,recurring,crypto,ethereum,5M",Crypto,0.505
2188890,"Bitcoin Up or Down - May 9, 7:40AM-7:45AM ET",btc-updown-5m-1778326800,Crypto,51533.16042200001,2026-05-08T11:47:43.25038Z,2026-05-09T11:45:00Z,1,9216075367255956968404085382774351017982687290708030341840710497217515587159,"up-or-down,crypto-prices,hide-from-new,recurring,crypto,bitcoin,5M",Crypto,0.505
2189592,"Ethereum Up or Down - May 9, 10:35AM-10:40AM ET",eth-updown-5m-1778337300,Crypto,11008.715704000027,2026-05-08T14:42:49.959842Z,2026-05-09T14:40:00Z,0,40946530852090290294448417110580666221464764686006389645570362391473138510359,"up-or-down,crypto-prices,hide-from-new,recurring,crypto,ethereum,5M",Crypto,0.505
2189463,"Bitcoin Up or Down - May 9, 10:00AM-10:05AM ET",btc-updown-5m-1778335200,Crypto,50321.014013999906,2026-05-08T14:07:55.52042Z,2026-05-09T14:05:00Z,0,75614709499950824567757246523929861003270705838252246136897762428972913428457,"up-or-down,crypto-prices,hide-from-new,recurring,crypto,bitcoin,5M",Crypto,0.505
2204433,"Bitcoin Up or Down - May 9, 10:55PM-11:00PM ET",btc-updown-5m-1778381700,Crypto,87671.73079500004,2026-05-09T03:03:54.10105Z,2026-05-10T03:00:00Z,1,4231641652338169614043190512027569426138150767486732469442484095973719859442,"up-or-down,crypto-prices,hide-from-new,recurring,crypto,bitcoin,5M",Crypto,0.505
2203312,"Bitcoin Up or Down - May 9, 6:00PM-6:05PM ET",btc-updown-5m-1778364000,Crypto,70713.66244899997,2026-05-08T22:09:09.470361Z,2026-05-09T22:05:00Z,0,7981146001262385947550135269524270213576789621042279666611667174478128824081,"up-or-down,crypto-prices,hide-from-new,recurring,crypto,bitcoin,5M",Crypto,0.505
2217928,"Ethereum Up or Down - May 10, 6:00PM-6:05PM ET",eth-updown-5m-1778450400,Crypto,10740.432507999989,2026-05-09T22:11:04.140067Z,2026-05-10T22:05:00Z,1,42434486580309393334256887954431496589230390428501162469921332232713119113257,"crypto-prices,hide-from-new,recurring,crypto,ethereum,5M,up-or-down",Crypto,0.505
2219143,"Bitcoin Up or Down - May 10, 10:15PM-10:30PM ET",btc-updown-15m-1778465700,Crypto,36567.53319699999,2026-05-10T02:22:44.328452Z,2026-05-11T02:30:00Z,0,37427202632196474686995886864413391695255999293074982803399904177167173503543,"crypto,up-or-down,crypto-prices,hide-from-new,recurring,bitcoin,15M",Crypto,0.505
2208337,"Bitcoin Up or Down - May 10, 4:30AM-4:35AM ET",btc-updown-5m-1778401800,Crypto,70891.25417199987,2026-05-09T08:39:47.968589Z,2026-05-10T08:35:00Z,0,101790404532281527141054284962437619987878648153578278328253850647447005492783,"up-or-down,crypto-prices,hide-from-new,recurring,crypto,bitcoin,5M",Crypto,0.505
2218819,"Ethereum Up or Down - May 10, 8:30PM-8:45PM ET",eth-updown-15m-1778459400,Crypto,11285.431487000002,2026-05-10T00:37:41.638814Z,2026-05-11T00:45:00Z,0,24081375716044750320845226640543782743341188450438217637205623872185332846585,"crypto,ethereum,15M,hide-from-new,recurring,up-or-down,crypto-prices",Crypto,0.505
2218862,"Ethereum Up or Down - May 10, 8:40PM-8:45PM ET",eth-updown-5m-1778460000,Crypto,10813.973287999997,2026-05-10T00:47:49.067184Z,2026-05-11T00:45:00Z,0,40158819286154619218427650738737984457406040116462418518237890217943983558087,"crypto-prices,hide-from-new,recurring,ethereum,5M,crypto,up-or-down",Crypto,0.505
2212502,"Ethereum Up or Down - May 10, 9:25AM-9:30AM ET",eth-updown-5m-1778419500,Crypto,14632.158789000006,2026-05-09T13:33:53.496217Z,2026-05-10T13:30:00Z,0,90105188275748114478664955596354209392271492895716819575056080114373754612135,"up-or-down,crypto-prices,hide-from-new,recurring,crypto,ethereum,5M",Crypto,0.505
2216610,"Bitcoin Up or Down - May 10, 2:50PM-2:55PM ET",btc-updown-5m-1778439000,Crypto,61358.05161099997,2026-05-09T18:59:30.745825Z,2026-05-10T18:55:00Z,0,80614493690831217227007815751933308981024880165597813173531316514261215909030,"up-or-down,crypto-prices,hide-from-new,recurring,crypto,bitcoin,5M",Crypto,0.505
2140941,"Will the price of Ethereum be between $2,100 and $2,200 on May 9?",will-the-price-of-ethereum-be-between-2100-2200-on-may-9,Crypto,157333.09073599995,2026-05-02T16:12:09.13147Z,2026-05-09T16:00:00Z,0,70696642367838246830496705966195475580644447327068371814616376267247246892270,"ethereum,weekly,neg-risk,crypto,crypto-prices,recurring,hide-from-new",Crypto,0.0085
2204438,"Bitcoin Up or Down - May 9, 11:00PM-11:15PM ET",btc-updown-15m-1778382000,Crypto,33149.15663199999,2026-05-09T03:08:05.684367Z,2026-05-10T03:15:00Z,1,53192423731009732310628349492350295311679039863057428712359093131519734583708,"up-or-down,crypto-prices,hide-from-new,recurring,crypto,bitcoin,15M",Crypto,0.505
2198662,"Bitcoin Up or Down - May 9, 3:35PM-3:40PM ET",btc-updown-5m-1778355300,Crypto,45447.972138999896,2026-05-08T19:45:53.852795Z,2026-05-09T19:40:00Z,0,98862532008295048390161854923849840204024045674118026205857934216267975872049,"up-or-down,crypto-prices,hide-from-new,recurring,crypto,bitcoin,5M",Crypto,0.505
2206578,"Bitcoin Up or Down - May 10, 12:35AM-12:40AM ET",btc-updown-5m-1778387700,Crypto,40033.553188000005,2026-05-09T04:43:16.081739Z,2026-05-10T04:40:00Z,1,7801061463714684246946830717882940696384913253717771995396736860408770105151,"up-or-down,crypto-prices,hide-from-new,recurring,crypto,bitcoin,5M",Crypto,0.505
2216446,"Bitcoin Up or Down - May 10, 2:00PM-2:15PM ET",btc-updown-15m-1778436000,Crypto,39475.005537999845,2026-05-09T18:13:58.871352Z,2026-05-10T18:15:00Z,0,95917221207404921610863421867951464998283092185616847592989990020098639226157,"up-or-down,crypto-prices,hide-from-new,recurring,crypto,bitcoin,15M",Crypto,0.505
2204051,"Bitcoin Up or Down - May 9, 8:40PM-8:45PM ET",btc-updown-5m-1778373600,Crypto,203204.42055599994,2026-05-09T00:49:04.416526Z,2026-05-10T00:45:00Z,1,31201299593465625558595641724382000589291525404701813004034414049028568685703,"up-or-down,crypto-prices,hide-from-new,recurring,crypto,bitcoin,5M",Crypto,0.505
2189897,"Bitcoin Up or Down - May 9, 11:45AM-12:00PM ET",btc-updown-15m-1778341500,Crypto,36392.57402400004,2026-05-08T15:52:47.450895Z,2026-05-09T16:00:00Z,1,33774375520515473193373649699050609378433453603822202617930620517715002381960,"up-or-down,crypto-prices,hide-from-new,recurring,crypto,bitcoin,15M",Crypto,0.5
2203699,"Bitcoin Up or Down - May 9, 8:05PM-8:10PM ET",btc-updown-5m-1778371500,Crypto,83493.62085500007,2026-05-09T00:15:09.333149Z,2026-05-10T00:10:00Z,1,79704972806378317496744738572859801778006680093309419648466226989755639786584,"up-or-down,crypto-prices,hide-from-new,recurring,crypto,bitcoin,5M",Crypto,0.505
2216490,"Bitcoin Up or Down - May 10, 2:15PM-2:20PM ET",btc-updown-5m-1778436900,Crypto,48679.209840999916,2026-05-09T18:26:54.306197Z,2026-05-10T18:20:00Z,0,98373965956357721804324374150901594902839218002724514980743198480810259504209,"5M,up-or-down,crypto-prices,hide-from-new,recurring,crypto,bitcoin",Crypto,0.505
2203368,"Bitcoin Up or Down - May 9, 6:25PM-6:30PM ET",btc-updown-5m-1778365500,Crypto,93140.80975600012,2026-05-08T22:33:45.146954Z,2026-05-09T22:30:00Z,0,97597494420760135466028398699321407986460316718605831808608779802269752515223,"up-or-down,crypto-prices,hide-from-new,recurring,crypto,bitcoin,5M",Crypto,0.505
2183017,"Bitcoin Up or Down - May 9, 1PM ET",bitcoin-up-or-down-may-9-2026-1pm-et,Crypto,47649.41681200002,2026-05-07T17:02:29.436081Z,2026-05-09T18:00:00Z,1,109115526597045212899061492803404702646717803818438671309643366917847474156605,"crypto,crypto-prices,recurring,hide-from-new,bitcoin,1H,up-or-down",Crypto,0.505
2203435,"Bitcoin Up or Down - May 9, 6:45PM-7:00PM ET",btc-updown-15m-1778366700,Crypto,17209.202031000004,2026-05-08T22:54:27.672176Z,2026-05-09T23:00:00Z,0,25319010974343628362958527143469742248580726177859414131200563504024405798517,"up-or-down,crypto-prices,hide-from-new,recurring,crypto,bitcoin,15M",Crypto,0.5
2188532,"Ethereum Up or Down - May 10, 6AM ET",ethereum-up-or-down-may-10-2026-6am-et,Crypto,12191.466375,2026-05-08T10:02:15.675171Z,2026-05-10T11:00:00Z,0,108958994020402412346551923467018152639183958208821733138776849615462619414873,"crypto,crypto-prices,recurring,hide-from-new,ethereum,1H,up-or-down",Crypto,0.5
2210747,"Bitcoin Up or Down - May 10, 8:00AM-12:00PM ET",btc-updown-4h-1778414400,Crypto,24418.235735000002,2026-05-09T12:09:14.932583Z,2026-05-10T16:00:00Z,1,62810463329556571537355969180601645685831696752022478562689037904095836633872,"up-or-down,crypto-prices,hide-from-new,recurring,crypto,bitcoin,4h",Crypto,0.52
2208299,"Bitcoin Up or Down - May 10, 4:10AM-4:15AM ET",btc-updown-5m-1778400600,Crypto,46920.99129099997,2026-05-09T08:20:22.278193Z,2026-05-10T08:15:00Z,0,20901396109871456525873531186567154061068752200734755636343158722524104353450,"up-or-down,crypto-prices,hide-from-new,recurring,crypto,bitcoin,5M",Crypto,0.505
2212126,"Bitcoin Up or Down - May 10, 9:05AM-9:10AM ET",btc-updown-5m-1778418300,Crypto,60081.27556000007,2026-05-09T13:16:11.914672Z,2026-05-10T13:10:00Z,1,62515180361367031902922481526028006006269340337222189850235984737442580915699,"up-or-down,crypto-prices,hide-from-new,recurring,crypto,bitcoin,5M",Crypto,0.505
2190383,"Bitcoin Up or Down - May 9, 12:40PM-12:45PM ET",btc-updown-5m-1778344800,Crypto,116415.81186999977,2026-05-08T16:47:53.87098Z,2026-05-09T16:45:00Z,1,17488392788005636875773025123801641501007600387732072932170219702769086287250,"up-or-down,crypto-prices,hide-from-new,recurring,crypto,bitcoin,5M",Crypto,0.505
2219104,"Bitcoin Up or Down - May 10, 10:00PM-10:15PM ET",btc-updown-15m-1778464800,Crypto,38643.75084000001,2026-05-10T02:07:41.189005Z,2026-05-11T02:15:00Z,0,115521948072884264920834282330707778188744664703974917039202395119769130665401,"15M,up-or-down,crypto-prices,hide-from-new,recurring,crypto,bitcoin",Crypto,0.505
2219269,"Bitcoin Up or Down - May 10, 10:45PM-11:00PM ET",btc-updown-15m-1778467500,Crypto,42607.74173100003,2026-05-10T02:53:10.553735Z,2026-05-11T03:00:00Z,0,95890535612434075276599445921051889663263967046571002581830164876281023914680,"up-or-down,crypto-prices,hide-from-new,recurring,crypto,bitcoin,15M",Crypto,0.505
2209443,"Bitcoin Up or Down - May 10, 5:40AM-5:45AM ET",btc-updown-5m-1778406000,Crypto,77464.62352999998,2026-05-09T09:49:30.98354Z,2026-05-10T09:45:00Z,0,92807700043870361329892827752680032473268687528138637654403625162309059481781,"up-or-down,5M,hide-from-new,recurring,crypto-prices,crypto,bitcoin",Crypto,0.505
2148695,"Will the price of Bitcoin be between $82,000 and $84,000 on May 10?",will-the-price-of-bitcoin-be-between-82000-84000-on-may-10,Crypto,32907.190068,2026-05-03T16:07:48.244088Z,2026-05-10T16:00:00Z,0,57244347755330066262778309098316724853276779522999340631585067148308650441080,"bitcoin,weekly,neg-risk,crypto,crypto-prices,recurring,hide-from-new",Crypto,0.029
2207951,"Bitcoin Up or Down - May 10, 3:25AM-3:30AM ET",btc-updown-5m-1778397900,Crypto,41051.03252999987,2026-05-09T07:38:12.136411Z,2026-05-10T07:30:00Z,1,67993867737711588931832679807975686901735246235381171304368560078982460612497,"up-or-down,crypto-prices,hide-from-new,recurring,crypto,bitcoin,5M",Crypto,0.505
2189158,"Bitcoin Up or Down - May 9, 8:45AM-9:00AM ET",btc-updown-15m-1778330700,Crypto,19472.377107999993,2026-05-08T12:52:42.173284Z,2026-05-09T13:00:00Z,1,51058625310122375826938755563399805417980592292734155065379863824879509355561,"up-or-down,crypto-prices,hide-from-new,recurring,crypto,bitcoin,15M",Crypto,0.495
2200062,"Bitcoin Up or Down - May 9, 4:30PM-4:35PM ET",btc-updown-5m-1778358600,Crypto,59179.530262999964,2026-05-08T20:41:04.645472Z,2026-05-09T20:35:00Z,0,41718596326343189984938827268910366081254015211475693781110675837694269631737,"up-or-down,crypto-prices,hide-from-new,recurring,crypto,bitcoin,5M",Crypto,0.505
2209691,"Bitcoin Up or Down - May 10, 6:25AM-6:30AM ET",btc-updown-5m-1778408700,Crypto,60063.932223999844,2026-05-09T10:34:05.239063Z,2026-05-10T10:30:00Z,1,74483041558500112299270780917059951144866934772487999708002750555913995862917,"up-or-down,crypto-prices,hide-from-new,recurring,crypto,bitcoin,5M",Crypto,0.505
2216044,"Bitcoin Up or Down - May 10, 12:25PM-12:30PM ET",btc-updown-5m-1778430300,Crypto,67573.25921699996,2026-05-09T16:34:51.353606Z,2026-05-10T16:30:00Z,0,104919118181320126990788738834710951298158129254873033583688405611896093044278,"up-or-down,crypto-prices,hide-from-new,recurring,crypto,bitcoin,5M",Crypto,0.505
2189507,"Bitcoin Up or Down - May 9, 10:15AM-10:30AM ET",btc-updown-15m-1778336100,Crypto,35598.330762000005,2026-05-08T14:22:55.910333Z,2026-05-09T14:30:00Z,0,92764624588343718132205754113993580725384215446509177473194996225098065475797,"up-or-down,crypto-prices,hide-from-new,recurring,crypto,bitcoin,15M",Crypto,0.505
2189549,"Ethereum Up or Down - May 9, 10:25AM-10:30AM ET",eth-updown-5m-1778336700,Crypto,13216.489109000007,2026-05-08T14:32:50.276285Z,2026-05-09T14:30:00Z,0,14695347320641764721068924798922312318228463227947361657575015346305681339908,"up-or-down,crypto-prices,hide-from-new,recurring,crypto,ethereum,5M",Crypto,0.505
2203623,"Bitcoin Up or Down - May 9, 7:40PM-7:45PM ET",btc-updown-5m-1778370000,Crypto,65344.69368799999,2026-05-08T23:52:17.764311Z,2026-05-09T23:45:00Z,1,28028568436890576123984499838912545144607605070912308394628917172544760436862,"up-or-down,crypto-prices,hide-from-new,recurring,crypto,bitcoin,5M",Crypto,0.505
2212547,"Bitcoin Up or Down - May 10, 9:35AM-9:40AM ET",btc-updown-5m-1778420100,Crypto,71310.91477599992,2026-05-09T13:44:57.020498Z,2026-05-10T13:40:00Z,0,49423898294150629925758196486761731416263092961544257020098235300347194675622,"up-or-down,crypto-prices,hide-from-new,recurring,crypto,bitcoin,5M",Crypto,0.505
2204629,"Bitcoin Up or Down - May 9, 11:40PM-11:45PM ET",btc-updown-5m-1778384400,Crypto,49145.61516199997,2026-05-09T03:47:50.483667Z,2026-05-10T03:45:00Z,0,37273753868235632838585268027308360961938596185351725059230090573139349749433,"up-or-down,crypto-prices,hide-from-new,recurring,crypto,bitcoin,5M",Crypto,0.505
2219226,"Bitcoin Up or Down - May 10, 10:30PM-10:35PM ET",btc-updown-5m-1778466600,Crypto,81611.18747499981,2026-05-10T02:37:59.348124Z,2026-05-11T02:35:00Z,0,86285202445913135188451782748147542448027482356573000714055135353720835311639,"up-or-down,crypto-prices,hide-from-new,recurring,crypto,bitcoin,5M",Crypto,0.505
2148689,"Will the price of Bitcoin be between $76,000 and $78,000 on May 10?",will-the-price-of-bitcoin-be-between-76000-78000-on-may-10,Crypto,303443.47922599997,2026-05-03T16:07:41.725614Z,2026-05-10T16:00:00Z,0,90000995059371699638007137880661521699780272683750893973857647905347889978717,"bitcoin,weekly,neg-risk,crypto,crypto-prices,recurring,hide-from-new",Crypto,0.0125
2219064,"Bitcoin Up or Down - May 10, 9:45PM-9:50PM ET",btc-updown-5m-1778463900,Crypto,77779.61590099997,2026-05-10T01:52:48.23512Z,2026-05-11T01:50:00Z,1,17016179334186187764601292761327054050396447443017779956202742157180753053338,"bitcoin,5M,up-or-down,hide-from-new,recurring,crypto-prices,crypto",Crypto,0.505
2210208,"Ethereum Up or Down - May 10, 7:45AM-8:00AM ET",eth-updown-15m-1778413500,Crypto,10157.989415999997,2026-05-09T11:55:54.098452Z,2026-05-10T12:00:00Z,1,75854982081455844713775913971249414906671582805886386153961121882367643457690,"up-or-down,crypto-prices,hide-from-new,recurring,crypto,ethereum,15M",Crypto,0.505
2216056,"Ethereum Up or Down - May 10, 12:30PM-12:35PM ET",eth-updown-5m-1778430600,Crypto,10060.606017,2026-05-09T16:40:16.211216Z,2026-05-10T16:35:00Z,1,81564403349452390247832213898036613777170939529095810895263227096860022789782,"up-or-down,crypto-prices,hide-from-new,recurring,crypto,ethereum,5M",Crypto,0.505
2203635,"Bitcoin Up or Down - May 9, 7:45PM-7:50PM ET",btc-updown-5m-1778370300,Crypto,73763.84165000019,2026-05-08T23:56:04.903581Z,2026-05-09T23:50:00Z,1,60373148076210191983126215491392536770805621438916477125703277561227283654060,"crypto,bitcoin,5M,up-or-down,crypto-prices,hide-from-new,recurring",Crypto,0.505
2140918,"Will the price of Ethereum be above $2,500 on May 9?",ethereum-above-2500-on-may-9,Crypto,46445.01972900001,2026-05-02T16:05:39.386046Z,2026-05-09T16:00:00Z,0,24877956154070781663820497274661073916930749116296890771544900601503521907032,"ethereum,weekly,multi-strikes,crypto,crypto-prices,recurring,hide-from-new",Crypto,0.0025
2188900,"Solana Up or Down - May 9, 7:45AM-8:00AM ET",sol-updown-15m-1778327100,Crypto,17063.243979,2026-05-08T11:56:26.795995Z,2026-05-09T12:00:00Z,1,6680380335311692110734196660329289906344641447593012797339839574420654571798,"up-or-down,crypto-prices,hide-from-new,recurring,crypto,solana,15M",Crypto,0.5
2204724,"Bitcoin Up or Down - May 9, 11:45PM-11:50PM ET",btc-updown-5m-1778384700,Crypto,48725.760507999956,2026-05-09T03:53:52.653781Z,2026-05-10T03:50:00Z,1,42730531533681471307855888345321171843615138915054065338619544175732293116574,"up-or-down,crypto-prices,hide-from-new,recurring,crypto,bitcoin,5M",Crypto,0.505
2188914,"Bitcoin Up or Down - May 10, 8AM ET",bitcoin-up-or-down-may-10-2026-8am-et,Crypto,34175.38122700003,2026-05-08T12:02:24.298171Z,2026-05-10T13:00:00Z,1,42651542029404356702162671562525034859120674247801151557751849976897712084879,"crypto,crypto-prices,recurring,hide-from-new,bitcoin,1H,up-or-down",Crypto,0.5
2189150,"Bitcoin Up or Down - May 9, 8:40AM-8:45AM ET",btc-updown-5m-1778330400,Crypto,43293.04296000006,2026-05-08T12:47:58.836798Z,2026-05-09T12:45:00Z,1,74266623997511670374537620399899868524165006181883529102812059667251208027911,"up-or-down,crypto-prices,hide-from-new,recurring,crypto,bitcoin,5M",Crypto,0.505
2204899,"Will Bitcoin reach $81,000 on May 9?",will-bitcoin-reach-81k-on-may-9,Crypto,22361.146827,2026-05-09T07:09:19.959237Z,2026-05-10T04:00:00Z,1,114629818402028757897759323201737239251285914608173603384590823650765584507217,"bitcoin,hit-price,crypto,crypto-prices,recurring,hide-from-new,daily,today",Crypto,0.275
2216224,"Bitcoin Up or Down - May 10, 1:00PM-1:15PM ET",btc-updown-15m-1778432400,Crypto,83106.842092,2026-05-09T17:12:33.040476Z,2026-05-10T17:15:00Z,0,92805927819654503150192282887921833541299229849349974166581641282355006366322,"up-or-down,crypto-prices,hide-from-new,recurring,crypto,bitcoin,15M",Crypto,0.505
2148759,"Will the price of Bitcoin be above $68,000 on May 10?",bitcoin-above-68k-on-may-10,Crypto,64235.40264600001,2026-05-03T16:05:03.599595Z,2026-05-10T16:00:00Z,1,3032201849802998320012855257214524819197622714529260407101010292059828323841,"bitcoin,weekly,multi-strikes,crypto,crypto-prices,recurring,hide-from-new",Crypto,0.9995
2217940,"Bitcoin Up or Down - May 10, 6:05PM-6:10PM ET",btc-updown-5m-1778450700,Crypto,102166.76378199988,2026-05-09T22:16:08.484635Z,2026-05-10T22:10:00Z,1,50006563032407613151652155874000922416560029963749606461381051960951235656791,"up-or-down,crypto-prices,hide-from-new,recurring,crypto,bitcoin,5M",Crypto,0.505
2206709,"Bitcoin Up or Down - May 10, 1:25AM-1:30AM ET",btc-updown-5m-1778390700,Crypto,43118.994786999974,2026-05-09T05:43:21.503172Z,2026-05-10T05:30:00Z,0,62740934377294125543560881992292005681321537633472911008214768814896847322233,"up-or-down,crypto-prices,hide-from-new,recurring,crypto,bitcoin,5M",Crypto,0.505
2187995,"Bitcoin Up or Down - May 10, 3AM ET",bitcoin-up-or-down-may-10-2026-3am-et,Crypto,45108.16681799999,2026-05-08T07:02:10.822727Z,2026-05-10T08:00:00Z,1,2559792558854934361904166619398793996287907597405282622025144796808703198370,"crypto,crypto-prices,recurring,hide-from-new,bitcoin,1H,up-or-down",Crypto,0.5
2189552,"Bitcoin Up or Down - May 9, 10:30AM-10:45AM ET",btc-updown-15m-1778337000,Crypto,53569.89854999997,2026-05-08T14:38:14.183579Z,2026-05-09T14:45:00Z,1,74368201554136759738758901190699468965645502545381835024510987640558537433712,"up-or-down,crypto-prices,hide-from-new,recurring,crypto,bitcoin,15M",Crypto,0.505
2214632,"Bitcoin Up or Down - May 10, 11:30AM-11:35AM ET",btc-updown-5m-1778427000,Crypto,93421.67664600004,2026-05-09T15:38:37.438001Z,2026-05-10T15:35:00Z,1,63939275493598298836731221452491744778677619486564553712121636512073322181634,"up-or-down,crypto-prices,hide-from-new,recurring,crypto,bitcoin,5M",Crypto,0.505
2216435,"Bitcoin Up or Down - May 10, 1:55PM-2:00PM ET",btc-updown-5m-1778435700,Crypto,57148.0014500001,2026-05-09T18:05:05.16784Z,2026-05-10T18:00:00Z,0,71662451155267865433059000538014666080804863784236786215953087325133651461905,"crypto-prices,hide-from-new,recurring,crypto,up-or-down,bitcoin,5M",Crypto,0.505
2191421,"Bitcoin Up or Down - May 9, 1:30PM-1:35PM ET",btc-updown-5m-1778347800,Crypto,73959.06033899993,2026-05-08T17:37:54.813455Z,2026-05-09T17:35:00Z,1,68265181013699333565243631265729016065974361604802564848470574934267310722776,"up-or-down,crypto-prices,hide-from-new,recurring,crypto,bitcoin,5M",Crypto,0.505
2208329,"Ethereum Up or Down - May 10, 4:25AM-4:30AM ET",eth-updown-5m-1778401500,Crypto,11636.124551999996,2026-05-09T08:35:07.279511Z,2026-05-10T08:30:00Z,1,45875490083671297426505072459228996967917772819974097370435349114902821963218,"up-or-down,recurring,ethereum,5M,crypto-prices,hide-from-new,crypto",Crypto,0.505
2206769,"Bitcoin Up or Down - May 10, 1:45AM-1:50AM ET",btc-updown-5m-1778391900,Crypto,62449.333051000016,2026-05-09T06:00:20.578859Z,2026-05-10T05:50:00Z,1,91154626792001608449664609472221334446165884102557061198462854462778556542166,"up-or-down,crypto-prices,hide-from-new,recurring,crypto,bitcoin,5M",Crypto,0.505
2216908,"Bitcoin Up or Down - May 10, 3:25PM-3:30PM ET",btc-updown-5m-1778441100,Crypto,59557.21553199988,2026-05-09T19:33:15.565205Z,2026-05-10T19:30:00Z,1,98304099156309548901991491528615668910222016584393950355096257283957427066265,"up-or-down,crypto-prices,hide-from-new,recurring,crypto,bitcoin,5M",Crypto,0.505
2218543,"Ethereum Up or Down - May 10, 7:00PM-7:05PM ET",eth-updown-5m-1778454000,Crypto,13440.789206999998,2026-05-09T23:08:35.266089Z,2026-05-10T23:05:00Z,1,100741440710821003146863680429625966206607307173212067627816800503465480102048,"up-or-down,crypto-prices,hide-from-new,recurring,crypto,ethereum,5M",Crypto,0.5
2200092,"Bitcoin Up or Down - May 9, 4:35PM-4:40PM ET",btc-updown-5m-1778358900,Crypto,40663.80224200008,2026-05-08T20:45:20.712836Z,2026-05-09T20:40:00Z,1,46208894932719803806312728891730667237852460395754655327451778393277711156726,"up-or-down,crypto-prices,hide-from-new,recurring,crypto,bitcoin,5M",Crypto,0.505
2204323,"Bitcoin Up or Down - May 9, 10:15PM-10:30PM ET",btc-updown-15m-1778379300,Crypto,22653.543103999986,2026-05-09T02:23:01.781485Z,2026-05-10T02:30:00Z,1,10540412038798825543929470972208421360326391471443075631318050230153458446716,"up-or-down,crypto-prices,hide-from-new,recurring,crypto,bitcoin,15M",Crypto,0.505
2214711,"Ethereum Up or Down - May 10, 11:50AM-11:55AM ET",eth-updown-5m-1778428200,Crypto,10184.809475000005,2026-05-09T15:58:44.032201Z,2026-05-10T15:55:00Z,0,34928390831808804003350905749033768359692933233251218794045728045019203677477,"up-or-down,crypto-prices,ethereum,5M,hide-from-new,recurring,crypto",Crypto,0.505
2218609,"Bitcoin Up or Down - May 10, 7:15PM-7:20PM ET",btc-updown-5m-1778454900,Crypto,102907.03274799949,2026-05-09T23:24:01.44228Z,2026-05-10T23:20:00Z,0,103016693839392813361339542790943434016653605862223728829262086787894799193745,"up-or-down,crypto-prices,hide-from-new,recurring,crypto,bitcoin,5M",Crypto,0.505
2189329,"Bitcoin Up or Down - May 9, 9:20AM-9:25AM ET",btc-updown-5m-1778332800,Crypto,44765.044983999964,2026-05-08T13:27:44.698159Z,2026-05-09T13:25:00Z,0,96677935175160866367849103238156340637794951087979482861699849094385790222800,"crypto,bitcoin,5M,up-or-down,crypto-prices,hide-from-new,recurring",Crypto,0.505
2216379,"Bitcoin Up or Down - May 10, 1:50PM-1:55PM ET",btc-updown-5m-1778435400,Crypto,70148.63136699997,2026-05-09T18:00:36.030554Z,2026-05-10T17:55:00Z,1,21568253399193688783527993652165152935515233719520350605790341797101644489868,"up-or-down,crypto-prices,hide-from-new,crypto,bitcoin,recurring,5M",Crypto,0.505
2148835,Will the price of Solana be between $70 and $80 on May 10?,will-the-price-of-solana-be-between-70-80-on-may-10,Crypto,12723.595171999998,2026-05-03T16:11:35.930822Z,2026-05-10T16:00:00Z,0,76747537728991018463914748654677903806206538620549544277414408028196874954648,"solana,weekly,neg-risk,crypto,crypto-prices,recurring,hide-from-new",Crypto,0.004
2199697,"Bitcoin Up or Down - May 9, 4:00PM-4:15PM ET",btc-updown-15m-1778356800,Crypto,24108.25098899998,2026-05-08T20:10:52.229561Z,2026-05-09T20:15:00Z,0,58804100441419771025345160383991196696627905764805204717104540195933227950268,"up-or-down,crypto-prices,hide-from-new,recurring,crypto,bitcoin,15M",Crypto,0.505
2204263,"Bitcoin Up or Down - May 9, 10:00PM-10:15PM ET",btc-updown-15m-1778378400,Crypto,24066.69318500003,2026-05-09T02:08:10.867469Z,2026-05-10T02:15:00Z,0,88793037980346737728345461691401777732246732202385326109303670930142829529335,"up-or-down,crypto-prices,hide-from-new,recurring,crypto,bitcoin,15M",Crypto,0.505
2189958,Ethereum Up or Down on May 10?,ethereum-up-or-down-on-may-10-2026,Crypto,74060.864354,2026-05-08T16:02:34.398975Z,2026-05-10T16:00:00Z,1,108922390781322889528838991197088927142793245317729690296512345583672659935665,"ethereum,up-or-down,today,daily,crypto,crypto-prices,recurring,hide-from-new,daily-close",Crypto,0.64
2217962,"Bitcoin Up or Down - May 10, 6:15PM-6:30PM ET",btc-updown-15m-1778451300,Crypto,46939.974837999966,2026-05-09T22:25:53.324294Z,2026-05-10T22:30:00Z,1,110390268451981361245524355496632907778883962128103368534055866601638781952492,"bitcoin,15M,up-or-down,crypto-prices,hide-from-new,recurring,crypto",Crypto,0.505
2141028,Will the price of Solana be between $60 and $70 on May 9?,will-the-price-of-solana-be-between-60-70-on-may-9,Crypto,29969.2,2026-05-02T16:06:10.134748Z,2026-05-09T16:00:00Z,0,7845204914683510941325827176119431824070130128248967325492326658846530094123,"solana,weekly,neg-risk,crypto,crypto-prices,recurring,hide-from-new",Crypto,0.002
2217433,"Bitcoin Up or Down - May 10, 5:00PM-5:05PM ET",btc-updown-5m-1778446800,Crypto,102428.46915099991,2026-05-09T21:09:59.72612Z,2026-05-10T21:05:00Z,1,54192275033660898431302192258345398327241291708829785749979703862994408834642,"up-or-down,crypto-prices,hide-from-new,recurring,crypto,bitcoin,5M",Crypto,0.505
2217334,"Bitcoin Up or Down - May 10, 4:45PM-4:50PM ET",btc-updown-5m-1778445900,Crypto,93280.41858,2026-05-09T20:55:01.0857Z,2026-05-10T20:50:00Z,0,107112338913238490110122610302247938654333179442697018306669648161813099105155,"up-or-down,crypto-prices,hide-from-new,recurring,crypto,bitcoin,5M",Crypto,0.505
2190500,"Bitcoin Up or Down - May 9, 12:55PM-1:00PM ET",btc-updown-5m-1778345700,Crypto,91535.33790499951,2026-05-08T17:02:56.84848Z,2026-05-09T17:00:00Z,0,16005291241734570473889781020584875828310324700890345239846850680055957484550,"up-or-down,crypto-prices,hide-from-new,recurring,crypto,bitcoin,5M",Crypto,0.505
2214472,"Bitcoin Up or Down - May 10, 11:00AM-11:15AM ET",btc-updown-15m-1778425200,Crypto,47040.99128400001,2026-05-09T15:08:32.545518Z,2026-05-10T15:15:00Z,1,36867157238409099886924733162634911124361444580631189593386131521608476326351,"up-or-down,crypto-prices,15M,hide-from-new,recurring,crypto,bitcoin",Crypto,0.495
2148696,"Will the price of Ethereum be above $2,400 on May 10?",ethereum-above-2400-on-may-10,Crypto,72639.72625099994,2026-05-03T16:05:00.56965Z,2026-05-10T16:00:00Z,0,33158338291092176353623918432506063255879433963637049198446394023960153504925,"ethereum,weekly,multi-strikes,crypto,crypto-prices,recurring,hide-from-new",Crypto,0.0225
2219303,"Bitcoin Up or Down - May 10, 11:00PM-11:05PM ET",btc-updown-5m-1778468400,Crypto,51393.66051499998,2026-05-10T03:07:57.769862Z,2026-05-11T03:05:00Z,0,10425690097161522870540394890242350918354967078171331300203661132965081577532,"recurring,up-or-down,crypto-prices,hide-from-new,crypto,bitcoin,5M",Crypto,0.505
2188838,"Bitcoin Up or Down - May 9, 7:30AM-7:35AM ET",btc-updown-5m-1778326200,Crypto,120297.01038099993,2026-05-08T11:38:00.537238Z,2026-05-09T11:35:00Z,1,40883079059896085858186761437466689631311640332731123632291792571383625654058,"up-or-down,crypto-prices,hide-from-new,recurring,crypto,bitcoin,5M",Crypto,0.505
2204012,"Bitcoin Up or Down - May 9, 8:30PM-8:45PM ET",btc-updown-15m-1778373000,Crypto,30852.92776600002,2026-05-09T00:39:43.664832Z,2026-05-10T00:45:00Z,1,12773224500440909040541883760541761874103928341484923004726617016352306465072,"recurring,bitcoin,up-or-down,crypto-prices,hide-from-new,crypto,15M",Crypto,0.505
2182324,Bitcoin Up or Down on May 9?,bitcoin-up-or-down-on-may-9-2026,Crypto,374171.8718149997,2026-05-07T16:04:04.126131Z,2026-05-09T16:00:00Z,1,78509226300222364249694992677479375784952595908907130007049167240055645353544,"crypto,crypto-prices,recurring,hide-from-new,bitcoin,up-or-down,today,daily,daily-close",Crypto,0.505
2209658,"Bitcoin Up or Down - May 10, 6:15AM-6:30AM ET",btc-updown-15m-1778408100,Crypto,52914.33280300003,2026-05-09T10:24:34.032355Z,2026-05-10T10:30:00Z,1,61548452037739539190403642093057115855778820656013290519613755860744808957900,"up-or-down,crypto-prices,hide-from-new,recurring,crypto,bitcoin,15M",Crypto,0.505
2204624,"Bitcoin Up or Down - May 9, 11:35PM-11:40PM ET",btc-updown-5m-1778384100,Crypto,75122.33785399992,2026-05-09T03:42:51.902853Z,2026-05-10T03:40:00Z,1,101686135599784926132987079080065640758371882832675195285462674353741685947605,"up-or-down,crypto-prices,hide-from-new,recurring,crypto,bitcoin,5M",Crypto,0.505
2217215,"Bitcoin Up or Down - May 10, 4:30PM-4:45PM ET",btc-updown-15m-1778445000,Crypto,50539.03288399997,2026-05-09T20:40:20.418956Z,2026-05-10T20:45:00Z,0,68370847484640433657879465026930313599014869445540880528566292032354658391363,"hide-from-new,recurring,crypto,15M,up-or-down,crypto-prices,bitcoin",Crypto,0.5
2214703,"Bitcoin Up or Down - May 10, 11:45AM-11:50AM ET",btc-updown-5m-1778427900,Crypto,88508.75233999992,2026-05-09T15:53:48.584065Z,2026-05-10T15:50:00Z,1,30481361328024423116679286241198079589081901139675112158311498100652132196917,"up-or-down,crypto-prices,hide-from-new,recurring,crypto,bitcoin,5M",Crypto,0.505
2197077,"Bitcoin Up or Down - May 9, 2:55PM-3:00PM ET",btc-updown-5m-1778352900,Crypto,49480.19200500007,2026-05-08T19:03:22.517158Z,2026-05-09T19:00:00Z,1,72554219308523011249183512605020373706752279634386843792672285219731846994809,"up-or-down,crypto-prices,hide-from-new,recurring,crypto,bitcoin,5M",Crypto,0.505
2217424,"Ethereum Up or Down - May 10, 5:00PM-5:05PM ET",eth-updown-5m-1778446800,Crypto,10190.534402000005,2026-05-09T21:09:50.265678Z,2026-05-10T21:05:00Z,1,61118524591182932142934764615807744914528048389710348688398833097927880595566,"up-or-down,crypto-prices,hide-from-new,recurring,crypto,ethereum,5M",Crypto,0.5
2216007,"Bitcoin Up or Down - May 10, 12:10PM-12:15PM ET",btc-updown-5m-1778429400,Crypto,113981.75556200034,2026-05-09T16:20:03.91475Z,2026-05-10T16:15:00Z,1,81365745377973136229141844405499288732508321525610356097354539671244213556352,"crypto-prices,recurring,crypto,up-or-down,hide-from-new,bitcoin,5M",Crypto,0.505
2203379,"Ethereum Up or Down - May 9, 6:30PM-6:35PM ET",eth-updown-5m-1778365800,Crypto,12138.977167000008,2026-05-08T22:39:01.947032Z,2026-05-09T22:35:00Z,1,89425276858556675880971408486165923098614567874593965333544751425962444468207,"up-or-down,crypto-prices,hide-from-new,recurring,crypto,ethereum,5M",Crypto,0.5
2200903,"Bitcoin Up or Down - May 9, 4:40PM-4:45PM ET",btc-updown-5m-1778359200,Crypto,48805.69752799997,2026-05-08T20:50:19.888379Z,2026-05-09T20:45:00Z,1,52071315796723020581607162599350292901657807151022089693618522896109052068930,"up-or-down,crypto-prices,hide-from-new,recurring,crypto,bitcoin,5M",Crypto,0.505
2204876,"Will Bitcoin reach $82,000 on May 9?",will-bitcoin-reach-82k-on-may-9,Crypto,93805.26652299998,2026-05-09T07:35:43.999141Z,2026-05-10T04:00:00Z,0,86792025528290576793661242975245352548200668243109388421788427481186334918502,"bitcoin,hit-price,crypto,crypto-prices,recurring,hide-from-new,daily,today",Crypto,0.0055
2203672,"Ethereum Up or Down - May 9, 8:00PM-12:00AM ET",eth-updown-4h-1778371200,Crypto,17494.146364,2026-05-09T00:10:15.129711Z,2026-05-10T04:00:00Z,1,1967280361992013457341919692201516710273699529444582448497074793793703286023,"up-or-down,crypto-prices,hide-from-new,recurring,crypto,ethereum,4h",Crypto,0.5
2148700,"Will the price of Ethereum be above $2,600 on May 10?",ethereum-above-2600-on-may-10,Crypto,16881.243066999992,2026-05-03T16:10:38.72953Z,2026-05-10T16:00:00Z,0,21511779809411968921107486749528898933232478061168207516808530074124522471150,"ethereum,weekly,multi-strikes,crypto,crypto-prices,recurring,hide-from-new",Crypto,0.001
2213251,"Bitcoin Up or Down - May 10, 9:55AM-10:00AM ET",btc-updown-5m-1778421300,Crypto,68233.12165799987,2026-05-09T14:03:30.670601Z,2026-05-10T14:00:00Z,1,100123327167976027791833058833865644077869455512295975932436186234350962631934,"up-or-down,crypto-prices,hide-from-new,recurring,crypto,bitcoin,5M",Crypto,0.505
2182398,Ethereum Up or Down on May 9?,ethereum-up-or-down-on-may-9-2026,Crypto,33859.424143000004,2026-05-07T16:05:28.843995Z,2026-05-09T16:00:00Z,1,32666946816364235143881289830938082248102981188322667114988683371574882979231,"ethereum,up-or-down,today,daily,crypto,crypto-prices,recurring,hide-from-new,daily-close",Crypto,0.71
2215770,"Ethereum Up or Down - May 10, 12:00PM-4:00PM ET",eth-updown-4h-1778428800,Crypto,14758.67046,2026-05-09T16:09:30.832262Z,2026-05-10T20:00:00Z,1,8758897999485420374439696204779190328250705348341530276983333881736958996924,"up-or-down,crypto-prices,hide-from-new,recurring,crypto,ethereum,4h",Crypto,0.495
2197351,"Bitcoin Up or Down - May 9, 3:05PM-3:10PM ET",btc-updown-5m-1778353500,Crypto,51085.60612099985,2026-05-08T19:14:20.739369Z,2026-05-09T19:10:00Z,1,114691798397822143330206799631584461114378881544999378181940510774786903968095,"up-or-down,crypto-prices,hide-from-new,recurring,crypto,bitcoin,5M",Crypto,0.505
2189157,"Bitcoin Up or Down - May 9, 8:45AM-8:50AM ET",btc-updown-5m-1778330700,Crypto,87299.47235999993,2026-05-08T12:52:38.96174Z,2026-05-09T12:50:00Z,1,20526952178595448175140917635482328549799327552070057467875777806529942248289,"up-or-down,crypto-prices,hide-from-new,recurring,crypto,bitcoin,5M",Crypto,0.505
2189639,"Bitcoin Up or Down - May 9, 10:45AM-11:00AM ET",btc-updown-15m-1778337900,Crypto,46623.63461900001,2026-05-08T14:53:08.775866Z,2026-05-09T15:00:00Z,0,78786118748761196214757653439695535750865117656690341050068807742868100580483,"up-or-down,crypto-prices,hide-from-new,recurring,crypto,bitcoin,15M",Crypto,0.505
2192007,"Bitcoin Up or Down - May 9, 1:50PM-1:55PM ET",btc-updown-5m-1778349000,Crypto,89933.90635399982,2026-05-08T17:57:54.105202Z,2026-05-09T17:55:00Z,0,34866429672235651923504681624230777647510153457799740989264531149246902815861,"up-or-down,crypto-prices,hide-from-new,recurring,crypto,bitcoin,5M",Crypto,0.505
2210152,"Bitcoin Up or Down - May 10, 7:30AM-7:35AM ET",btc-updown-5m-1778412600,Crypto,96688.49813199986,2026-05-09T11:42:10.018909Z,2026-05-10T11:35:00Z,1,106530658496053490098311302616479777511926512398310745364591368794877387813744,"up-or-down,crypto-prices,hide-from-new,recurring,crypto,bitcoin,5M",Crypto,0.505
2148692,"Will the price of Bitcoin be between $80,000 and $82,000 on May 10?",will-the-price-of-bitcoin-be-between-80000-82000-on-may-10,Crypto,62247.656509999986,2026-05-03T16:07:45.920922Z,2026-05-10T16:00:00Z,1,74388914287894083622732505195071654728149928525914139369876057559811756668116,"bitcoin,weekly,neg-risk,crypto,crypto-prices,recurring,hide-from-new",Crypto,0.805
2203374,"Bitcoin Up or Down - May 9, 6:30PM-6:35PM ET",btc-updown-5m-1778365800,Crypto,163028.27311499944,2026-05-08T22:38:56.866417Z,2026-05-09T22:35:00Z,1,82267095172427639974953137725973608514086003132713948940849779265486305043886,"up-or-down,crypto-prices,hide-from-new,recurring,crypto,bitcoin,5M",Crypto,0.505
2213313,"Bitcoin Up or Down - May 10, 10:15AM-10:30AM ET",btc-updown-15m-1778422500,Crypto,24166.74471499999,2026-05-09T14:24:19.123709Z,2026-05-10T14:30:00Z,0,358396224038614672350034901508923173517555733206414066283907007656487831585,"up-or-down,crypto-prices,hide-from-new,recurring,crypto,bitcoin,15M",Crypto,0.505
2209220,"Bitcoin Up or Down - May 10, 4:55AM-5:00AM ET",btc-updown-5m-1778403300,Crypto,50351.65701300007,2026-05-09T09:04:58.722612Z,2026-05-10T09:00:00Z,0,102497498073050216501545098081392176840451405734770321840396116524581230573160,"up-or-down,crypto-prices,hide-from-new,recurring,crypto,bitcoin,5M",Crypto,0.505
2213267,"Ethereum Up or Down - May 10, 10:00AM-10:15AM ET",eth-updown-15m-1778421600,Crypto,24155.44854900001,2026-05-09T14:09:21.821851Z,2026-05-10T14:15:00Z,0,61706490312040090233581381490913669008090300486902653980267688020771579446649,"up-or-down,crypto-prices,recurring,ethereum,hide-from-new,crypto,15M",Crypto,0.505
2210746,"Bitcoin Up or Down - May 10, 8:00AM-8:05AM ET",btc-updown-5m-1778414400,Crypto,53597.5560169999,2026-05-09T12:09:14.674364Z,2026-05-10T12:05:00Z,0,99358464648944767461886159982980190427192098367666670883158739325998401375379,"up-or-down,crypto-prices,hide-from-new,recurring,crypto,bitcoin,5M",Crypto,0.475
2218793,"Bitcoin Up or Down - May 10, 8:15PM-8:30PM ET",btc-updown-15m-1778458500,Crypto,79983.98154899992,2026-05-10T00:22:56.563618Z,2026-05-11T00:30:00Z,0,113209227693198618528235388475648872897299539845185494398660702448451726171702,"up-or-down,crypto-prices,hide-from-new,recurring,crypto,bitcoin,15M",Crypto,0.495
2210981,"Bitcoin Up or Down - May 10, 8:20AM-8:25AM ET",btc-updown-5m-1778415600,Crypto,89088.60063799993,2026-05-09T12:28:56.601214Z,2026-05-10T12:25:00Z,1,52135532589947201863739833650107999766371584126232499201297606503615552941629,"up-or-down,crypto-prices,hide-from-new,recurring,crypto,bitcoin,5M",Crypto,0.505
2210138,"Bitcoin Up or Down - May 10, 7:25AM-7:30AM ET",btc-updown-5m-1778412300,Crypto,103782.98229999993,2026-05-09T11:33:54.013575Z,2026-05-10T11:30:00Z,0,67346079918394941364432382019389798304467718494747549557141419658778024799177,"up-or-down,crypto-prices,hide-from-new,recurring,crypto,bitcoin,5M",Crypto,0.505
2187312,"Bitcoin Up or Down - May 10, 1AM ET",bitcoin-up-or-down-may-10-2026-1am-et,Crypto,27832.118647,2026-05-08T05:02:07.864058Z,2026-05-10T06:00:00Z,0,101865987146892129713348728579379949027182270124957108662801949983663977898187,"crypto,crypto-prices,recurring,hide-from-new,bitcoin,1H,up-or-down",Crypto,0.505
2185694,"Bitcoin Up or Down - May 9, 8PM ET",bitcoin-up-or-down-may-9-2026-8pm-et,Crypto,80292.23786300006,2026-05-08T00:02:24.907506Z,2026-05-10T01:00:00Z,1,5246764845472551184306946857684642176208052736679901303376168707275712627503,"crypto,crypto-prices,recurring,hide-from-new,bitcoin,1H,up-or-down",Crypto,0.5
2148793,"Will the price of Bitcoin be above $86,000 on May 10?",bitcoin-above-86k-on-may-10,Crypto,117206.2908210001,2026-05-03T16:10:20.267606Z,2026-05-10T16:00:00Z,0,41523394312505154580578278144205108850136608632600580058469865617102971359712,"bitcoin,weekly,multi-strikes,crypto,crypto-prices,recurring,hide-from-new",Crypto,0.0005
2216311,"Bitcoin Up or Down - May 10, 1:30PM-1:35PM ET",btc-updown-5m-1778434200,Crypto,59922.187173999766,2026-05-09T18:05:35.121662Z,2026-05-10T17:35:00Z,0,6758517524526226704257009091271105257971123825534609707818612755223549419332,"up-or-down,crypto-prices,hide-from-new,recurring,crypto,bitcoin,5M",Crypto,0.505
2188763,"Bitcoin Up or Down - May 9, 6:55AM-7:00AM ET",btc-updown-5m-1778324100,Crypto,42524.70530899995,2026-05-08T11:03:58.200492Z,2026-05-09T11:00:00Z,0,50363042871990435872853921235794782468356578081085003996433761845255196924609,"up-or-down,crypto-prices,hide-from-new,recurring,crypto,bitcoin,5M",Crypto,0.505
2189865,"Bitcoin Up or Down - May 9, 11:40AM-11:45AM ET",btc-updown-5m-1778341200,Crypto,110819.89060999983,2026-05-08T15:47:39.04381Z,2026-05-09T15:45:00Z,0,23139840229230292734138628635211977643345734601179403431716846867516606899213,"up-or-down,crypto-prices,hide-from-new,recurring,crypto,bitcoin,5M",Crypto,0.505
2217550,"Bitcoin Up or Down - May 10, 5:15PM-5:30PM ET",btc-updown-15m-1778447700,Crypto,45911.676995999995,2026-05-09T21:28:12.418498Z,2026-05-10T21:30:00Z,1,72499716636675875267743459184917201655272699064207773932147463007286889931475,"up-or-down,crypto-prices,hide-from-new,recurring,crypto,bitcoin,15M",Crypto,0.495
2189058,"Bitcoin Up or Down - May 9, 8:10AM-8:15AM ET",btc-updown-5m-1778328600,Crypto,62925.84905399977,2026-05-08T12:17:40.009169Z,2026-05-09T12:15:00Z,1,56929614496300314921567452546795444279431465902495168507392369783495583139187,"up-or-down,crypto-prices,hide-from-new,recurring,crypto,bitcoin,5M",Crypto,0.505
2218709,"Bitcoin Up or Down - May 10, 7:50PM-7:55PM ET",btc-updown-5m-1778457000,Crypto,76014.78359999995,2026-05-09T23:57:37.988519Z,2026-05-10T23:55:00Z,0,29560761575080477142760115577291198774284794336026495697717442116795259789595,"bitcoin,5M,up-or-down,crypto-prices,hide-from-new,recurring,crypto",Crypto,0.505
2188186,"Ethereum Up or Down - May 9, 4:00AM-8:00AM ET",eth-updown-4h-1778313600,Crypto,11417.378435999999,2026-05-08T08:08:06.472531Z,2026-05-09T12:00:00Z,0,47343122009716974128452750093327840364921766725372723282637278392212928291160,"up-or-down,crypto-prices,hide-from-new,recurring,crypto,ethereum,4h",Crypto,0.5
2148685,"Will the price of Ethereum be above $2,000 on May 10?",ethereum-above-2000-on-may-10,Crypto,10187.69302,2026-05-03T16:02:50.415509Z,2026-05-10T16:00:00Z,1,19556056846704252788972805322253701699208282636192119448866495295944179048976,"ethereum,weekly,multi-strikes,crypto,crypto-prices,recurring,hide-from-new",Crypto,0.9995
2204160,"Bitcoin Up or Down - May 9, 9:25PM-9:30PM ET",btc-updown-5m-1778376300,Crypto,63137.41633599987,2026-05-09T01:33:42.763815Z,2026-05-10T01:30:00Z,1,32531457317132320821671137932919766742403393772547604053912125208011342087456,"up-or-down,crypto-prices,hide-from-new,recurring,crypto,bitcoin,5M",Crypto,0.505
2217658,"Bitcoin Up or Down - May 10, 5:50PM-5:55PM ET",btc-updown-5m-1778449800,Crypto,97620.46178399985,2026-05-09T22:01:23.72495Z,2026-05-10T21:55:00Z,0,45000278063216596582287473681628404803146858230109020711457377645758477262435,"up-or-down,crypto-prices,hide-from-new,recurring,crypto,bitcoin,5M",Crypto,0.505
2208167,"Bitcoin Up or Down - May 10, 3:55AM-4:00AM ET",btc-updown-5m-1778399700,Crypto,38804.69940500004,2026-05-09T08:06:00.362993Z,2026-05-10T08:00:00Z,0,7966850064579529356614548390078762508010219210608560253873506038182955483159,"crypto,bitcoin,5M,up-or-down,crypto-prices,hide-from-new,recurring",Crypto,0.505
2206633,"Bitcoin Up or Down - May 10, 1:00AM-1:15AM ET",btc-updown-15m-1778389200,Crypto,50217.65566800003,2026-05-09T05:07:44.819688Z,2026-05-10T05:15:00Z,1,16383094417138325687244696563132708629039050622486119020386196708859469841990,"up-or-down,crypto-prices,hide-from-new,recurring,crypto,bitcoin,15M",Crypto,0.505
2201359,"Bitcoin Up or Down - May 9, 5:00PM-5:05PM ET",btc-updown-5m-1778360400,Crypto,61540.135736999895,2026-05-08T21:09:59.636413Z,2026-05-09T21:05:00Z,1,32055645703419075537309076613326497940861747258872101950766088964029662732073,"up-or-down,crypto-prices,hide-from-new,recurring,crypto,bitcoin,5M",Crypto,0.505
2189721,"Bitcoin Up or Down - May 9, 11:15AM-11:20AM ET",btc-updown-5m-1778339700,Crypto,71180.70460899995,2026-05-08T15:22:41.307613Z,2026-05-09T15:20:00Z,1,28252395686575792714052131560962052740785437432557594357113204905637653754879,"up-or-down,crypto-prices,hide-from-new,recurring,crypto,bitcoin,5M",Crypto,0.505
2201377,"Bitcoin Up or Down - May 9, 5:15PM-5:30PM ET",btc-updown-15m-1778361300,Crypto,20207.794961000007,2026-05-08T21:25:20.697609Z,2026-05-09T21:30:00Z,0,14067932528679199716604795083062382921274784442189777211671959664191449030659,"up-or-down,crypto-prices,hide-from-new,recurring,crypto,bitcoin,15M",Crypto,0.505
2216592,"Bitcoin Up or Down - May 10, 2:40PM-2:45PM ET",btc-updown-5m-1778438400,Crypto,53718.777466,2026-05-09T18:50:23.204348Z,2026-05-10T18:45:00Z,0,108985380188876683161809311656952024017241895706685695609731068354709727693242,"up-or-down,crypto-prices,hide-from-new,recurring,crypto,bitcoin,5M",Crypto,0.505
2216445,"Ethereum Up or Down - May 10, 2:00PM-2:15PM ET",eth-updown-15m-1778436000,Crypto,11047.691991000012,2026-05-09T18:10:53.736111Z,2026-05-10T18:15:00Z,1,81018181547769332736176095735969586557512884758266498731417908325734362154946,"crypto-prices,crypto,15M,up-or-down,hide-from-new,recurring,ethereum",Crypto,0.505
2213775,"Bitcoin Up or Down - May 10, 10:35AM-10:40AM ET",btc-updown-5m-1778423700,Crypto,39514.669627,2026-05-09T14:43:34.277661Z,2026-05-10T14:40:00Z,0,91616599641071217253913922759973145701962549841296579393183751203668107732111,"crypto-prices,recurring,bitcoin,up-or-down,hide-from-new,crypto,5M",Crypto,0.505
2211098,"Bitcoin Up or Down - May 10, 8:50AM-8:55AM ET",btc-updown-5m-1778417400,Crypto,56554.5586279999,2026-05-09T12:58:44.589463Z,2026-05-10T12:55:00Z,1,70213705270051220028237410610735436349543929920715189445117080138066590815970,"up-or-down,crypto-prices,hide-from-new,recurring,crypto,bitcoin,5M",Crypto,0.505
2217127,"Bitcoin Up or Down - May 10, 4:00PM-8:00PM ET",btc-updown-4h-1778443200,Crypto,38170.02747399998,2026-05-09T20:08:49.159407Z,2026-05-11T00:00:00Z,1,41077330725781153637522133878154727749843147802523843504947235442232001717960,"up-or-down,crypto-prices,hide-from-new,recurring,crypto,bitcoin,4h",Crypto,0.5
2189085,"Ethereum Up or Down - May 9, 8:15AM-8:30AM ET",eth-updown-15m-1778328900,Crypto,10313.319129000007,2026-05-08T12:23:02.9712Z,2026-05-09T12:30:00Z,1,59786121268698728876441493468789107620894642571216529316825333949391345605380,"up-or-down,crypto-prices,hide-from-new,recurring,crypto,ethereum,15M",Crypto,0.515
2216926,"Bitcoin Up or Down - May 10, 3:30PM-3:45PM ET",btc-updown-15m-1778441400,Crypto,34241.58317300002,2026-05-09T19:39:15.70664Z,2026-05-10T19:45:00Z,0,32252367605553122962308453939661010490499178698503232828051540366591878372188,"up-or-down,crypto-prices,hide-from-new,recurring,crypto,bitcoin,15M",Crypto,0.505
2217352,"Ethereum Up or Down - May 10, 4:50PM-4:55PM ET",eth-updown-5m-1778446200,Crypto,10182.689764000008,2026-05-09T21:00:17.288588Z,2026-05-10T20:55:00Z,1,98833752834751474136724019145034966932288847745914336342081399018187091926704,"up-or-down,crypto-prices,hide-from-new,recurring,crypto,ethereum,5M",Crypto,0.505
2192091,"Bitcoin Up or Down - May 9, 2:15PM-2:20PM ET",btc-updown-5m-1778350500,Crypto,74230.36159599981,2026-05-08T18:23:57.905895Z,2026-05-09T18:20:00Z,0,51210456563993083340290349642037609109766917072933837720639342911021447369034,"up-or-down,crypto-prices,hide-from-new,recurring,crypto,bitcoin,5M",Crypto,0.505
2218797,"Bitcoin Up or Down - May 10, 8:15PM-8:20PM ET",btc-updown-5m-1778458500,Crypto,131649.42830799986,2026-05-10T00:22:40.689029Z,2026-05-11T00:20:00Z,0,65896751323998431239541019304185804148584441057498250954713993532270886279539,"up-or-down,crypto-prices,hide-from-new,recurring,crypto,bitcoin,5M",Crypto,0.505
2210772,"Bitcoin Up or Down - May 10, 8:05AM-8:10AM ET",btc-updown-5m-1778414700,Crypto,114466.8636390002,2026-05-09T12:14:56.614598Z,2026-05-10T12:10:00Z,1,76309229630611368772030936813645024293308844841524802197455219214387083962816,"up-or-down,crypto-prices,hide-from-new,recurring,crypto,bitcoin,5M",Crypto,0.505
2189535,"Bitcoin Up or Down - May 9, 10:20AM-10:25AM ET",btc-updown-5m-1778336400,Crypto,50569.93769399991,2026-05-08T14:29:00.945377Z,2026-05-09T14:25:00Z,0,88043526931758421913138489593950379376892250098496086470571790775277157275445,"up-or-down,crypto-prices,hide-from-new,recurring,crypto,bitcoin,5M",Crypto,0.505
2217107,"Bitcoin Up or Down - May 10, 3:55PM-4:00PM ET",btc-updown-5m-1778442900,Crypto,203683.36863899993,2026-05-09T20:03:31.838349Z,2026-05-10T20:00:00Z,1,25265271781548750742675536875762509655927232989228035374861049076161520022537,"up-or-down,crypto-prices,hide-from-new,recurring,crypto,bitcoin,5M",Crypto,0.505
2207527,"Bitcoin Up or Down - May 10, 2:25AM-2:30AM ET",btc-updown-5m-1778394300,Crypto,58450.957397999904,2026-05-09T06:39:00.108549Z,2026-05-10T06:30:00Z,0,33331639400934937145322085382158219181153954265904022960551317811996078348146,"up-or-down,crypto-prices,hide-from-new,recurring,crypto,bitcoin,5M",Crypto,0.505
2209580,"Bitcoin Up or Down - May 10, 6:00AM-6:15AM ET",btc-updown-15m-1778407200,Crypto,45630.53653800002,2026-05-09T10:09:32.619156Z,2026-05-10T10:15:00Z,0,54174482254989488895605171091558789948574973467691901860617761245858961844300,"up-or-down,crypto-prices,hide-from-new,recurring,crypto,bitcoin,15M",Crypto,0.505
2189481,"Bitcoin Up or Down - May 9, 10:10AM-10:15AM ET",btc-updown-5m-1778335800,Crypto,55593.60356800001,2026-05-08T14:17:50.253947Z,2026-05-09T14:15:00Z,1,113741184496243679339702257403905314272582081956974644469300814832201830266354,"up-or-down,crypto-prices,hide-from-new,recurring,crypto,bitcoin,5M",Crypto,0.505
2213221,"Bitcoin Up or Down - May 10, 9:45AM-9:50AM ET",btc-updown-5m-1778420700,Crypto,48320.9161299999,2026-05-09T13:53:37.903444Z,2026-05-10T13:50:00Z,0,7569752696080546767158342329310936563530477470352515602361913816588320934745,"up-or-down,crypto-prices,hide-from-new,recurring,crypto,bitcoin,5M",Crypto,0.505
2219093,"Bitcoin Up or Down - May 10, 9:55PM-10:00PM ET",btc-updown-5m-1778464500,Crypto,65541.70903400003,2026-05-10T02:03:07.846935Z,2026-05-11T02:00:00Z,1,7225474657254687717489593425607298799532866336860367217711580137290474040832,"up-or-down,crypto-prices,hide-from-new,recurring,crypto,bitcoin,5M",Crypto,0.505
2140948,"Will the price of Ethereum be between $2,400 and $2,500 on May 9?",will-the-price-of-ethereum-be-between-2400-2500-on-may-9,Crypto,15585.338953999993,2026-05-02T16:12:09.641679Z,2026-05-09T16:00:00Z,0,87246585897119408090896660133658093459069642826608057616120220852968117155587,"ethereum,weekly,neg-risk,crypto,crypto-prices,recurring,hide-from-new",Crypto,0.0075
2192070,"Bitcoin Up or Down - May 9, 2:05PM-2:10PM ET",btc-updown-5m-1778349900,Crypto,54313.39059299987,2026-05-08T18:13:26.408592Z,2026-05-09T18:10:00Z,0,51842733220010170129912945160021688478005872703355860092696265774457208553861,"up-or-down,crypto-prices,hide-from-new,recurring,crypto,bitcoin,5M",Crypto,0.505
2189732,"Bitcoin Up or Down - May 9, 11:15AM-11:30AM ET",btc-updown-15m-1778339700,Crypto,31215.402072000023,2026-05-08T15:22:49.963067Z,2026-05-09T15:30:00Z,1,9751828369138018521582672946638522853728442661847726355889739685952872819686,"up-or-down,crypto-prices,hide-from-new,recurring,crypto,bitcoin,15M",Crypto,0.505
2209481,"Bitcoin Up or Down - May 10, 5:50AM-5:55AM ET",btc-updown-5m-1778406600,Crypto,94899.4002949996,2026-05-09T09:59:05.04863Z,2026-05-10T09:55:00Z,1,20336191628406561388197260628408982937591308927188256577124141251909908397243,"up-or-down,crypto-prices,hide-from-new,recurring,crypto,bitcoin,5M",Crypto,0.505
2204260,"Bitcoin Up or Down - May 9, 10:00PM-10:05PM ET",btc-updown-5m-1778378400,Crypto,45012.99847099997,2026-05-09T02:08:10.121453Z,2026-05-10T02:05:00Z,0,79721237525578220835176296769364420706388136404111265805407226431230719805230,"up-or-down,crypto-prices,hide-from-new,recurring,crypto,bitcoin,5M",Crypto,0.505
2218896,"Bitcoin Up or Down - May 10, 8:50PM-8:55PM ET",btc-updown-5m-1778460600,Crypto,77239.92029999997,2026-05-10T00:57:40.56305Z,2026-05-11T00:55:00Z,0,101043841094769484780104293535970096749570383518715684868696208557719489329078,"up-or-down,crypto-prices,hide-from-new,recurring,crypto,bitcoin,5M",Crypto,0.505
2216522,"Bitcoin Up or Down - May 10, 2:25PM-2:30PM ET",btc-updown-5m-1778437500,Crypto,56862.481573999954,2026-05-09T18:35:47.832469Z,2026-05-10T18:30:00Z,0,8751815996091357425211142668950500723086745264450132055764420335041731127500,"up-or-down,crypto-prices,hide-from-new,recurring,crypto,bitcoin,5M",Crypto,0.505
2148845,Will the price of Solana be between $100 and $110 on May 10?,will-the-price-of-solana-be-between-100-110-on-may-10,Crypto,57364.98582300001,2026-05-03T16:11:46.800844Z,2026-05-10T16:00:00Z,0,56330867741176498378055964775443928556125566884818339279841993809749069072399,"solana,weekly,neg-risk,crypto,crypto-prices,recurring,hide-from-new",Crypto,0.0025
2190297,"Bitcoin Up or Down - May 9, 12:35PM-12:40PM ET",btc-updown-5m-1778344500,Crypto,59514.472214999885,2026-05-08T16:43:02.757492Z,2026-05-09T16:40:00Z,0,115357682409619264309118070667180129392611692527570071207595884506513559676142,"up-or-down,crypto-prices,hide-from-new,recurring,crypto,bitcoin,5M",Crypto,0.505
2203581,"Bitcoin Up or Down - May 9, 7:30PM-7:45PM ET",btc-updown-15m-1778369400,Crypto,49098.66162999981,2026-05-08T23:42:10.989091Z,2026-05-09T23:45:00Z,0,80364437787315953096693194045948686728299167561439118754361240501393971453529,"up-or-down,crypto-prices,hide-from-new,recurring,crypto,bitcoin,15M",Crypto,0.5
2198617,"Bitcoin Up or Down - May 9, 3:30PM-3:45PM ET",btc-updown-15m-1778355000,Crypto,25234.686341999997,2026-05-08T19:40:48.989036Z,2026-05-09T19:45:00Z,1,30663943289186146560710709857235403417129806963369261326118912465860460172299,"up-or-down,crypto-prices,hide-from-new,recurring,bitcoin,crypto,15M",Crypto,0.495
2140998,"Will the price of Bitcoin be above $74,000 on May 9?",bitcoin-above-74k-on-may-9,Crypto,184430.45533800017,2026-05-02T16:04:21.040055Z,2026-05-09T16:00:00Z,1,5310045701329233965661026433586846863173900205530276628819881249873993015939,"bitcoin,weekly,multi-strikes,crypto,crypto-prices,recurring,hide-from-new",Crypto,0.9985
2216776,"Bitcoin Up or Down - May 10, 3:15PM-3:30PM ET",btc-updown-15m-1778440500,Crypto,26645.517339000013,2026-05-09T19:23:23.500934Z,2026-05-10T19:30:00Z,1,108886080811742111650952895225215571630477072161992287221321031682165995580362,"up-or-down,hide-from-new,recurring,crypto,bitcoin,15M,crypto-prices",Crypto,0.495
2214519,"Bitcoin Up or Down - May 10, 11:20AM-11:25AM ET",btc-updown-5m-1778426400,Crypto,72317.2843949999,2026-05-09T15:29:42.702142Z,2026-05-10T15:25:00Z,0,67240448403087225838857514609394880870010215892154400579219891738387211063607,"up-or-down,crypto-prices,hide-from-new,recurring,crypto,bitcoin,5M",Crypto,0.505
2204446,"Bitcoin Up or Down - May 9, 11:00PM-11:05PM ET",btc-updown-5m-1778382000,Crypto,44611.74142399992,2026-05-09T03:08:14.321575Z,2026-05-10T03:05:00Z,1,10144031132612994470907901852936739378804104015390875532513295137659337629359,"up-or-down,crypto-prices,hide-from-new,recurring,crypto,bitcoin,5M",Crypto,0.505
2219122,"Bitcoin Up or Down - May 10, 10:05PM-10:10PM ET",btc-updown-5m-1778465100,Crypto,102944.894389,2026-05-10T02:12:46.738938Z,2026-05-11T02:10:00Z,0,14055175021371469263777971739235798931125783007087118061487940455839534072250,"up-or-down,crypto-prices,hide-from-new,recurring,crypto,bitcoin,5M",Crypto,0.505
2217321,"Bitcoin Up or Down - May 10, 4:40PM-4:45PM ET",btc-updown-5m-1778445600,Crypto,62757.74589899993,2026-05-09T20:49:40.257852Z,2026-05-10T20:45:00Z,0,14099624856571154660151034196561561990357469167644777702430686791607743493046,"up-or-down,crypto-prices,hide-from-new,recurring,crypto,bitcoin,5M",Crypto,0.505
2213213,"Bitcoin Up or Down - May 10, 9:40AM-9:45AM ET",btc-updown-5m-1778420400,Crypto,75294.72732299985,2026-05-09T13:48:25.097054Z,2026-05-10T13:45:00Z,1,86497235720911874876906813585691888135158047454211525224737794376663840230988,"up-or-down,crypto-prices,hide-from-new,recurring,crypto,bitcoin,5M",Crypto,0.505
2148783,"Will the price of Bitcoin be above $80,000 on May 10?",bitcoin-above-80k-on-may-10,Crypto,339965.6451719996,2026-05-03T16:10:51.803511Z,2026-05-10T16:00:00Z,1,63487986177090870060439099682363304641196008439354746517010950186469251350395,"bitcoin,weekly,multi-strikes,crypto,crypto-prices,recurring,hide-from-new",Crypto,0.835
2203707,"Bitcoin Up or Down - May 9, 8:10PM-8:15PM ET",btc-updown-5m-1778371800,Crypto,52392.13249899999,2026-05-09T00:19:47.797755Z,2026-05-10T00:15:00Z,1,65293152253313136569907747236130737376006335375052732206562730779613457731482,"up-or-down,crypto-prices,hide-from-new,recurring,crypto,bitcoin,5M",Crypto,0.505
2189140,"Bitcoin Up or Down - May 9, 8:35AM-8:40AM ET",btc-updown-5m-1778330100,Crypto,49470.71634699984,2026-05-08T12:43:19.606498Z,2026-05-09T12:40:00Z,0,33188109247120843367530056648606605707757834602666495295380477533667461000843,"up-or-down,crypto-prices,hide-from-new,recurring,crypto,bitcoin,5M",Crypto,0.505
2216373,"Bitcoin Up or Down - May 10, 1:45PM-1:50PM ET",btc-updown-5m-1778435100,Crypto,114941.62567699955,2026-05-09T18:02:42.922618Z,2026-05-10T17:50:00Z,0,46153682397132726147849194354304752092169178343652129597748018727267746458603,"up-or-down,crypto-prices,hide-from-new,recurring,crypto,bitcoin,5M",Crypto,0.505
2217496,"Bitcoin Up or Down - May 10, 5:05PM-5:10PM ET",btc-updown-5m-1778447100,Crypto,72578.14630599998,2026-05-09T21:20:04.581676Z,2026-05-10T21:10:00Z,1,63472457311589480309403267632046083440349475224878380969171452943261369756464,"up-or-down,crypto-prices,hide-from-new,recurring,crypto,bitcoin,5M",Crypto,0.505
2191988,"Ethereum Up or Down - May 9, 1:45PM-2:00PM ET",eth-updown-15m-1778348700,Crypto,10882.309263999994,2026-05-08T17:52:50.12329Z,2026-05-09T18:00:00Z,0,13371764593062818327739510888044769135877910539278042187989186375213837907431,"up-or-down,crypto-prices,hide-from-new,recurring,crypto,ethereum,15M",Crypto,0.5
2216472,"Bitcoin Up or Down - May 10, 2:10PM-2:15PM ET",btc-updown-5m-1778436600,Crypto,44506.07218500001,2026-05-09T18:23:15.980679Z,2026-05-10T18:15:00Z,1,99912367080417141962575556177584027422088241408466225883446734808598430142271,"up-or-down,crypto-prices,hide-from-new,recurring,crypto,bitcoin,5M",Crypto,0.505
2213743,"Bitcoin Up or Down - May 10, 10:30AM-10:45AM ET",btc-updown-15m-1778423400,Crypto,35113.61955400001,2026-05-09T14:38:39.386695Z,2026-05-10T14:45:00Z,0,49863848440072400040819701487233397196584542241303153352439115776527122006654,"up-or-down,crypto-prices,hide-from-new,recurring,crypto,bitcoin,15M",Crypto,0.505
2197377,"Bitcoin Up or Down - May 9, 3:15PM-3:30PM ET",btc-updown-15m-1778354100,Crypto,40412.82952600001,2026-05-08T19:27:11.580424Z,2026-05-09T19:30:00Z,0,13384767943385965428541069432514700760360839466983624488592393850563651670957,"up-or-down,crypto-prices,hide-from-new,recurring,crypto,bitcoin,15M",Crypto,0.495
2183889,"Ethereum Up or Down - May 9, 3PM ET",ethereum-up-or-down-may-9-2026-3pm-et,Crypto,11154.730774999998,2026-05-07T19:03:28.893919Z,2026-05-09T20:00:00Z,1,10459269678352181088511570355698772822999326926754857422256991703340190698916,"crypto,crypto-prices,recurring,hide-from-new,ethereum,1H,up-or-down",Crypto,0.5
2184246,"Bitcoin Up or Down - May 9, 4PM ET",bitcoin-up-or-down-may-9-2026-4pm-et,Crypto,43672.80660299997,2026-05-07T20:02:20.58897Z,2026-05-09T21:00:00Z,0,8423054356832938770990471718428776667791677798053443996170005843283847461391,"crypto,crypto-prices,recurring,hide-from-new,bitcoin,1H,up-or-down",Crypto,0.505
2203480,"Bitcoin Up or Down - May 9, 6:55PM-7:00PM ET",btc-updown-5m-1778367300,Crypto,67739.17251800005,2026-05-08T23:04:15.186016Z,2026-05-09T23:00:00Z,1,86466226244198165241781812448155184086110699643464391207839433436133329030068,"up-or-down,crypto-prices,hide-from-new,recurring,crypto,bitcoin,5M",Crypto,0.505
2203668,"Bitcoin Up or Down - May 9, 7:55PM-8:00PM ET",btc-updown-5m-1778370900,Crypto,65629.60876499985,2026-05-09T00:04:52.402273Z,2026-05-10T00:00:00Z,0,50889429343302980293619822579076866495117188234551149285006572651864771806971,"up-or-down,crypto-prices,hide-from-new,recurring,crypto,bitcoin,5M",Crypto,0.005
2205095,"Will Bitcoin dip to $73,000 on May 9?",will-bitcoin-dip-to-73k-on-may-9,Crypto,151982.999,2026-05-09T10:00:40.481971Z,2026-05-10T04:00:00Z,0,21071603816606112345300154213398301802288668851962494328288903111088584422293,"bitcoin,hit-price,crypto,crypto-prices,recurring,hide-from-new,daily,today",Crypto,0.0005
2189013,"Bitcoin Up or Down - May 9, 7:50AM-7:55AM ET",btc-updown-5m-1778327400,Crypto,50848.56908299986,2026-05-08T12:07:20.855971Z,2026-05-09T11:55:00Z,1,84387220866462204932994504477297352639769128275874176344195321678420298166969,"up-or-down,crypto-prices,hide-from-new,recurring,crypto,bitcoin,5M",Crypto,0.505
2218827,"Bitcoin Up or Down - May 10, 8:30PM-8:35PM ET",btc-updown-5m-1778459400,Crypto,97559.07093899982,2026-05-10T00:37:40.570033Z,2026-05-11T00:35:00Z,1,86387767884469782266221582086281286805512335874170577773440570162163352784845,"up-or-down,crypto-prices,hide-from-new,recurring,crypto,bitcoin,5M",Crypto,0.505
2189681,"Bitcoin Up or Down - May 9, 10:55AM-11:00AM ET",btc-updown-5m-1778338500,Crypto,47659.07294799995,2026-05-08T15:02:56.793366Z,2026-05-09T15:00:00Z,1,21956798563626667272135286434254358654772875859340983365805719589012362724187,"recurring,crypto,bitcoin,5M,up-or-down,crypto-prices,hide-from-new",Crypto,0.505
2216714,"Ethereum Up or Down - May 10, 3:00PM-3:15PM ET",eth-updown-15m-1778439600,Crypto,11764.269751000014,2026-05-09T19:08:12.761538Z,2026-05-10T19:15:00Z,0,113473842512043445996939344295580471040235248866631484107850858198402804653610,"up-or-down,crypto-prices,hide-from-new,recurring,crypto,ethereum,15M",Crypto,0.505
2199705,"Bitcoin Up or Down - May 9, 4:00PM-4:05PM ET",btc-updown-5m-1778356800,Crypto,55037.22059299991,2026-05-08T20:11:02.210397Z,2026-05-09T20:05:00Z,0,34181371954068914620570802536586404836324143027529232669141743987714263078116,"up-or-down,crypto-prices,hide-from-new,recurring,crypto,bitcoin,5M",Crypto,0.505
2216534,"XRP Up or Down - May 10, 2:30PM-2:45PM ET",xrp-updown-15m-1778437800,Crypto,11409.479976000004,2026-05-09T18:40:26.936898Z,2026-05-10T18:45:00Z,0,59647548792540955194132157229819439370675610689027711680389240309593375437342,"up-or-down,crypto-prices,hide-from-new,recurring,crypto,xrp,ripple,15M",Crypto,0.495
2219130,"Bitcoin Up or Down - May 10, 10:10PM-10:15PM ET",btc-updown-5m-1778465400,Crypto,72959.09922900014,2026-05-10T02:17:58.427726Z,2026-05-11T02:15:00Z,0,50586858976103144601773760731676403022310827048050897901581489098346779001896,"up-or-down,crypto-prices,recurring,crypto,bitcoin,5M,hide-from-new",Crypto,0.505
2204721,"Bitcoin Up or Down - May 9, 11:45PM-12:00AM ET",btc-updown-15m-1778384700,Crypto,43006.940251,2026-05-09T03:53:49.635699Z,2026-05-10T04:00:00Z,0,96446060552040464538115852712975409026066769064624599618070713046914760631745,"up-or-down,crypto-prices,hide-from-new,recurring,crypto,bitcoin,15M",Crypto,0.505
2218798,"Ethereum Up or Down - May 10, 8:15PM-8:30PM ET",eth-updown-15m-1778458500,Crypto,10286.648337999983,2026-05-10T00:22:51.22622Z,2026-05-11T00:30:00Z,0,95413826039148705653685090377014216559362293631630108706460502560314100344194,"up-or-down,crypto-prices,hide-from-new,recurring,crypto,ethereum,15M",Crypto,0.505
2189092,"Bitcoin Up or Down - May 9, 8:20AM-8:25AM ET",btc-updown-5m-1778329200,Crypto,85077.282006,2026-05-08T12:27:40.157313Z,2026-05-09T12:25:00Z,1,98749105874292749533984469224611756422886581486631824383814004751078029936510,"up-or-down,crypto-prices,hide-from-new,recurring,crypto,bitcoin,5M",Crypto,0.505
2190122,"Bitcoin Up or Down - May 9, 12:10PM-12:15PM ET",btc-updown-5m-1778343000,Crypto,76681.7338030001,2026-05-08T16:18:00.159595Z,2026-05-09T16:15:00Z,1,108253511490644512216541884290808886188831034831129083222706002172166317744633,"bitcoin,5M,up-or-down,crypto-prices,hide-from-new,recurring,crypto",Crypto,0.505
2203680,"Bitcoin Up or Down - May 9, 8:00PM-12:00AM ET",btc-updown-4h-1778371200,Crypto,22707.076711999995,2026-05-09T00:10:24.503866Z,2026-05-10T04:00:00Z,1,77337259603987881961616855273246398032248909066689219235864241535104012591028,"up-or-down,crypto-prices,hide-from-new,recurring,crypto,bitcoin,4h",Crypto,0.495
2192019,"Bitcoin Up or Down - May 9, 1:55PM-2:00PM ET",btc-updown-5m-1778349300,Crypto,101443.5799719997,2026-05-08T18:03:18.896439Z,2026-05-09T18:00:00Z,1,26995545523644544705448057982584917854991784075107625540918892938586804892743,"up-or-down,crypto-prices,hide-from-new,recurring,crypto,bitcoin,5M",Crypto,0.505
2206781,"Bitcoin Up or Down - May 10, 1:50AM-1:55AM ET",btc-updown-5m-1778392200,Crypto,47833.101664999944,2026-05-09T06:16:55.065678Z,2026-05-10T05:55:00Z,0,73531820480396086833257247832990675325273753849873933092456039139675969545804,"up-or-down,crypto-prices,hide-from-new,recurring,crypto,bitcoin,5M",Crypto,0.505
2214669,"Bitcoin Up or Down - May 10, 11:35AM-11:40AM ET",btc-updown-5m-1778427300,Crypto,69352.18447,2026-05-09T15:43:29.996761Z,2026-05-10T15:40:00Z,1,106302474383013623845430335582876901057664381290092505378623624704619044851910,"up-or-down,crypto-prices,hide-from-new,recurring,crypto,bitcoin,5M",Crypto,0.505
2203868,"Bitcoin Up or Down - May 9, 8:20PM-8:25PM ET",btc-updown-5m-1778372400,Crypto,54927.31759999997,2026-05-09T00:29:22.399599Z,2026-05-10T00:25:00Z,0,68186124026151048397141162601841940028823738031930701659161936593755955505627,"up-or-down,crypto-prices,hide-from-new,recurring,crypto,bitcoin,5M",Crypto,0.505
2216030,"Bitcoin Up or Down - May 10, 12:20PM-12:25PM ET",btc-updown-5m-1778430000,Crypto,77541.44876599983,2026-05-09T16:30:13.422848Z,2026-05-10T16:25:00Z,0,111774640812075863749899408278051745422448827989769860130652588713791730956523,"up-or-down,crypto-prices,hide-from-new,recurring,crypto,bitcoin,5M",Crypto,0.505
2219022,"Bitcoin Up or Down - May 10, 9:30PM-9:35PM ET",btc-updown-5m-1778463000,Crypto,83303.12484999983,2026-05-10T01:37:43.732615Z,2026-05-11T01:35:00Z,0,100870096115005897679241851134224004378975810206904891886619525384455412638318,"up-or-down,crypto-prices,hide-from-new,recurring,crypto,bitcoin,5M",Crypto,0.505
2181861,"Ethereum Up or Down - May 9, 10AM ET",ethereum-up-or-down-may-9-2026-10am-et,Crypto,10050.744595000002,2026-05-07T14:02:29.164856Z,2026-05-09T15:00:00Z,0,115389048429762536687556543129128834204024176665435522461858794607923022706386,"crypto,crypto-prices,recurring,hide-from-new,ethereum,1H,up-or-down",Crypto,0.5
2208307,"Bitcoin Up or Down - May 10, 4:15AM-4:20AM ET",btc-updown-5m-1778400900,Crypto,55286.544336999956,2026-05-09T08:24:40.342362Z,2026-05-10T08:20:00Z,1,32005379727453061895542571330401149630173389837497762277182501713309232675062,"up-or-down,crypto-prices,hide-from-new,recurring,crypto,bitcoin,5M",Crypto,0.505
2189320,"Bitcoin Up or Down - May 9, 9:15AM-9:20AM ET",btc-updown-5m-1778332500,Crypto,63720.84800399992,2026-05-08T13:22:57.537482Z,2026-05-09T13:20:00Z,0,43047583332301776807266192947174544897591665194884898809124854482482826115933,"up-or-down,crypto-prices,hide-from-new,recurring,crypto,bitcoin,5M",Crypto,0.505
2210150,"Bitcoin Up or Down - May 10, 7:30AM-7:45AM ET",btc-updown-15m-1778412600,Crypto,27069.08993899998,2026-05-09T11:39:25.532388Z,2026-05-10T11:45:00Z,1,12018248392497510809826847308121096271917662490039382544707504785007041321285,"hide-from-new,crypto,up-or-down,crypto-prices,recurring,bitcoin,15M",Crypto,0.505
2215780,"Ethereum Up or Down - May 10, 12:00PM-12:15PM ET",eth-updown-15m-1778428800,Crypto,14081.683842000004,2026-05-09T16:09:40.177475Z,2026-05-10T16:15:00Z,0,106505334943278801419759900352325222784530318347956756683241008188111216650278,"up-or-down,crypto-prices,hide-from-new,recurring,crypto,ethereum,15M",Crypto,0.505
2218873,"Bitcoin Up or Down - May 10, 8:45PM-9:00PM ET",btc-updown-15m-1778460300,Crypto,52977.41743399998,2026-05-10T00:52:39.667761Z,2026-05-11T01:00:00Z,0,98986225160940546645564653239125048784396914233722725940289374049822591422765,"up-or-down,crypto-prices,hide-from-new,recurring,crypto,bitcoin,15M",Crypto,0.505
2189106,"Bitcoin Up or Down - May 9, 8:30AM-8:35AM ET",btc-updown-5m-1778329800,Crypto,53400.74184100001,2026-05-08T12:38:02.400333Z,2026-05-09T12:35:00Z,0,51410712261086262478929713353252623928058079475812203782180614962024034890745,"up-or-down,crypto-prices,hide-from-new,recurring,crypto,bitcoin,5M",Crypto,0.505
2209883,"Bitcoin Up or Down - May 10, 7:20AM-7:25AM ET",btc-updown-5m-1778412000,Crypto,71428.58314999998,2026-05-09T11:28:50.270764Z,2026-05-10T11:25:00Z,0,22806134560744151419718510533704967668435789002303803287673949142529979518191,"up-or-down,crypto-prices,hide-from-new,recurring,crypto,bitcoin,5M",Crypto,0.505
2207510,"Bitcoin Up or Down - May 10, 2:15AM-2:30AM ET",btc-updown-15m-1778393700,Crypto,85653.23097899988,2026-05-09T06:34:24.865457Z,2026-05-10T06:30:00Z,0,97339250057012072746277252434618557379654635894124102035582243173818380218553,"up-or-down,crypto-prices,hide-from-new,recurring,crypto,bitcoin,15M",Crypto,0.505
2189102,"Bitcoin Up or Down - May 9, 8:25AM-8:30AM ET",btc-updown-5m-1778329500,Crypto,91932.82226900004,2026-05-08T12:32:56.143998Z,2026-05-09T12:30:00Z,1,75383361059538410064217959048421023083843022843658729013914172557117732454157,"up-or-down,crypto-prices,hide-from-new,recurring,crypto,bitcoin,5M",Crypto,0.505
2141024,Will the price of Solana be between $40 and $50 on May 9?,will-the-price-of-solana-be-between-40-50-on-may-9,Crypto,55605.100000000006,2026-05-02T16:06:08.327152Z,2026-05-09T16:00:00Z,0,59016254123866894172730020230695449612227786754310290560999419360731498671735,"solana,weekly,neg-risk,crypto,crypto-prices,recurring,hide-from-new",Crypto,0.0005
2190513,"Bitcoin Up or Down - May 9, 1:00PM-1:15PM ET",btc-updown-15m-1778346000,Crypto,45798.20525899998,2026-05-08T17:08:04.785646Z,2026-05-09T17:15:00Z,1,67611345727768282907656357740654063238732712699601705905793431867994539786519,"up-or-down,crypto-prices,hide-from-new,recurring,crypto,bitcoin,15M",Crypto,0.5
2216348,"Bitcoin Up or Down - May 10, 1:35PM-1:40PM ET",btc-updown-5m-1778434500,Crypto,61177.056130999925,2026-05-09T17:49:09.091469Z,2026-05-10T17:40:00Z,0,34877499136254938457806589810499479553408635480766993117961176970746936284068,"crypto-prices,recurring,bitcoin,up-or-down,hide-from-new,crypto,5M",Crypto,0.505
2140996,"Will the price of Bitcoin be above $72,000 on May 9?",bitcoin-above-72k-on-may-9,Crypto,91659.25900400002,2026-05-02T16:05:39.131694Z,2026-05-09T16:00:00Z,1,34052660674270787336886459483703956503549452321961229574715691489235224716177,"bitcoin,weekly,multi-strikes,crypto,crypto-prices,recurring,hide-from-new",Crypto,0.9995
2141006,"Will the price of Bitcoin be above $84,000 on May 9?",bitcoin-above-84k-on-may-9,Crypto,317262.18686800014,2026-05-02T16:03:49.489716Z,2026-05-09T16:00:00Z,0,12093297683251463508667446804239323489296287859824781059563752970879431915215,"bitcoin,weekly,multi-strikes,crypto,crypto-prices,recurring,hide-from-new",Crypto,0.0035
2206517,"Bitcoin Up or Down - May 10, 12:15AM-12:30AM ET",btc-updown-15m-1778386500,Crypto,30899.53189100001,2026-05-09T04:22:57.339199Z,2026-05-10T04:30:00Z,1,93868553517730681940531239038909893906248610113362426079386648576545348081540,"up-or-down,crypto-prices,hide-from-new,recurring,crypto,bitcoin,15M",Crypto,0.505
2189100,"Solana Up or Down - May 9, 8:25AM-8:30AM ET",sol-updown-5m-1778329500,Crypto,13038.671820000001,2026-05-08T12:32:51.293168Z,2026-05-09T12:30:00Z,0,44386153001654413693848093818936164758669517101765482218830407343501697005435,"up-or-down,crypto-prices,hide-from-new,recurring,crypto,solana,5M",Crypto,0.5
2190258,"Bitcoin Up or Down - May 9, 12:30PM-12:35PM ET",btc-updown-5m-1778344200,Crypto,71504.96556099989,2026-05-08T16:37:36.132286Z,2026-05-09T16:35:00Z,0,83446626952139500261206189229079594900541096191923843339613349221495514718501,"hide-from-new,recurring,crypto,up-or-down,crypto-prices,bitcoin,5M",Crypto,0.505
2204093,"Bitcoin Up or Down - May 9, 8:55PM-9:00PM ET",btc-updown-5m-1778374500,Crypto,73683.27121000006,2026-05-09T01:03:54.123223Z,2026-05-10T01:00:00Z,1,76542265238870614378659494330139244008451468773980599590256985738608371056321,"up-or-down,crypto-prices,hide-from-new,recurring,crypto,bitcoin,5M",Crypto,0.505
2189076,"Bitcoin Up or Down - May 9, 8:15AM-8:30AM ET",btc-updown-15m-1778328900,Crypto,47551.18440399999,2026-05-08T12:22:57.81842Z,2026-05-09T12:30:00Z,1,114573288393142524766038177057535736979061088928842518976573237531951322313437,"up-or-down,crypto-prices,hide-from-new,recurring,crypto,bitcoin,15M",Crypto,0.505
2192010,"Ethereum Up or Down - May 10, 2PM ET",ethereum-up-or-down-may-10-2026-2pm-et,Crypto,12003.079027999995,2026-05-08T18:02:41.328084Z,2026-05-10T19:00:00Z,0,96962070289900102467510605742716719922932957266733653508254847141199659321787,"crypto,crypto-prices,recurring,hide-from-new,ethereum,1H,up-or-down",Crypto,0.5
2203335,"Bitcoin Up or Down - May 9, 6:05PM-6:10PM ET",btc-updown-5m-1778364300,Crypto,62494.08334199996,2026-05-08T22:13:58.095444Z,2026-05-09T22:10:00Z,0,112676463484121965975746741427468806176547465141929904511496115424744493990473,"up-or-down,crypto-prices,hide-from-new,recurring,crypto,bitcoin,5M",Crypto,0.505
2216917,"Bitcoin Up or Down - May 10, 3:30PM-3:35PM ET",btc-updown-5m-1778441400,Crypto,49617.808772999975,2026-05-09T19:38:29.080894Z,2026-05-10T19:35:00Z,0,70686312302458329984454346594401341845504137416904270004873704464346669270304,"up-or-down,crypto-prices,hide-from-new,recurring,crypto,bitcoin,5M",Crypto,0.505
2188850,"Bitcoin Up or Down - May 9, 7:25AM-7:30AM ET",btc-updown-5m-1778325900,Crypto,47130.40733100007,2026-05-08T11:38:37.423846Z,2026-05-09T11:30:00Z,1,68258077740543865735368918624815739396918769969414652185996591576299601385995,"up-or-down,crypto-prices,hide-from-new,recurring,crypto,bitcoin,5M",Crypto,0.505
2189778,"Bitcoin Up or Down - May 9, 11:30AM-11:35AM ET",btc-updown-5m-1778340600,Crypto,74006.47998999993,2026-05-08T15:37:51.965284Z,2026-05-09T15:35:00Z,1,66661506744358206608080577288110271542906528378963528268643057868707679222328,"up-or-down,crypto-prices,hide-from-new,recurring,crypto,bitcoin,5M",Crypto,0.505
2199304,"Bitcoin Up or Down - May 9, 3:40PM-3:45PM ET",btc-updown-5m-1778355600,Crypto,48575.25961799998,2026-05-08T19:50:23.886897Z,2026-05-09T19:45:00Z,1,92723125461854386170003297765594485993900475563731124346042172602505193811956,"up-or-down,crypto-prices,hide-from-new,recurring,crypto,bitcoin,5M",Crypto,0.505
2217545,"Bitcoin Up or Down - May 10, 5:15PM-5:20PM ET",btc-updown-5m-1778447700,Crypto,81626.853195,2026-05-09T21:28:07.742132Z,2026-05-10T21:20:00Z,1,82766467859217359946930088494172506848800914322511531305069915411795112610552,"up-or-down,crypto-prices,hide-from-new,recurring,crypto,bitcoin,5M",Crypto,0.505
2216025,"Bitcoin Up or Down - May 10, 12:15PM-12:20PM ET",btc-updown-5m-1778429700,Crypto,67106.67340400004,2026-05-09T16:25:25.273662Z,2026-05-10T16:20:00Z,0,47541958894193732212852101274912658969155874289269827224373692024414199631516,"up-or-down,crypto-prices,hide-from-new,recurring,crypto,bitcoin,5M",Crypto,0.505
2203427,"Ethereum Up or Down - May 9, 6:45PM-6:50PM ET",eth-updown-5m-1778366700,Crypto,18873.185848000005,2026-05-08T22:54:18.558127Z,2026-05-09T22:50:00Z,0,55429279417408038172692176667571464790342990209402763806133822201946434122995,"up-or-down,crypto-prices,hide-from-new,recurring,crypto,ethereum,5M",Crypto,0.5
2217631,"Bitcoin Up or Down - May 10, 5:40PM-5:45PM ET",btc-updown-5m-1778449200,Crypto,244457.2154359999,2026-05-09T21:49:01.072951Z,2026-05-10T21:45:00Z,1,47629511199448870865742996780694792162982902596752752272475549708656944309390,"up-or-down,crypto-prices,hide-from-new,recurring,crypto,bitcoin,5M",Crypto,0.505
2209246,"Bitcoin Up or Down - May 10, 5:05AM-5:10AM ET",btc-updown-5m-1778403900,Crypto,55307.82196600007,2026-05-09T09:15:04.667508Z,2026-05-10T09:10:00Z,0,41660579801227757612741813947366441458181978572887288063487688026496035484074,"up-or-down,crypto-prices,hide-from-new,recurring,crypto,bitcoin,5M",Crypto,0.505
2209334,"Bitcoin Up or Down - May 10, 5:10AM-5:15AM ET",btc-updown-5m-1778404200,Crypto,107945.516332,2026-05-09T09:19:54.782527Z,2026-05-10T09:15:00Z,0,89582268670843218214879582538071034614426151429931259573657954566494514911896,"up-or-down,crypto-prices,hide-from-new,recurring,crypto,bitcoin,5M",Crypto,0.505
2204015,"Ethereum Up or Down - May 9, 8:30PM-8:45PM ET",eth-updown-15m-1778373000,Crypto,25099.041014000002,2026-05-09T00:39:47.893577Z,2026-05-10T00:45:00Z,1,49919687329400260761023910485120252595709283177807358177851219900059196256546,"up-or-down,crypto-prices,hide-from-new,recurring,crypto,ethereum,15M",Crypto,0.505
2217331,"Ethereum Up or Down - May 10, 4:45PM-5:00PM ET",eth-updown-15m-1778445900,Crypto,14387.979512999984,2026-05-09T20:54:56.876185Z,2026-05-10T21:00:00Z,0,108910103425715336446064082102554002248489315502428802744813239496404072954029,"up-or-down,crypto-prices,hide-from-new,recurring,crypto,ethereum,15M",Crypto,0.505
2218771,"Bitcoin Up or Down - May 10, 8:05PM-8:10PM ET",btc-updown-5m-1778457900,Crypto,89128.9972509999,2026-05-10T00:13:29.756704Z,2026-05-11T00:10:00Z,0,90989911329642682927491086801114979205524896318283002081648438340397981314801,"up-or-down,crypto-prices,hide-from-new,recurring,crypto,bitcoin,5M",Crypto,0.505
2216956,"Bitcoin Up or Down - May 10, 3:35PM-3:40PM ET",btc-updown-5m-1778441700,Crypto,40692.04362299993,2026-05-09T19:43:01.478925Z,2026-05-10T19:40:00Z,0,88669724573603315443289130864295644966921180275129393841193507645738169790986,"hide-from-new,recurring,crypto,bitcoin,up-or-down,crypto-prices,5M",Crypto,0.505
2209566,"Bitcoin Up or Down - May 10, 5:55AM-6:00AM ET",btc-updown-5m-1778406900,Crypto,64769.61608800001,2026-05-09T10:04:27.664727Z,2026-05-10T10:00:00Z,1,62544756855998976739132898022309639699397507792050478742071214043145211931429,"up-or-down,crypto-prices,crypto,hide-from-new,recurring,bitcoin,5M",Crypto,0.505
2189349,"Bitcoin Up or Down - May 9, 9:30AM-9:35AM ET",btc-updown-5m-1778333400,Crypto,134255.4818659993,2026-05-08T13:38:34.850281Z,2026-05-09T13:35:00Z,0,2480252007888354321068293109593344463102553472454721285527091645665136197635,"up-or-down,crypto-prices,hide-from-new,recurring,crypto,bitcoin,5M",Crypto,0.505
2216221,"Bitcoin Up or Down - May 10, 1:00PM-1:05PM ET",btc-updown-5m-1778432400,Crypto,54192.654266000114,2026-05-09T17:12:31.028315Z,2026-05-10T17:05:00Z,1,91050530180317976309524283428196162939941956556382378302694418171380878497565,"up-or-down,crypto-prices,hide-from-new,recurring,crypto,bitcoin,5M",Crypto,0.505
2190065,"Bitcoin Up or Down - May 9, 12:00PM-12:05PM ET",btc-updown-5m-1778342400,Crypto,75772.16914599997,2026-05-08T16:08:07.787223Z,2026-05-09T16:05:00Z,0,69250067819564074172731804168256416543860479666300823408163166652582476503582,"up-or-down,crypto-prices,hide-from-new,recurring,crypto,bitcoin,5M",Crypto,0.505
2197381,"Ethereum Up or Down - May 9, 3:15PM-3:30PM ET",eth-updown-15m-1778354100,Crypto,10135.399175000002,2026-05-08T19:24:58.350693Z,2026-05-09T19:30:00Z,0,70827780331243621961156968933763752631206379092529995273207050684948849551002,"up-or-down,crypto-prices,hide-from-new,recurring,crypto,ethereum,15M",Crypto,0.5
2219252,"Bitcoin Up or Down - May 10, 10:35PM-10:40PM ET",btc-updown-5m-1778466900,Crypto,90449.09238299991,2026-05-10T02:43:19.038316Z,2026-05-11T02:40:00Z,1,109975233796574634178608305038766543676978627403425728222918585443937771591633,"up-or-down,crypto-prices,hide-from-new,recurring,crypto,bitcoin,5M",Crypto,0.505
2190101,"Bitcoin Up or Down - May 9, 12:05PM-12:10PM ET",btc-updown-5m-1778342700,Crypto,59277.5338149999,2026-05-08T16:12:41.597433Z,2026-05-09T16:10:00Z,1,82945626831705156758800231438356458244605145189355675796746663405143704597864,"hide-from-new,recurring,bitcoin,up-or-down,crypto-prices,crypto,5M",Crypto,0.505
2218914,"Bitcoin Up or Down - May 10, 8:55PM-9:00PM ET",btc-updown-5m-1778460900,Crypto,77564.58121500004,2026-05-10T01:02:53.122494Z,2026-05-11T01:00:00Z,1,100773442899990141704865900887232627159423620918427257728444150331588089377510,"up-or-down,crypto-prices,hide-from-new,recurring,crypto,bitcoin,5M",Crypto,0.505
2207922,"Bitcoin Up or Down - May 10, 3:15AM-3:30AM ET",btc-updown-15m-1778397300,Crypto,37213.06238700002,2026-05-09T07:28:44.254434Z,2026-05-10T07:30:00Z,1,10683603288226239256154699560677297840017083574514480411697741633535617525528,"up-or-down,crypto-prices,hide-from-new,recurring,crypto,bitcoin,15M",Crypto,0.505
2148680,"Will the price of Bitcoin be less than $70,000 on May 10?",will-the-price-of-bitcoin-be-less-than-70000-on-may-10,Crypto,22587.934602999987,2026-05-03T16:07:39.667008Z,2026-05-10T16:00:00Z,0,10317074596451094049266173991928696742542826306751782862370128372527087928052,"bitcoin,weekly,neg-risk,crypto,crypto-prices,recurring,hide-from-new",Crypto,0.0005
2213780,"Bitcoin Up or Down - May 10, 10:40AM-10:45AM ET",btc-updown-5m-1778424000,Crypto,47598.67344199999,2026-05-09T14:48:19.278291Z,2026-05-10T14:45:00Z,0,55106271105439836935072323370559370461255612523181852250519546990429581207425,"up-or-down,crypto-prices,hide-from-new,recurring,crypto,bitcoin,5M",Crypto,0.505
2190062,"Solana Up or Down - May 9, 12:00PM-4:00PM ET",sol-updown-4h-1778342400,Crypto,15501.240720999998,2026-05-08T16:07:58.104034Z,2026-05-09T20:00:00Z,1,96187288321327957702094154053376860991748558390089269298094920621462307710903,"recurring,crypto,solana,4h,up-or-down,crypto-prices,hide-from-new",Crypto,0.5
2204141,"Bitcoin Up or Down - May 9, 9:15PM-9:30PM ET",btc-updown-15m-1778375700,Crypto,33110.33755400003,2026-05-09T01:23:42.433179Z,2026-05-10T01:30:00Z,0,28453191728415733247031973109414670397166874151359951555845516815645264672014,"up-or-down,crypto-prices,hide-from-new,recurring,crypto,bitcoin,15M",Crypto,0.505
2203415,"Bitcoin Up or Down - May 9, 6:40PM-6:45PM ET",btc-updown-5m-1778366400,Crypto,52330.96166300003,2026-05-08T22:48:56.567995Z,2026-05-09T22:45:00Z,1,81489276735755499068159251479141351116094407413092409220392822750176506071973,"bitcoin,5M,up-or-down,crypto-prices,hide-from-new,recurring,crypto",Crypto,0.505
2192066,"Bitcoin Up or Down - May 9, 2:00PM-2:05PM ET",btc-updown-5m-1778349600,Crypto,99895.62139899984,2026-05-08T18:08:10.721582Z,2026-05-09T18:05:00Z,1,84339974592313555115142085022261170349952158331122382320135406375691172094057,"up-or-down,crypto-prices,hide-from-new,recurring,crypto,bitcoin,5M",Crypto,0.505
2192241,"Bitcoin Up or Down - May 9, 2:50PM-2:55PM ET",btc-updown-5m-1778352600,Crypto,42146.793410000035,2026-05-08T18:57:59.35872Z,2026-05-09T18:55:00Z,1,44173152874054356921403801970420825203463922532709232399540990898805152869195,"up-or-down,crypto-prices,hide-from-new,recurring,crypto,bitcoin,5M",Crypto,0.505
2148860,Will the price of Solana be above $100 on May 10?,solana-above-100-on-may-10,Crypto,50224.59167200001,2026-05-03T16:16:15.412859Z,2026-05-10T16:00:00Z,0,64863005179034154161693825777691192148356393323528385159183157502335450250132,"solana,weekly,multi-strikes,crypto,crypto-prices,recurring,hide-from-new",Crypto,0.0015
2203544,"Bitcoin Up or Down - May 9, 7:20PM-7:25PM ET",btc-updown-5m-1778368800,Crypto,69363.19045099999,2026-05-08T23:29:49.420438Z,2026-05-09T23:25:00Z,0,66525870669776145219415069853993839528253053566622990388780446893541301811952,"up-or-down,crypto-prices,hide-from-new,recurring,crypto,bitcoin,5M",Crypto,0.505
2213797,"Ethereum Up or Down - May 10, 10:45AM-11:00AM ET",eth-updown-15m-1778424300,Crypto,10645.969411,2026-05-09T14:55:35.496646Z,2026-05-10T15:00:00Z,1,36584002454515757555025094119357717626585583308592421038435033104595489169198,"up-or-down,crypto-prices,hide-from-new,recurring,crypto,ethereum,15M",Crypto,0.505
2209391,"Bitcoin Up or Down - May 10, 5:30AM-5:35AM ET",btc-updown-5m-1778405400,Crypto,80510.24025899994,2026-05-09T09:40:12.871441Z,2026-05-10T09:35:00Z,0,71862916561291951487495932010311970128128026552016387379543019704405386088001,"up-or-down,crypto-prices,hide-from-new,recurring,crypto,bitcoin,5M",Crypto,0.505
2216968,"Bitcoin Up or Down - May 10, 3:40PM-3:45PM ET",btc-updown-5m-1778442000,Crypto,51885.20370900005,2026-05-09T19:48:15.131002Z,2026-05-10T19:45:00Z,1,5795484805138590145160411636164990822257401568313293696227068965209603135393,"up-or-down,crypto-prices,hide-from-new,recurring,crypto,bitcoin,5M",Crypto,0.505
2192077,"Bitcoin Up or Down - May 9, 2:10PM-2:15PM ET",btc-updown-5m-1778350200,Crypto,114217.14483200008,2026-05-08T18:17:59.030703Z,2026-05-09T18:15:00Z,1,28620675188137787386330625227196165512055170006003836749481731769874672972124,"up-or-down,crypto-prices,hide-from-new,recurring,bitcoin,crypto,5M",Crypto,0.505
2189867,"Ethereum Up or Down - May 9, 11:40AM-11:45AM ET",eth-updown-5m-1778341200,Crypto,18286.018261999998,2026-05-08T15:47:43.916907Z,2026-05-09T15:45:00Z,0,78255755847737576461243103864110844529435734859053896373421181400109323638648,"up-or-down,crypto-prices,hide-from-new,recurring,crypto,ethereum,5M",Crypto,0.5
2204385,"Bitcoin Up or Down - May 9, 10:35PM-10:40PM ET",btc-updown-5m-1778380500,Crypto,47929.74941199996,2026-05-09T02:42:54.53091Z,2026-05-10T02:40:00Z,1,77457698908492684431850945972475691232125526232806119715497236095788786876065,"up-or-down,crypto-prices,hide-from-new,recurring,crypto,bitcoin,5M",Crypto,0.505
2206699,"Bitcoin Up or Down - May 10, 1:20AM-1:25AM ET",btc-updown-5m-1778390400,Crypto,34192.70586200003,2026-05-09T05:27:40.886296Z,2026-05-10T05:25:00Z,1,110206838083197590240389865435812428292172485703680086583171098133850967234952,"up-or-down,crypto-prices,hide-from-new,recurring,crypto,bitcoin,5M",Crypto,0.505
2217082,"Bitcoin Up or Down - May 10, 3:50PM-3:55PM ET",btc-updown-5m-1778442600,Crypto,45106.26123600002,2026-05-09T19:58:17.665814Z,2026-05-10T19:55:00Z,0,102917680548630161262093591505346411639317255207483740818739910614627329015001,"up-or-down,crypto-prices,hide-from-new,recurring,crypto,bitcoin,5M",Crypto,0.505
2192242,"Bitcoin Up or Down - May 10, 3PM ET",bitcoin-up-or-down-may-10-2026-3pm-et,Crypto,39674.84707000001,2026-05-09T00:03:56.981793Z,2026-05-10T20:00:00Z,1,74562156587256449443982413594799824898790403817821162674560943204964704682881,"crypto,crypto-prices,recurring,hide-from-new,bitcoin,1H,up-or-down",Crypto,0.5
2201374,"Ethereum Up or Down - May 9, 5:10PM-5:15PM ET",eth-updown-5m-1778361000,Crypto,10529.967666000002,2026-05-08T21:19:39.04615Z,2026-05-09T21:15:00Z,0,13205890513885437374757848343467822091354605855231188571060418742409645752068,"up-or-down,crypto-prices,hide-from-new,recurring,crypto,ethereum,5M",Crypto,0.505
2189316,"Bitcoin Up or Down - May 9, 9:15AM-9:30AM ET",btc-updown-15m-1778332500,Crypto,26887.853657,2026-05-08T13:23:10.95464Z,2026-05-09T13:30:00Z,0,79419817968175564794299185825938401187200830038396436871309047512096182244807,"up-or-down,crypto-prices,hide-from-new,recurring,crypto,bitcoin,15M",Crypto,0.505
2199952,"Bitcoin Up or Down - May 9, 4:15PM-4:20PM ET",btc-updown-5m-1778357700,Crypto,45465.402769999906,2026-05-08T20:25:43.319662Z,2026-05-09T20:20:00Z,0,22401891258213043430375986552838882747708846613753758701009692367412954819086,"up-or-down,crypto-prices,hide-from-new,recurring,crypto,bitcoin,5M",Crypto,0.505
2210972,"Bitcoin Up or Down - May 10, 8:15AM-8:30AM ET",btc-updown-15m-1778415300,Crypto,26207.99203499999,2026-05-09T12:24:07.142944Z,2026-05-10T12:30:00Z,1,78321790314555257376668510508192107429927582766295169283433954531063915715055,"up-or-down,crypto-prices,hide-from-new,recurring,crypto,bitcoin,15M",Crypto,0.495
2207605,"Bitcoin Up or Down - May 10, 2:50AM-2:55AM ET",btc-updown-5m-1778395800,Crypto,50918.05088099986,2026-05-09T07:12:24.970731Z,2026-05-10T06:55:00Z,1,54181318366643749872336350679724518313070267283970040649127662740673136626269,"up-or-down,crypto-prices,hide-from-new,recurring,crypto,bitcoin,5M",Crypto,0.505
2212510,"Bitcoin Up or Down - May 10, 9:30AM-9:35AM ET",btc-updown-5m-1778419800,Crypto,90821.83324599994,2026-05-09T13:39:40.688919Z,2026-05-10T13:35:00Z,1,48532884437758515628271866902346126837625140781816610596664298341576705429019,"up-or-down,crypto-prices,hide-from-new,recurring,crypto,bitcoin,5M",Crypto,0.505
2190424,"Ethereum Up or Down - May 10, 1PM ET",ethereum-up-or-down-may-10-2026-1pm-et,Crypto,14024.878865999994,2026-05-08T17:03:14.603387Z,2026-05-10T18:00:00Z,1,48857129531337038289797485483779255861412592199315453940204903762240595355429,"crypto,crypto-prices,recurring,hide-from-new,ethereum,1H,up-or-down",Crypto,0.5
2217348,"Bitcoin Up or Down - May 10, 4:50PM-4:55PM ET",btc-updown-5m-1778446200,Crypto,83100.69154499985,2026-05-09T21:00:12.068534Z,2026-05-10T20:55:00Z,1,52266969418901293850362078603626211114589744589346734228747925255338102162886,"up-or-down,crypto-prices,hide-from-new,recurring,crypto,bitcoin,5M",Crypto,0.505
2140903,"Will the price of Ethereum be above $1,900 on May 9?",ethereum-above-1900-on-may-9,Crypto,13040.364664,2026-05-02T16:03:58.240272Z,2026-05-09T16:00:00Z,1,70980778453160305980382443776791846639826873070331085054890247189636176584900,"ethereum,weekly,multi-strikes,crypto,crypto-prices,recurring,hide-from-new",Crypto,0.9995
2203531,"Bitcoin Up or Down - May 9, 7:15PM-7:30PM ET",btc-updown-15m-1778368500,Crypto,20154.878057000013,2026-05-08T23:26:24.080124Z,2026-05-09T23:30:00Z,0,16312461731859323936932415984582645073264804244718742754803997577541727557493,"up-or-down,crypto-prices,hide-from-new,recurring,crypto,bitcoin,15M",Crypto,0.505
2217067,"Bitcoin Up or Down - May 10, 3:45PM-4:00PM ET",btc-updown-15m-1778442300,Crypto,57773.70869500001,2026-05-09T19:53:16.591619Z,2026-05-10T20:00:00Z,0,27638766607662405880382968782375980377334820412420166533517806281315574598856,"up-or-down,crypto-prices,hide-from-new,recurring,crypto,bitcoin,15M",Crypto,0.505
2188796,"Bitcoin Up or Down - May 9, 7:05AM-7:10AM ET",btc-updown-5m-1778324700,Crypto,65413.48379500001,2026-05-08T11:13:17.98794Z,2026-05-09T11:10:00Z,0,41841690083989019765183105082964474599784944960827082507990019498062336157435,"up-or-down,crypto-prices,hide-from-new,recurring,crypto,bitcoin,5M",Crypto,0.505
2216269,"Bitcoin Up or Down - May 10, 1:15PM-1:30PM ET",btc-updown-15m-1778433300,Crypto,42670.17862899999,2026-05-09T17:26:37.523991Z,2026-05-10T17:30:00Z,1,99110633413172191355502293966808758129577696038236514565432115577484076999034,"up-or-down,crypto-prices,hide-from-new,recurring,crypto,bitcoin,15M",Crypto,0.505
2203561,"Bitcoin Up or Down - May 9, 7:25PM-7:30PM ET",btc-updown-5m-1778369100,Crypto,80685.32230199999,2026-05-08T23:35:04.868155Z,2026-05-09T23:30:00Z,0,3657779473254300310794644727279376503888334753273242392088665511245204267192,"up-or-down,crypto-prices,hide-from-new,recurring,crypto,bitcoin,5M",Crypto,0.505
2214699,"Ethereum Up or Down - May 10, 11:45AM-11:50AM ET",eth-updown-5m-1778427900,Crypto,11823.677988999998,2026-05-09T15:53:43.896061Z,2026-05-10T15:50:00Z,1,52709583280201794840919037903250301005769389929668238120804128033418552570296,"up-or-down,crypto-prices,hide-from-new,recurring,crypto,ethereum,5M",Crypto,0.505
2214470,"Bitcoin Up or Down - May 10, 11:00AM-11:05AM ET",btc-updown-5m-1778425200,Crypto,80156.78772599995,2026-05-09T15:08:32.800705Z,2026-05-10T15:05:00Z,1,82461628077830396367837036096580923144564368562396330357499575570577601015416,"up-or-down,crypto-prices,hide-from-new,recurring,crypto,bitcoin,5M",Crypto,0.505
2209591,"Bitcoin Up or Down - May 10, 6:05AM-6:10AM ET",btc-updown-5m-1778407500,Crypto,78633.38328699993,2026-05-09T10:14:53.5648Z,2026-05-10T10:10:00Z,1,86893187130616808065056118076422282700424476327781825298075044201409637374276,"up-or-down,crypto-prices,hide-from-new,recurring,crypto,bitcoin,5M",Crypto,0.505
2217413,"Bitcoin Up or Down - May 10, 4:55PM-5:00PM ET",btc-updown-5m-1778446500,Crypto,63808.359922999916,2026-05-09T21:07:12.575772Z,2026-05-10T21:00:00Z,1,61805322130707525412908547760596966003748698521654820448797489011940730048060,"up-or-down,crypto-prices,hide-from-new,recurring,crypto,bitcoin,5M",Crypto,0.505
2190418,"Bitcoin Up or Down - May 10, 1PM ET",bitcoin-up-or-down-may-10-2026-1pm-et,Crypto,69851.38240399992,2026-05-08T17:03:55.728876Z,2026-05-10T18:00:00Z,1,52622700254898041828300561876873979238210000946107566373296441112321153852515,"crypto,crypto-prices,recurring,hide-from-new,bitcoin,1H,up-or-down",Crypto,0.505
2216247,"Bitcoin Up or Down - May 10, 1:10PM-1:15PM ET",btc-updown-5m-1778433000,Crypto,60249.932024999864,2026-05-09T17:20:16.776889Z,2026-05-10T17:15:00Z,1,4281544567363500842061339957892540114847145998059884507549685346017572055539,"up-or-down,crypto-prices,hide-from-new,recurring,crypto,bitcoin,5M",Crypto,0.505
2208183,"Bitcoin Up or Down - May 10, 4:00AM-4:15AM ET",btc-updown-15m-1778400000,Crypto,27410.534029000013,2026-05-09T08:14:27.436175Z,2026-05-10T08:15:00Z,1,50808667441396153735501022640416031825306272616112591825830725922315541457047,"crypto-prices,crypto,15M,up-or-down,hide-from-new,recurring,bitcoin",Crypto,0.505
2148765,"Will the price of Bitcoin be above $70,000 on May 10?",bitcoin-above-70k-on-may-10,Crypto,60699.49198600001,2026-05-03T16:05:42.32837Z,2026-05-10T16:00:00Z,1,94193827014671399447357990089326918027303160435238010129267229756286183166940,"bitcoin,weekly,multi-strikes,crypto,crypto-prices,recurring,hide-from-new",Crypto,0.9995
2209351,"Bitcoin Up or Down - May 10, 5:15AM-5:30AM ET",btc-updown-15m-1778404500,Crypto,29325.97513100005,2026-05-09T09:25:08.03537Z,2026-05-10T09:30:00Z,0,16423310380540769975579403420755071760085936694098977995817606002281097139462,"up-or-down,crypto-prices,hide-from-new,recurring,crypto,bitcoin,15M",Crypto,0.505
2189895,"Bitcoin Up or Down - May 9, 11:45AM-11:50AM ET",btc-updown-5m-1778341500,Crypto,72905.73048199996,2026-05-08T15:52:53.633739Z,2026-05-09T15:50:00Z,1,24902510790108126200488834471430654319222266034202987284346828082836056341432,"up-or-down,crypto-prices,hide-from-new,recurring,crypto,bitcoin,5M",Crypto,0.505
2217311,"Bitcoin Up or Down - May 10, 4:35PM-4:40PM ET",btc-updown-5m-1778445300,Crypto,91802.12067699987,2026-05-09T20:51:35.949949Z,2026-05-10T20:40:00Z,1,61995065007959611670263561579137884388786911009125985476356741478251005665907,"up-or-down,crypto-prices,hide-from-new,recurring,crypto,bitcoin,5M",Crypto,0.505
2184537,"Bitcoin Up or Down - May 9, 5PM ET",bitcoin-up-or-down-may-9-2026-5pm-et,Crypto,48203.37448299995,2026-05-07T21:02:25.212806Z,2026-05-09T22:00:00Z,0,26402237192823143862946637760591434282674449145533224507445965700197103449069,"crypto,crypto-prices,recurring,hide-from-new,bitcoin,1H,up-or-down",Crypto,0.505
2188331,"Bitcoin Up or Down - May 10, 5AM ET",bitcoin-up-or-down-may-10-2026-5am-et,Crypto,37386.08442699999,2026-05-08T09:02:13.817388Z,2026-05-10T10:00:00Z,0,6518125280819510443083732876186201789261196443564039150573091359641235573591,"crypto,crypto-prices,recurring,hide-from-new,bitcoin,1H,up-or-down",Crypto,0.5
2192130,"Ethereum Up or Down - May 9, 2:25PM-2:30PM ET",eth-updown-5m-1778351100,Crypto,11966.599185000001,2026-05-08T18:32:45.420772Z,2026-05-09T18:30:00Z,1,36816130159300092637743071008223535220944344852707609718768445922677303546970,"up-or-down,crypto-prices,hide-from-new,recurring,crypto,ethereum,5M",Crypto,0.5
2183380,"Ethereum Up or Down - May 9, 2PM ET",ethereum-up-or-down-may-9-2026-2pm-et,Crypto,13657.649625000004,2026-05-07T18:02:23.071896Z,2026-05-09T19:00:00Z,1,17300346929156141612086656558670177374927932426266215530647889389431062218994,"crypto,crypto-prices,recurring,hide-from-new,ethereum,1H,up-or-down",Crypto,0.5
2189667,"Bitcoin Up or Down - May 9, 10:50AM-10:55AM ET",btc-updown-5m-1778338200,Crypto,64410.36616199997,2026-05-08T14:57:53.116555Z,2026-05-09T14:55:00Z,0,19464931914504062528320962928305092874916545815785180686446093688638534497319,"up-or-down,crypto-prices,hide-from-new,recurring,crypto,bitcoin,5M",Crypto,0.505
2216105,"Bitcoin Up or Down - May 10, 12:35PM-12:40PM ET",btc-updown-5m-1778430900,Crypto,57539.424671999834,2026-05-09T16:45:31.609768Z,2026-05-10T16:40:00Z,1,12104072802948943130163361671597425676140250350926939164167239686788665452841,"recurring,crypto,bitcoin,5M,up-or-down,crypto-prices,hide-from-new",Crypto,0.505
2201444,"Bitcoin Up or Down - May 9, 5:35PM-5:40PM ET",btc-updown-5m-1778362500,Crypto,52310.27503399992,2026-05-08T21:44:04.475216Z,2026-05-09T21:40:00Z,0,65203252857881283999115889642244337692052424255558694506789902494244174915422,"up-or-down,hide-from-new,crypto-prices,recurring,crypto,bitcoin,5M",Crypto,0.505
2189563,"Ethereum Up or Down - May 9, 10:30AM-10:45AM ET",eth-updown-15m-1778337000,Crypto,14401.862175000017,2026-05-08T14:38:29.852681Z,2026-05-09T14:45:00Z,1,92545283820597775000704085274232313354219680766531463727038130040161568201381,"up-or-down,crypto-prices,hide-from-new,recurring,crypto,ethereum,15M",Crypto,0.505
2199421,"Bitcoin Up or Down - May 9, 3:50PM-3:55PM ET",btc-updown-5m-1778356200,Crypto,76307.1995449999,2026-05-08T20:00:31.950819Z,2026-05-09T19:55:00Z,1,54514091414358274359601544911160222629557552327994355704867375547359133032194,"up-or-down,crypto-prices,hide-from-new,recurring,crypto,bitcoin,5M",Crypto,0.505
2189600,"Bitcoin Up or Down - May 9, 10:40AM-10:45AM ET",btc-updown-5m-1778337600,Crypto,115096.47614599994,2026-05-08T14:47:52.549913Z,2026-05-09T14:45:00Z,1,87100653459810008395808017366627868577204890781335702478310289611099577056750,"up-or-down,crypto-prices,hide-from-new,recurring,crypto,bitcoin,5M",Crypto,0.505
2203409,"Bitcoin Up or Down - May 9, 6:35PM-6:40PM ET",btc-updown-5m-1778366100,Crypto,45825.35345199986,2026-05-08T22:43:40.642673Z,2026-05-09T22:40:00Z,1,59633549891121937318747513470516206919722187154096687927053308847766438920040,"up-or-down,crypto-prices,hide-from-new,recurring,crypto,bitcoin,5M",Crypto,0.505
2190123,"Ethereum Up or Down - May 9, 12:10PM-12:15PM ET",eth-updown-5m-1778343000,Crypto,11889.230113000009,2026-05-08T16:17:49.273417Z,2026-05-09T16:15:00Z,0,59427193201222311452160758415233734838418460552433581967902938017723855101574,"crypto,up-or-down,crypto-prices,hide-from-new,recurring,ethereum,5M",Crypto,0.5
2190404,"Bitcoin Up or Down - May 9, 12:45PM-12:50PM ET",btc-updown-5m-1778345100,Crypto,76372.94293499984,2026-05-08T16:53:01.444842Z,2026-05-09T16:50:00Z,0,56601545307076555018881376187184798512265579644583545162142571057287464317909,"up-or-down,crypto-prices,hide-from-new,recurring,crypto,bitcoin,5M",Crypto,0.505
2209776,"Bitcoin Up or Down - May 10, 6:50AM-6:55AM ET",btc-updown-5m-1778410200,Crypto,119892.21028200001,2026-05-09T10:59:36.473547Z,2026-05-10T10:55:00Z,1,32833785542495881433159558878055746264130926478422080966919084751655585230911,"up-or-down,crypto-prices,hide-from-new,recurring,crypto,bitcoin,5M",Crypto,0.505
2189087,"Bitcoin Up or Down - May 9, 8:15AM-8:20AM ET",btc-updown-5m-1778328900,Crypto,110544.27663399985,2026-05-08T12:22:48.568443Z,2026-05-09T12:20:00Z,1,112140613413078564339982564307056998281446352832055659318111643530943959907705,"up-or-down,crypto-prices,hide-from-new,recurring,crypto,bitcoin,5M",Crypto,0.505
2206502,"Bitcoin Up or Down - May 10, 12:05AM-12:10AM ET",btc-updown-5m-1778385900,Crypto,33448.67718299999,2026-05-09T04:12:49.072087Z,2026-05-10T04:10:00Z,1,98510931196562235293677060889006136291032245729225665683498316728203716070282,"up-or-down,crypto-prices,hide-from-new,recurring,crypto,bitcoin,5M",Crypto,0.505
2148780,"Will the price of Bitcoin be above $78,000 on May 10?",bitcoin-above-78k-on-may-10,Crypto,375475.8659349997,2026-05-03T16:10:50.029443Z,2026-05-10T16:00:00Z,1,48123698064064957219123355650595533998013332482000406578050392614927023113288,"bitcoin,weekly,multi-strikes,crypto,crypto-prices,recurring,hide-from-new",Crypto,0.9895
2190408,"Ethereum Up or Down - May 9, 12:45PM-1:00PM ET",eth-updown-15m-1778345100,Crypto,11928.608266999994,2026-05-08T16:53:06.229388Z,2026-05-09T17:00:00Z,0,63756949134866833524064868978466928228978428042431178098081802304662520090538,"up-or-down,crypto-prices,hide-from-new,recurring,crypto,ethereum,15M",Crypto,0.5
2208179,"Bitcoin Up or Down - May 10, 4:00AM-4:05AM ET",btc-updown-5m-1778400000,Crypto,40691.96317599999,2026-05-09T08:11:04.370266Z,2026-05-10T08:05:00Z,0,82941515165630015956165337763568894930299324355095526297919465043889672334004,"crypto-prices,hide-from-new,recurring,crypto,bitcoin,5M,up-or-down",Crypto,0.505
2186422,"Bitcoin Up or Down - May 10, 12AM ET",bitcoin-up-or-down-may-10-2026-12am-et,Crypto,23008.458546,2026-05-08T04:02:05.691605Z,2026-05-10T05:00:00Z,0,48107445638714022993385835770860735297805697021679933337518344183387676001074,"crypto,crypto-prices,hide-from-new,up-or-down,recurring,bitcoin,1H",Crypto,0.5
2217430,"Ethereum Up or Down - May 10, 5:00PM-5:15PM ET",eth-updown-15m-1778446800,Crypto,11389.711084000002,2026-05-09T21:09:57.145989Z,2026-05-10T21:15:00Z,0,101301021933483646981680294498672473853362919939582901513306847955056858290423,"up-or-down,crypto-prices,hide-from-new,recurring,crypto,ethereum,15M",Crypto,0.5
2215778,"Ethereum Up or Down - May 10, 12:00PM-12:05PM ET",eth-updown-5m-1778428800,Crypto,11567.159548999993,2026-05-09T16:09:39.921134Z,2026-05-10T16:05:00Z,0,51950843304691061787061374281725024522552234265587764104104375460425823900606,"up-or-down,crypto-prices,hide-from-new,recurring,crypto,ethereum,5M",Crypto,0.505
2140991,"Will the price of Bitcoin be above $68,000 on May 9?",bitcoin-above-68k-on-may-9,Crypto,125758.68199999977,2026-05-02T16:03:43.127072Z,2026-05-09T16:00:00Z,1,103254471230590472100760272015005912222928546842707456430896425018129368770579,"bitcoin,weekly,multi-strikes,crypto,crypto-prices,recurring,hide-from-new",Crypto,0.9995
2203584,"Bitcoin Up or Down - May 9, 7:30PM-7:35PM ET",btc-updown-5m-1778369400,Crypto,101518.28887399995,2026-05-08T23:42:12.948672Z,2026-05-09T23:35:00Z,1,39411959597097454525154282432471430065978627119835545566087085563142092017566,"up-or-down,crypto-prices,hide-from-new,recurring,crypto,bitcoin,5M",Crypto,0.505
2199412,"Bitcoin Up or Down - May 9, 3:45PM-4:00PM ET",btc-updown-15m-1778355900,Crypto,32920.40579,2026-05-08T19:56:23.41219Z,2026-05-09T20:00:00Z,1,61230459451443725165343447407822508724853089772013857759691067227077957128252,"up-or-down,crypto-prices,hide-from-new,recurring,crypto,bitcoin,15M",Crypto,0.505
2210140,"Ethereum Up or Down - May 10, 7:25AM-7:30AM ET",eth-updown-5m-1778412300,Crypto,16075.478030999999,2026-05-09T11:33:54.269541Z,2026-05-10T11:30:00Z,1,101206715936248393355007988431968928989874350631061507543570807012225432445116,"up-or-down,crypto-prices,hide-from-new,recurring,crypto,ethereum,5M",Crypto,0.505
2189038,"Bitcoin Up or Down - May 9, 7:55AM-8:00AM ET",btc-updown-5m-1778327700,Crypto,111059.59128599979,2026-05-08T12:08:31.79764Z,2026-05-09T12:00:00Z,0,66869155214147808887059864152938468327286183218998871229498308531767098436702,"up-or-down,crypto-prices,hide-from-new,recurring,crypto,bitcoin,5M",Crypto,0.005
2190068,"Ethereum Up or Down - May 9, 12:00PM-12:05PM ET",eth-updown-5m-1778342400,Crypto,12076.708225999997,2026-05-08T16:07:53.913217Z,2026-05-09T16:05:00Z,0,89347943999180509070047313025113280877231511532911762116509077950968414390050,"up-or-down,crypto-prices,hide-from-new,recurring,crypto,ethereum,5M",Crypto,0.505
2148702,"Will the price of Bitcoin be greater than $88,000 on May 10?",will-the-price-of-bitcoin-be-greater-than-88000-on-may-10,Crypto,12009.129043,2026-05-03T16:19:18.095747Z,2026-05-10T16:00:00Z,0,108887323867386471894517814010241275086620823761905443620479827144917608284037,"bitcoin,weekly,neg-risk,crypto,crypto-prices,recurring,hide-from-new",Crypto,0.0005
2192101,"Bitcoin Up or Down - May 9, 2:20PM-2:25PM ET",btc-updown-5m-1778350800,Crypto,63497.21010899999,2026-05-08T18:28:55.825184Z,2026-05-09T18:25:00Z,1,40656085433612060687167682307329302916586222715709276287983096998239177482184,"up-or-down,crypto-prices,hide-from-new,recurring,crypto,bitcoin,5M",Crypto,0.505
2199409,"Bitcoin Up or Down - May 9, 3:45PM-3:50PM ET",btc-updown-5m-1778355900,Crypto,47001.74564199993,2026-05-08T19:56:20.670479Z,2026-05-09T19:50:00Z,1,68255815096111626279762444333310731052126169112900548661377298717327476638719,"up-or-down,crypto-prices,hide-from-new,recurring,crypto,bitcoin,5M",Crypto,0.505
2189178,"Bitcoin Up or Down - May 10, 9AM ET",bitcoin-up-or-down-may-10-2026-9am-et,Crypto,40573.370286999976,2026-05-08T13:02:14.617621Z,2026-05-10T14:00:00Z,1,84063034059180273264383532196310093239881328155705816335840739923305878077742,"crypto,crypto-prices,recurring,hide-from-new,bitcoin,1H,up-or-down",Crypto,0.495
2201351,"Bitcoin Up or Down - May 9, 5:00PM-5:15PM ET",btc-updown-15m-1778360400,Crypto,20404.154613,2026-05-08T21:09:50.203678Z,2026-05-09T21:15:00Z,1,83820421086760801180492951991912513243190518249508850737273645681794568885316,"up-or-down,crypto-prices,hide-from-new,recurring,crypto,bitcoin,15M",Crypto,0.505
2209474,"Bitcoin Up or Down - May 10, 5:45AM-5:50AM ET",btc-updown-5m-1778406300,Crypto,137720.7134160002,2026-05-09T09:54:24.981044Z,2026-05-10T09:50:00Z,1,53842083108282091938356348080442157188998466039550488588754829154843310986046,"up-or-down,crypto-prices,hide-from-new,recurring,crypto,bitcoin,5M",Crypto,0.505
2189735,"Bitcoin Up or Down - May 9, 11:20AM-11:25AM ET",btc-updown-5m-1778340000,Crypto,60100.773367999805,2026-05-08T15:27:45.084485Z,2026-05-09T15:25:00Z,1,31968258106228340521876861330130737964482969589150421736008064946224110486065,"up-or-down,crypto-prices,hide-from-new,recurring,crypto,bitcoin,5M",Crypto,0.505
2188704,"Bitcoin Up or Down - May 10, 7AM ET",bitcoin-up-or-down-may-10-2026-7am-et,Crypto,40612.907238999986,2026-05-08T11:02:35.329576Z,2026-05-10T12:00:00Z,0,13579829597567757373778129039740493376355504378486278510522574638670924649757,"crypto,crypto-prices,recurring,hide-from-new,bitcoin,1H,up-or-down",Crypto,0.5
2210761,"XRP Up or Down - May 10, 8:00AM-12:00PM ET",xrp-updown-4h-1778414400,Crypto,20570.988221000003,2026-05-09T12:11:16.690179Z,2026-05-10T16:00:00Z,1,51066822010043894637735385037242240460201897558182590887247803838594217294348,"ripple,4h,up-or-down,crypto-prices,hide-from-new,recurring,crypto,xrp",Crypto,0.5
2203347,"Bitcoin Up or Down - May 9, 6:15PM-6:30PM ET",btc-updown-15m-1778364900,Crypto,24392.887397000046,2026-05-08T22:23:47.229713Z,2026-05-09T22:30:00Z,1,62052903985875788341406337789816253316785644522290650092471338460027367166127,"up-or-down,crypto-prices,hide-from-new,recurring,crypto,bitcoin,15M",Crypto,0.5
2203342,"Bitcoin Up or Down - May 9, 6:10PM-6:15PM ET",btc-updown-5m-1778364600,Crypto,65221.92668499985,2026-05-08T22:18:36.989349Z,2026-05-09T22:15:00Z,1,41561030615955571052829965094540993209383743099945853980726578332929721284618,"up-or-down,crypto-prices,hide-from-new,recurring,crypto,bitcoin,5M",Crypto,0.505
2214682,"Bitcoin Up or Down - May 10, 11:40AM-11:45AM ET",btc-updown-5m-1778427600,Crypto,121634.29986199971,2026-05-09T15:48:28.631389Z,2026-05-10T15:45:00Z,1,53603597117293855443402011657136907829679708160131698834243733220308644408108,"up-or-down,crypto-prices,hide-from-new,recurring,crypto,bitcoin,5M",Crypto,0.505
2209876,"Ethereum Up or Down - May 10, 7:15AM-7:20AM ET",eth-updown-5m-1778411700,Crypto,13479.564340000003,2026-05-09T11:23:55.92446Z,2026-05-10T11:20:00Z,0,14468605498391964136581234023831788127751944970059619268657966817956811691105,"up-or-down,crypto-prices,hide-from-new,recurring,crypto,ethereum,5M",Crypto,0.505
2188524,"Bitcoin Up or Down - May 10, 6AM ET",bitcoin-up-or-down-may-10-2026-6am-et,Crypto,55724.689076999995,2026-05-08T10:02:18.744784Z,2026-05-10T11:00:00Z,1,64844044952020727982563910530370120204683732789148055843754792779636130454791,"crypto,crypto-prices,recurring,hide-from-new,bitcoin,1H,up-or-down",Crypto,0.5
2216022,"Ethereum Up or Down - May 10, 12:15PM-12:30PM ET",eth-updown-15m-1778429700,Crypto,12332.482611999994,2026-05-09T16:25:21.704173Z,2026-05-10T16:30:00Z,0,91755765968979683831654188039715953399740869563115344505999272279001295369696,"up-or-down,crypto-prices,hide-from-new,recurring,crypto,ethereum,15M",Crypto,0.505
2189299,"Bitcoin Up or Down - May 9, 9:10AM-9:15AM ET",btc-updown-5m-1778332200,Crypto,139232.54699599932,2026-05-08T13:18:18.877352Z,2026-05-09T13:15:00Z,1,7150462124151887620886749625580466717164192881241652891871558777115201874759,"up-or-down,crypto-prices,hide-from-new,recurring,crypto,bitcoin,5M",Crypto,0.505
2190534,"Ethereum Up or Down - May 9, 1:05PM-1:10PM ET",eth-updown-5m-1778346300,Crypto,19616.625979000004,2026-05-08T17:13:18.709711Z,2026-05-09T17:10:00Z,1,63783944463488236500080600341872044955123085640920836896863428364779345816048,"up-or-down,crypto-prices,hide-from-new,recurring,crypto,ethereum,5M",Crypto,0.5
2207512,"Bitcoin Up or Down - May 10, 2:15AM-2:20AM ET",btc-updown-5m-1778393700,Crypto,47099.77368499994,2026-05-09T06:28:42.343789Z,2026-05-10T06:20:00Z,0,22644992118699421129913095832852282439100004328198190693448797821638661144133,"up-or-down,crypto-prices,hide-from-new,recurring,crypto,bitcoin,5M",Crypto,0.505
2210994,"Bitcoin Up or Down - May 10, 8:25AM-8:30AM ET",btc-updown-5m-1778415900,Crypto,97275.19709500042,2026-05-09T12:33:48.583948Z,2026-05-10T12:30:00Z,1,65280938700881719749804790429080618050749954395142741426010680600837471989622,"up-or-down,crypto-prices,hide-from-new,recurring,crypto,bitcoin,5M",Crypto,0.505
2206534,"Bitcoin Up or Down - May 10, 12:20AM-12:25AM ET",btc-updown-5m-1778386800,Crypto,27704.68206900005,2026-05-09T04:28:07.793052Z,2026-05-10T04:25:00Z,0,33966154790418118545563335259085988039416150108555610808834465797078481185048,"up-or-down,crypto-prices,hide-from-new,recurring,crypto,bitcoin,5M",Crypto,0.505
2202667,"Bitcoin Up or Down - May 9, 5:40PM-5:45PM ET",btc-updown-5m-1778362800,Crypto,85441.85478699999,2026-05-08T21:49:57.345994Z,2026-05-09T21:45:00Z,0,2858974442253323953505606062788128722480528515547288066497297286984307078450,"up-or-down,crypto-prices,hide-from-new,recurring,crypto,bitcoin,5M",Crypto,0.505
2188848,"Bitcoin Up or Down - May 9, 7:30AM-7:45AM ET",btc-updown-15m-1778326200,Crypto,44775.923850000036,2026-05-08T11:37:59.748337Z,2026-05-09T11:45:00Z,0,90728209540609578610641694002951651534754917867868035225880093436074269829443,"up-or-down,crypto-prices,hide-from-new,recurring,crypto,bitcoin,15M",Crypto,0.505
2189505,"Bitcoin Up or Down - May 9, 10:15AM-10:20AM ET",btc-updown-5m-1778336100,Crypto,54912.25126399998,2026-05-08T14:22:58.616628Z,2026-05-09T14:20:00Z,0,36098026567025446750007847413863697572761575296024236058291525408121524219896,"up-or-down,crypto-prices,hide-from-new,recurring,crypto,bitcoin,5M",Crypto,0.505
2189710,"Ethereum Up or Down - May 9, 11:10AM-11:15AM ET",eth-updown-5m-1778339400,Crypto,11899.672636999994,2026-05-08T15:17:37.930492Z,2026-05-09T15:15:00Z,1,39937629556451827268275072996944861938481676562774337798938051794060514618057,"crypto-prices,ethereum,up-or-down,hide-from-new,recurring,crypto,5M",Crypto,0.505
2203440,"Bitcoin Up or Down - May 9, 6:50PM-6:55PM ET",btc-updown-5m-1778367000,Crypto,38581.80163800001,2026-05-08T22:59:06.108426Z,2026-05-09T22:55:00Z,0,105946106145957075402936581234964152178001231945725400762137439303874176732314,"bitcoin,5M,up-or-down,crypto-prices,hide-from-new,recurring,crypto",Crypto,0.505
2140923,"Will the price of Ethereum be above $2,600 on May 9?",ethereum-above-2600-on-may-9,Crypto,15914.234832000004,2026-05-02T16:08:27.367501Z,2026-05-09T16:00:00Z,0,114319841733968346706835759688763672240000168369269097972113518385909665965275,"ethereum,weekly,multi-strikes,crypto,crypto-prices,recurring,hide-from-new",Crypto,0.0005
2201393,"Bitcoin Up or Down - May 9, 5:20PM-5:25PM ET",btc-updown-5m-1778361600,Crypto,45281.23648199997,2026-05-08T21:29:51.339986Z,2026-05-09T21:25:00Z,0,64152703053501591305477684588411852078013338397056001380621258741804873037295,"up-or-down,crypto-prices,hide-from-new,recurring,crypto,bitcoin,5M",Crypto,0.505
2190042,"Ethereum Up or Down - May 9, 11:55AM-12:00PM ET",eth-updown-5m-1778342100,Crypto,11945.778886999991,2026-05-08T16:03:14.999939Z,2026-05-09T16:00:00Z,1,31993407904420878173350332786451113613032428507164614789987610636662840391491,"up-or-down,crypto-prices,hide-from-new,recurring,crypto,ethereum,5M",Crypto,0.505
2204305,"Bitcoin Up or Down - May 9, 10:10PM-10:15PM ET",btc-updown-5m-1778379000,Crypto,43635.227443000025,2026-05-09T02:17:58.524818Z,2026-05-10T02:15:00Z,0,33669367919321744384130587290253005721265655411379106245424230631935789409040,"up-or-down,crypto-prices,hide-from-new,recurring,crypto,bitcoin,5M",Crypto,0.505
2189233,"Bitcoin Up or Down - May 9, 8:55AM-9:00AM ET",btc-updown-5m-1778331300,Crypto,82143.91902800008,2026-05-08T13:02:41.161963Z,2026-05-09T13:00:00Z,1,2136917533912739201622908321436675644973670426894907649613175719764693883501,"up-or-down,crypto-prices,hide-from-new,recurring,crypto,bitcoin,5M",Crypto,0.505
2204113,"Bitcoin Up or Down - May 9, 9:00PM-9:05PM ET",btc-updown-5m-1778374800,Crypto,56309.701467999956,2026-05-09T01:09:16.523167Z,2026-05-10T01:05:00Z,0,19839893235221561246668054347282201677396546377665048711707255461250016619090,"up-or-down,crypto-prices,hide-from-new,recurring,crypto,bitcoin,5M",Crypto,0.505
2217993,"Ethereum Up or Down - May 10, 6:30PM-6:35PM ET",eth-updown-5m-1778452200,Crypto,10445.077713000004,2026-05-09T22:37:58.608433Z,2026-05-10T22:35:00Z,1,99029220863882299560251703138184555220513728275820808485249428213254951930558,"up-or-down,crypto-prices,hide-from-new,recurring,crypto,ethereum,5M",Crypto,0.505
2214700,"Ethereum Up or Down - May 10, 11:45AM-12:00PM ET",eth-updown-15m-1778427900,Crypto,12688.487546,2026-05-09T15:53:43.636811Z,2026-05-10T16:00:00Z,1,78390496349587068298351628750037305385624980478910770650238529194108467296561,"up-or-down,crypto-prices,hide-from-new,recurring,crypto,ethereum,15M",Crypto,0.505
2192180,"Bitcoin Up or Down - May 9, 2:40PM-2:45PM ET",btc-updown-5m-1778352000,Crypto,55771.92560599992,2026-05-08T18:49:40.909098Z,2026-05-09T18:45:00Z,0,54904269965247979553341444323736454281310407517787995038492985404152598893782,"up-or-down,crypto-prices,hide-from-new,recurring,crypto,bitcoin,5M",Crypto,0.505
2216720,"Bitcoin Up or Down - May 10, 3:00PM-3:15PM ET",btc-updown-15m-1778439600,Crypto,46128.27548600002,2026-05-09T19:08:20.476451Z,2026-05-10T19:15:00Z,1,70019148936947637213919755435122035165438467103262881244086505693649862111434,"up-or-down,crypto-prices,hide-from-new,recurring,crypto,bitcoin,15M",Crypto,0.495
2205007,"Will Bitcoin dip to $76,000 on May 9?",will-bitcoin-dip-to-76k-on-may-9,Crypto,74962.14100000002,2026-05-09T06:26:57.221425Z,2026-05-10T04:00:00Z,0,55851387556255893260630565600734631924145035898924766649001614635487225932366,"bitcoin,hit-price,crypto,crypto-prices,recurring,hide-from-new,daily,today",Crypto,0.0045
2218921,"Bitcoin Up or Down - May 10, 9:00PM-9:05PM ET",btc-updown-5m-1778461200,Crypto,83886.22944800006,2026-05-10T01:08:01.784348Z,2026-05-11T01:05:00Z,0,39438491722310714389139466424341023395653171832225245952237333573669522930544,"5M,up-or-down,crypto-prices,hide-from-new,recurring,crypto,bitcoin",Crypto,0.505
2204530,"Bitcoin Up or Down - May 9, 11:10PM-11:15PM ET",btc-updown-5m-1778382600,Crypto,34724.883396000034,2026-05-09T03:18:18.67215Z,2026-05-10T03:15:00Z,1,76207564911962159326122268728321994773809096120942050779786735655744919790914,"up-or-down,crypto-prices,hide-from-new,recurring,crypto,bitcoin,5M",Crypto,0.505
2216529,"Bitcoin Up or Down - May 10, 2:30PM-2:45PM ET",btc-updown-15m-1778437800,Crypto,38901.881852999984,2026-05-09T18:40:20.083954Z,2026-05-10T18:45:00Z,0,88712691311710944804244316613501908445300564913878496950341864672040952072665,"up-or-down,crypto-prices,hide-from-new,recurring,crypto,bitcoin,15M",Crypto,0.495
2201342,"Bitcoin Up or Down - May 9, 4:55PM-5:00PM ET",btc-updown-5m-1778360100,Crypto,88829.8030509997,2026-05-08T21:04:14.60026Z,2026-05-09T21:00:00Z,1,13067427663642645609179549525937924470239900949005873370624449466730193914358,"up-or-down,crypto-prices,hide-from-new,recurring,crypto,bitcoin,5M",Crypto,0.505
2141063,Will the price of Solana be above $100 on May 9?,solana-above-100-on-may-9,Crypto,23955.640049000016,2026-05-02T16:04:03.980913Z,2026-05-09T16:00:00Z,0,67927305728708573766747140757469703462351207528156999883926330273131521394453,"solana,weekly,multi-strikes,crypto,crypto-prices,recurring,hide-from-new",Crypto,0.0085
2141000,"Will the price of Bitcoin be above $76,000 on May 9?",bitcoin-above-76k-on-may-9,Crypto,331248.9220270006,2026-05-02T16:05:45.198872Z,2026-05-09T16:00:00Z,1,53379361254334075241419307448609423201477625245617853048937347218387798057309,"bitcoin,weekly,multi-strikes,crypto,crypto-prices,recurring,hide-from-new",Crypto,0.9935
2189385,"Bitcoin Up or Down - May 9, 9:35AM-9:40AM ET",btc-updown-5m-1778333700,Crypto,60345.3021959999,2026-05-08T13:43:18.994096Z,2026-05-09T13:40:00Z,1,65129256793044377248940167963692296376675602609975972917140114739681609563729,"up-or-down,crypto-prices,hide-from-new,recurring,crypto,bitcoin,5M",Crypto,0.505
2190514,"Bitcoin Up or Down - May 9, 1:00PM-1:05PM ET",btc-updown-5m-1778346000,Crypto,90213.43119199945,2026-05-08T17:07:56.406848Z,2026-05-09T17:05:00Z,1,110956145346452325402292302749166820346932741057223948246798197185961913194518,"up-or-down,crypto-prices,hide-from-new,recurring,crypto,bitcoin,5M",Crypto,0.505
2217922,"Bitcoin Up or Down - May 10, 6:00PM-6:05PM ET",btc-updown-5m-1778450400,Crypto,114221.59802099975,2026-05-09T22:22:03.949515Z,2026-05-10T22:05:00Z,1,64957237337610216139305952531212854473501901442237363007818823892876007893014,"up-or-down,crypto-prices,hide-from-new,recurring,crypto,bitcoin,5M",Crypto,0.505
2204236,"Bitcoin Up or Down - May 9, 9:50PM-9:55PM ET",btc-updown-5m-1778377800,Crypto,45734.907652999915,2026-05-09T01:58:26.781673Z,2026-05-10T01:55:00Z,1,109914962930238583976565000186832245107238595578083452804246345424490296519543,"up-or-down,crypto-prices,hide-from-new,recurring,crypto,bitcoin,5M",Crypto,0.505
2148691,"Will the price of Ethereum be above $2,200 on May 10?",ethereum-above-2200-on-may-10,Crypto,14172.690477,2026-05-03T16:10:32.380659Z,2026-05-10T16:00:00Z,1,75742160485713300468224855171242564066249131959941885106839691394955350482473,"ethereum,weekly,multi-strikes,crypto,crypto-prices,recurring,hide-from-new",Crypto,0.9965
2204108,"Bitcoin Up or Down - May 9, 9:00PM-9:15PM ET",btc-updown-15m-1778374800,Crypto,26994.699721000026,2026-05-09T01:09:07.426083Z,2026-05-10T01:15:00Z,0,40020953354414676204947915123329747838318549659884325309303832452398087586606,"up-or-down,crypto-prices,hide-from-new,recurring,crypto,bitcoin,15M",Crypto,0.505
2197086,"Bitcoin Up or Down - May 9, 3:00PM-3:05PM ET",btc-updown-5m-1778353200,Crypto,62568.09951499984,2026-05-08T19:09:02.525819Z,2026-05-09T19:05:00Z,0,9745114020566196378103793330893405775929296622841397941137916385033020683885,"up-or-down,crypto-prices,hide-from-new,recurring,crypto,bitcoin,5M",Crypto,0.505
2187776,"Bitcoin Up or Down - May 10, 2AM ET",bitcoin-up-or-down-may-10-2026-2am-et,Crypto,34763.431407999975,2026-05-08T06:02:07.691104Z,2026-05-10T07:00:00Z,1,82509216227800009002767252228141430102734746900161116776903651394355141731333,"crypto,crypto-prices,recurring,hide-from-new,bitcoin,1H,up-or-down",Crypto,0.5
2204346,"Bitcoin Up or Down - May 9, 10:25PM-10:30PM ET",btc-updown-5m-1778379900,Crypto,40042.56240799999,2026-05-09T02:33:03.213013Z,2026-05-10T02:30:00Z,1,23753328542579889449184564024770484770224626799801497555980944379759119587489,"up-or-down,hide-from-new,crypto,crypto-prices,recurring,bitcoin,5M",Crypto,0.505
2140994,"Will the price of Bitcoin be above $70,000 on May 9?",bitcoin-above-70k-on-may-9,Crypto,84404.51690299998,2026-05-02T16:03:05.735145Z,2026-05-09T16:00:00Z,1,55007456209846753968862494682781217593952682590150069225757033751634926593555,"bitcoin,weekly,multi-strikes,crypto,crypto-prices,recurring,hide-from-new",Crypto,0.9995
2216240,"Bitcoin Up or Down - May 10, 1:05PM-1:10PM ET",btc-updown-5m-1778432700,Crypto,64955.184330999946,2026-05-09T17:15:31.04584Z,2026-05-10T17:10:00Z,0,103172004463962676438025170336327166660665927976775483941481395930786398113246,"up-or-down,crypto-prices,hide-from-new,recurring,crypto,bitcoin,5M",Crypto,0.505
2209700,"Bitcoin Up or Down - May 10, 6:30AM-6:35AM ET",btc-updown-5m-1778409000,Crypto,86201.81511399981,2026-05-09T10:39:44.411228Z,2026-05-10T10:35:00Z,0,104602579355226770283157770055328327216651470790339503057889641753186381083173,"up-or-down,crypto-prices,hide-from-new,recurring,crypto,bitcoin,5M",Crypto,0.505
2209665,"Bitcoin Up or Down - May 10, 6:15AM-6:20AM ET",btc-updown-5m-1778408100,Crypto,112379.19299299986,2026-05-09T10:24:41.233425Z,2026-05-10T10:20:00Z,0,30155651092045906462420852860580973192358171118078724840032540299356103026333,"bitcoin,up-or-down,crypto-prices,hide-from-new,recurring,crypto,5M",Crypto,0.505
2140944,"Will the price of Ethereum be between $2,300 and $2,400 on May 9?",will-the-price-of-ethereum-be-between-2300-2400-on-may-9,Crypto,11082.783382000001,2026-05-02T16:08:57.571603Z,2026-05-09T16:00:00Z,1,55966719801478689713072114728004452789790217822825894896376264932336112464823,"ethereum,weekly,neg-risk,crypto,crypto-prices,recurring,hide-from-new",Crypto,0.62
2216060,"Bitcoin Up or Down - May 10, 12:30PM-12:45PM ET",btc-updown-15m-1778430600,Crypto,65354.637725,2026-05-09T16:40:20.798906Z,2026-05-10T16:45:00Z,0,71910902914823332899732115796512176332027980383862317537132540730268135559152,"up-or-down,crypto-prices,hide-from-new,recurring,crypto,bitcoin,15M",Crypto,0.505
2219280,"Bitcoin Up or Down - May 10, 10:50PM-10:55PM ET",btc-updown-5m-1778467800,Crypto,89600.41913100008,2026-05-10T02:57:49.831085Z,2026-05-11T02:55:00Z,1,103833856330070460203040377454843787640932112937056063807210021232698546163790,"up-or-down,crypto-prices,hide-from-new,recurring,crypto,bitcoin,5M",Crypto,0.505
2201413,"Bitcoin Up or Down - May 9, 5:30PM-5:35PM ET",btc-updown-5m-1778362200,Crypto,31749.803210000046,2026-05-08T21:42:04.254364Z,2026-05-09T21:35:00Z,0,49995793696791354349999048560848134097852238317076082340167682936738723521695,"up-or-down,crypto-prices,hide-from-new,recurring,crypto,bitcoin,5M",Crypto,0.505
2189762,"Bitcoin Up or Down - May 9, 11:25AM-11:30AM ET",btc-updown-5m-1778340300,Crypto,57041.57053999997,2026-05-08T15:33:16.872533Z,2026-05-09T15:30:00Z,1,65586719091214739478966843791651136354544157273521141184758848854671717231891,"hide-from-new,recurring,crypto,bitcoin,5M,up-or-down,crypto-prices",Crypto,0.505
2203496,"Bitcoin Up or Down - May 9, 7:00PM-7:15PM ET",btc-updown-15m-1778367600,Crypto,41685.80792299992,2026-05-08T23:10:07.2528Z,2026-05-09T23:15:00Z,0,33935854799844962265766137048386781670598879415820487041151523633908033170710,"up-or-down,crypto-prices,hide-from-new,recurring,crypto,bitcoin,15M",Crypto,0.495
2190416,"Bitcoin Up or Down - May 9, 12:50PM-12:55PM ET",btc-updown-5m-1778345400,Crypto,142889.63891099978,2026-05-08T16:57:50.142012Z,2026-05-09T16:55:00Z,0,49316596710427823708862413260218931648437533465583984379698693595623525788865,"crypto,bitcoin,5M,up-or-down,crypto-prices,hide-from-new,recurring",Crypto,0.505
2204416,"Bitcoin Up or Down - May 9, 10:50PM-10:55PM ET",btc-updown-5m-1778381400,Crypto,80511.17216399992,2026-05-09T02:58:34.190027Z,2026-05-10T02:55:00Z,0,61720556177398009859624978911630678249136086477644043369314757830538997866662,"up-or-down,crypto-prices,hide-from-new,recurring,crypto,bitcoin,5M",Crypto,0.505
2191215,"Bitcoin Up or Down - May 9, 1:15PM-1:30PM ET",btc-updown-15m-1778346900,Crypto,36001.73575400001,2026-05-08T17:23:04.923258Z,2026-05-09T17:30:00Z,1,36022258567094263274925584878384086423500565305721495126312637435397102347562,"up-or-down,crypto-prices,hide-from-new,recurring,crypto,bitcoin,15M",Crypto,0.5
2198610,"Ethereum Up or Down - May 9, 3:25PM-3:30PM ET",eth-updown-5m-1778354700,Crypto,17442.944477,2026-05-08T19:35:39.397875Z,2026-05-09T19:30:00Z,1,66568958366931688020717478841212257762212331806175320699440195696716754363050,"up-or-down,crypto-prices,hide-from-new,recurring,crypto,ethereum,5M",Crypto,0.5
2200926,"Bitcoin Up or Down - May 10, 5PM ET",bitcoin-up-or-down-may-10-2026-5pm-et,Crypto,107160.41362499996,2026-05-09T07:07:16.594866Z,2026-05-10T22:00:00Z,0,32353416021148423814514287135533737274581466040315530693018136837166902519941,"crypto,crypto-prices,recurring,hide-from-new,bitcoin,1H,up-or-down",Crypto,0.505
2191211,"Bitcoin Up or Down - May 9, 1:15PM-1:20PM ET",btc-updown-5m-1778346900,Crypto,80414.6585349999,2026-05-08T17:22:49.618708Z,2026-05-09T17:20:00Z,0,4921895777336157967490860490723830523951677588926871872188373698646027280799,"up-or-down,crypto-prices,hide-from-new,recurring,crypto,bitcoin,5M",Crypto,0.505
2204149,"Bitcoin Up or Down - May 9, 9:15PM-9:20PM ET",btc-updown-5m-1778375700,Crypto,138925.65307999984,2026-05-09T01:23:53.415372Z,2026-05-10T01:20:00Z,0,30789631961551696668745720632311985099311176566440904166526535753362454479194,"crypto,5M,up-or-down,crypto-prices,hide-from-new,recurring,bitcoin",Crypto,0.495
2188343,"Ethereum Up or Down - May 10, 5AM ET",ethereum-up-or-down-may-10-2026-5am-et,Crypto,12166.520676000002,2026-05-08T09:02:09.682456Z,2026-05-10T10:00:00Z,0,35601119178032086853624253619737672152435416040114088464795352258652178768581,"crypto,crypto-prices,recurring,hide-from-new,ethereum,1H,up-or-down",Crypto,0.5
2206551,"Bitcoin Up or Down - May 10, 12:30AM-12:35AM ET",btc-updown-5m-1778387400,Crypto,50003.25253899995,2026-05-09T04:38:30.826427Z,2026-05-10T04:35:00Z,1,27814409271282724283249750118385816536610283017317388721245799716288796646909,"up-or-down,crypto-prices,hide-from-new,recurring,crypto,bitcoin,5M",Crypto,0.505
2218817,"Bitcoin Up or Down - May 10, 8:25PM-8:30PM ET",btc-updown-5m-1778459100,Crypto,59690.565131999974,2026-05-10T00:32:54.133161Z,2026-05-11T00:30:00Z,0,52924304400740000750077570717753660063181229834240939758605831722794863387538,"up-or-down,crypto-prices,hide-from-new,recurring,crypto,bitcoin,5M",Crypto,0.505
2218923,"Ethereum Up or Down - May 10, 9:00PM-9:15PM ET",eth-updown-15m-1778461200,Crypto,15146.734139999991,2026-05-10T01:08:10.701267Z,2026-05-11T01:15:00Z,1,34686452406389332549175389611245835295352831821825511646575245702523548838237,"ethereum,up-or-down,hide-from-new,crypto,crypto-prices,recurring,15M",Crypto,0.505
2216271,"Bitcoin Up or Down - May 10, 1:15PM-1:20PM ET",btc-updown-5m-1778433300,Crypto,84455.21108499992,2026-05-09T17:26:39.557352Z,2026-05-10T17:20:00Z,1,102576967888079668157395801026071785299957769359147267454003799899943556524369,"up-or-down,crypto-prices,hide-from-new,recurring,crypto,bitcoin,5M",Crypto,0.505
2217189,"Bitcoin Up or Down - May 10, 4:20PM-4:25PM ET",btc-updown-5m-1778444400,Crypto,105026.88519499973,2026-05-09T20:30:18.208447Z,2026-05-10T20:25:00Z,1,39750455357542142660131848912076760946342106316385676858972500853438750685447,"up-or-down,crypto-prices,hide-from-new,recurring,crypto,bitcoin,5M",Crypto,0.505
2218978,"Bitcoin Up or Down - May 10, 9:15PM-9:30PM ET",btc-updown-15m-1778462100,Crypto,39617.78526,2026-05-10T01:22:57.977507Z,2026-05-11T01:30:00Z,1,40302774627861521180428051830450648428790248003888772314664153215452675250495,"up-or-down,crypto-prices,hide-from-new,recurring,crypto,bitcoin,15M",Crypto,0.505
2190045,"Bitcoin Up or Down - May 9, 11:55AM-12:00PM ET",btc-updown-5m-1778342100,Crypto,61892.90279299983,2026-05-08T16:03:18.029153Z,2026-05-09T16:00:00Z,0,37231269505437376287167893222082405715815320607798956154317024644143412658082,"up-or-down,crypto-prices,hide-from-new,recurring,crypto,bitcoin,5M",Crypto,0.505
2215804,"Bitcoin Up or Down - May 10, 12:05PM-12:10PM ET",btc-updown-5m-1778429100,Crypto,79966.23784099962,2026-05-09T16:14:25.392825Z,2026-05-10T16:10:00Z,1,94662753492172811451606994821530424130894212984716324417632719421996974932210,"up-or-down,crypto-prices,hide-from-new,recurring,crypto,bitcoin,5M",Crypto,0.505
2206682,"Bitcoin Up or Down - May 10, 1:15AM-1:20AM ET",btc-updown-5m-1778390100,Crypto,82214.42443799974,2026-05-09T05:22:36.64394Z,2026-05-10T05:20:00Z,1,86456891838935646726113962365480221508452478901377247662600737455546633307036,"up-or-down,crypto-prices,hide-from-new,recurring,crypto,bitcoin,5M",Crypto,0.505
2209856,"Bitcoin Up or Down - May 10, 7:10AM-7:15AM ET",btc-updown-5m-1778411400,Crypto,87827.73699500006,2026-05-09T11:20:36.325737Z,2026-05-10T11:15:00Z,1,90029770882809870283983300107537814032458055167289573772828998759717438126347,"hide-from-new,recurring,5M,bitcoin,up-or-down,crypto-prices,crypto",Crypto,0.505
2214510,"Bitcoin Up or Down - May 10, 11:15AM-11:20AM ET",btc-updown-5m-1778426100,Crypto,48447.75428699997,2026-05-09T15:25:13.753457Z,2026-05-10T15:20:00Z,0,6141265958549484679387190487056204292318968571616842128004801490683217610782,"crypto,bitcoin,5M,up-or-down,crypto-prices,hide-from-new,recurring",Crypto,0.505
2209348,"Bitcoin Up or Down - May 10, 5:15AM-5:20AM ET",btc-updown-5m-1778404500,Crypto,94222.35286900004,2026-05-09T09:25:04.718338Z,2026-05-10T09:20:00Z,0,13217369202756304517197709777587275975470821617775907899833078058424312634030,"hide-from-new,up-or-down,crypto-prices,recurring,crypto,bitcoin,5M",Crypto,0.505
2186811,Will the highest temperature in Singapore be 33°C on May 10?,highest-temperature-in-singapore-on-may-10-2026-33c,Science,17260.361726000003,2026-05-08T04:18:57.973442Z,2026-05-10T12:00:00Z,1,76347358324981297469770282217056396406053908106114032011312895000622102155343,"weather,recurring,hide-from-new,daily-temperature,singapore,rewards-automation-50-4pt5-50,highest-temperature",Science,0.15
1709422,Will 140 to 169 tornadoes occur in the United States in April 2026?,will-140-to-169-tornadoes-occur-in-the-united-states-in-april-2026,Science,21650.410078999997,2026-03-24T22:44:09.331974Z,2026-05-10T00:00:00Z,0,12802787132019432257169030667157953605610008290969545460316581475926253197225,"science,weather,natural-disasters",Science,0.005
2179343,Will the highest temperature in Taipei be 23°C on May 9?,highest-temperature-in-taipei-on-may-9-2026-23c,Science,17267.482566000002,2026-05-07T04:34:51.067557Z,2026-05-09T12:00:00Z,0,48845500511521560114338721343322948017309919176419701242134981788362884319671,"weather,recurring,hide-from-new,daily-temperature,taipei,rewards-automation-50-4pt5-50,highest-temperature",Science,0.38
2179124,Will the highest temperature in Seoul be 22°C or higher on May 9?,highest-temperature-in-seoul-on-may-9-2026-22corhigher,Science,55729.215921999996,2026-05-07T04:27:05.874779Z,2026-05-09T12:00:00Z,0,26146314279193030726646021065577416602433171006021020446873873632401586520070,"weather,recurring,hide-from-new,seoul,daily-temperature,rewards-automation-200,highest-temperature",Science,0.165
2179432,Will the highest temperature in Houston be 90°F or higher on May 9?,highest-temperature-in-houston-on-may-9-2026-90forhigher,Science,17157.197635,2026-05-07T04:31:01.47361Z,2026-05-09T12:00:00Z,1,19159990039810745308266853142802697423439187945379930281512845154683360580098,"weather,recurring,hide-from-new,daily-temperature,houston,rewards-automation-50-4pt5-50,highest-temperature",Science,0.0525
2179484,Will the highest temperature in Mexico City be 21°C on May 9?,highest-temperature-in-mexico-city-on-may-9-2026-21c,Science,15759.19022,2026-05-07T04:44:12.33889Z,2026-05-09T12:00:00Z,0,45337695639201879739797552840578683087791406020143223226730295909019942227209,"weather,recurring,hide-from-new,daily-temperature,mexico,rewards-automation-50-4pt5-50,highest-temperature",Science,0.0015
2186720,Will the highest temperature in Ankara be 23°C on May 10?,highest-temperature-in-ankara-on-may-10-2026-23c,Science,10804.131242,2026-05-08T04:23:16.000727Z,2026-05-10T12:00:00Z,1,93631626922454619624545112949394641565443127809865607685276425585146194201538,"weather,recurring,hide-from-new,ankara,daily-temperature,rewards-automation-200,highest-temperature",Science,0.27
2179341,Will the highest temperature in Taipei be 21°C on May 9?,highest-temperature-in-taipei-on-may-9-2026-21c,Science,30250.424222000005,2026-05-07T04:34:47.003124Z,2026-05-09T12:00:00Z,0,3323785675223136800944724982550104128587439519611469089726793072564068273261,"weather,recurring,hide-from-new,daily-temperature,taipei,rewards-automation-50-4pt5-50,highest-temperature",Science,0.053
2179474,Will the highest temperature in Istanbul be 25°C on May 9?,highest-temperature-in-istanbul-on-may-9-2026-25c,Science,11324.835236000003,2026-05-07T04:19:13.327804Z,2026-05-09T12:00:00Z,0,84914800037681904251858663293789416835268223550419282886602970778943941607661,"weather,recurring,hide-from-new,daily-temperature,istanbul,rewards-automation-50-4pt5-50,highest-temperature",Science,0.276
2179240,Will the highest temperature in Munich be 20°C on May 9?,highest-temperature-in-munich-on-may-9-2026-20c,Science,17320.342410999998,2026-05-07T04:13:14.046458Z,2026-05-09T12:00:00Z,0,32251644590667844786547747432483385873776227441497478638626293963575822048963,"weather,recurring,hide-from-new,daily-temperature,munich,rewards-automation-50-4pt5-50,highest-temperature",Science,0.075
2186697,Will the highest temperature in Miami be between 88-89°F on May 10?,highest-temperature-in-miami-on-may-10-2026-88-89f,Science,11830.917742000005,2026-05-08T04:11:41.186726Z,2026-05-10T12:00:00Z,0,30174378207865220076933117321757045004558733374263485319466924152599871215534,"weather,recurring,hide-from-new,miami,daily-temperature,rewards-automation-50-4pt5-50,highest-temperature",Science,0.41
2186807,Will the highest temperature in Singapore be 29°C on May 10?,highest-temperature-in-singapore-on-may-10-2026-29c,Science,10814.735945000004,2026-05-08T04:18:47.344507Z,2026-05-10T12:00:00Z,0,60634886939433509278585621389208238137200747847736065221760059562101931619187,"weather,recurring,hide-from-new,daily-temperature,singapore,rewards-automation-50-4pt5-50,highest-temperature",Science,0.009
2179547,Will the highest temperature in Jakarta be 32°C on May 9?,highest-temperature-in-jakarta-on-may-9-2026-32c,Science,11574.426318999998,2026-05-07T04:58:26.501797Z,2026-05-09T12:00:00Z,0,48955100602132065944423214197694761143580951913809333534845719787163853337204,"weather,recurring,hide-from-new,daily-temperature,jakarta,rewards-automation-50-4pt5-50,highest-temperature",Science,0.16
2186761,Will the highest temperature in Tel Aviv be 25°C on May 10?,highest-temperature-in-tel-aviv-on-may-10-2026-25c,Science,14511.921684999998,2026-05-08T04:40:40.779692Z,2026-05-10T12:00:00Z,0,28929586235206372536705289903289932051774039270124006663626260238646725303086,"weather,recurring,hide-from-new,daily-temperature,tel-aviv,rewards-automation-50-4pt5-50,highest-temperature",Science,0.0305
2186771,Will the highest temperature in Tokyo be 17°C on May 10?,highest-temperature-in-tokyo-on-may-10-2026-17c,Science,10463.088832,2026-05-08T04:35:58.0386Z,2026-05-10T12:00:00Z,0,34523588613685467432330612778275368281825027869723951304385377743073566803555,"weather,recurring,hide-from-new,daily-temperature,tokyo,rewards-automation-50-4pt5-50,highest-temperature",Science,0.0005
2186599,Will the highest temperature in Paris be 20°C on May 10?,highest-temperature-in-paris-on-may-10-2026-20c,Science,11346.751020000003,2026-05-08T04:41:39.441651Z,2026-05-10T12:00:00Z,0,5666787653898104775637416723267620127578111478879681417330130405041177131240,"weather,recurring,hide-from-new,paris,daily-temperature,rewards-automation-50-4pt5-50,highest-temperature",Science,0.011
2179376,Will the highest temperature in Wuhan be 29°C on May 9?,highest-temperature-in-wuhan-on-may-9-2026-29c,Science,11031.358132000003,2026-05-07T04:22:16.024574Z,2026-05-09T12:00:00Z,0,104121773913322883556000785923431990074344808205774234294809654950251096232876,"weather,recurring,hide-from-new,daily-temperature,wuhan,rewards-automation-50-4pt5-50,highest-temperature",Science,0.008
2186735,Will the highest temperature in Wellington be 20°C or higher on May 10?,highest-temperature-in-wellington-on-may-10-2026-20corhigher,Science,29107.239876000003,2026-05-08T04:39:35.594838Z,2026-05-10T12:00:00Z,0,11522412594505602861198285483811841580678978316367235991359277593645495269093,"weather,recurring,hide-from-new,auckland,daily-temperature,rewards-automation-50-4pt5-50,highest-temperature",Science,0.005
2179288,Will the highest temperature in Shanghai be 27°C on May 9?,highest-temperature-in-shanghai-on-may-9-2026-27c,Science,11640.224248999997,2026-05-07T04:21:11.82792Z,2026-05-09T12:00:00Z,0,43368160402219540049815083887265395577590395579940306654848839273337682148705,"weather,recurring,hide-from-new,daily-temperature,shanghai,rewards-automation-200,highest-temperature",Science,0.0055
2179250,Will the highest temperature in Tel Aviv be 25°C on May 9?,highest-temperature-in-tel-aviv-on-may-9-2026-25c,Science,12684.079924000005,2026-05-07T04:53:02.457418Z,2026-05-09T12:00:00Z,0,83650344697980268706957699275010697194493988598700556822954807787222489613877,"weather,recurring,hide-from-new,daily-temperature,tel-aviv,rewards-automation-50-4pt5-50,highest-temperature",Science,0.0615
2179193,Will the highest temperature in Chicago be between 40-41°F on May 9?,highest-temperature-in-chicago-on-may-9-2026-40-41f,Science,12823.338,2026-05-07T04:48:37.03965Z,2026-05-09T12:00:00Z,0,41276838134545277972227274135352172918830862103494864445526779265762138666712,"weather,recurring,hide-from-new,chicago,daily-temperature,rewards-automation-50-4pt5-50,highest-temperature",Science,0.0015
2186826,Will the highest temperature in Madrid be 15°C on May 10?,highest-temperature-in-madrid-on-may-10-2026-15c,Science,16716.943345999996,2026-05-08T04:17:32.419616Z,2026-05-10T12:00:00Z,0,40149730471417217971880797842292950209803635320346863090221212278002303147289,"weather,recurring,hide-from-new,daily-temperature,madrid,rewards-automation-50-4pt5-50,highest-temperature",Science,0.155
2186597,Will the highest temperature in Paris be 18°C on May 10?,highest-temperature-in-paris-on-may-10-2026-18c,Science,24276.852338000022,2026-05-08T04:41:34.618305Z,2026-05-10T12:00:00Z,1,98802805985482342600894113675950779135763458884653283573395953208519724485713,"weather,recurring,hide-from-new,paris,daily-temperature,rewards-automation-50-4pt5-50,highest-temperature",Science,0.959
2179357,Will the highest temperature in Beijing be 23°C on May 9?,highest-temperature-in-beijing-on-may-9-2026-23c,Science,19717.040120999984,2026-05-07T04:19:37.166132Z,2026-05-09T12:00:00Z,0,20488261771768347002908682421585472551155255550475782580579907422786082060552,"weather,recurring,hide-from-new,daily-temperature,beijing,rewards-automation-200,highest-temperature",Science,0.113
2179317,Will the highest temperature in Madrid be 19°C on May 9?,highest-temperature-in-madrid-on-may-9-2026-19c,Science,22126.472212999986,2026-05-07T04:29:46.621142Z,2026-05-09T12:00:00Z,0,93311934482070822078054749555780163640081530597978744915273695900243660613754,"weather,recurring,hide-from-new,daily-temperature,madrid,rewards-automation-50-4pt5-50,highest-temperature",Science,0.17
2179120,Will the highest temperature in Seoul be 18°C on May 9?,highest-temperature-in-seoul-on-may-9-2026-18c,Science,29537.942467000004,2026-05-07T04:26:49.074728Z,2026-05-09T12:00:00Z,0,76008433441187612496757981171202087748327783840297000067549448779468505470774,"weather,recurring,hide-from-new,seoul,daily-temperature,rewards-automation-200,highest-temperature",Science,0.07
2179209,Will the highest temperature in Ankara be 21°C on May 9?,highest-temperature-in-ankara-on-may-9-2026-21c,Science,14540.992624999988,2026-05-07T04:12:12.741956Z,2026-05-09T12:00:00Z,1,69785955341526504707988007212694362976546249301937739731507165582810984016650,"weather,recurring,hide-from-new,ankara,daily-temperature,rewards-automation-200,highest-temperature",Science,0.9755
2186636,Will the highest temperature in Seoul be 22°C or higher on May 10?,highest-temperature-in-seoul-on-may-10-2026-22corhigher,Science,30723.069650999983,2026-05-08T04:09:30.808283Z,2026-05-10T12:00:00Z,1,73419812757973735559760584543106250058681891410916657638665155318188377300269,"weather,recurring,hide-from-new,seoul,daily-temperature,rewards-automation-200,highest-temperature",Science,0.52
2187154,Will the highest temperature in Qingdao be 21°C or below on May 10?,highest-temperature-in-qingdao-on-may-10-2026-21corbelow,Science,14422.785382999999,2026-05-08T04:26:01.618342Z,2026-05-10T12:00:00Z,0,89886206397174422670710287850224553206003582475938152025673395002691126974738,"weather,recurring,hide-from-new,daily-temperature,qingdao,rewards-automation-50-4pt5-50,highest-temperature",Science,0.0065
2179075,Will the highest temperature in London be 20°C on May 9?,highest-temperature-in-london-on-may-9-2026-20c,Science,26391.337049999976,2026-05-07T04:16:06.76027Z,2026-05-09T12:00:00Z,1,79856600312906457800362791618570776909038670266262207828375558305243739535084,"weather,recurring,hide-from-new,london,daily-temperature,rewards-automation-200,highest-temperature",Science,0.725
2179358,Will the highest temperature in Beijing be 24°C on May 9?,highest-temperature-in-beijing-on-may-9-2026-24c,Science,12951.12871600001,2026-05-07T04:19:41.171258Z,2026-05-09T12:00:00Z,0,101992750154257214977989565093719529612342597244406399408754892543446021953171,"weather,recurring,hide-from-new,daily-temperature,beijing,rewards-automation-200,highest-temperature",Science,0.2315
2186775,Will the highest temperature in Tokyo be 21°C on May 10?,highest-temperature-in-tokyo-on-may-10-2026-21c,Science,19954.009977,2026-05-08T04:36:16.157324Z,2026-05-10T12:00:00Z,0,103603179275327825008178304856769890453153389545268880113596167779345803624439,"weather,recurring,hide-from-new,daily-temperature,tokyo,rewards-automation-50-4pt5-50,highest-temperature",Science,0.036
2186541,Will the lowest temperature in Tokyo be 11°C or below on May 10?,lowest-temperature-in-tokyo-on-may-10-2026-11corbelow,Science,11598.264519000004,2026-05-08T04:05:13.593157Z,2026-05-10T12:00:00Z,0,8218306218132083637474747699591292384822272394343532404134454659471964951488,"weather,recurring,hide-from-new,daily-temperature,tokyo,rewards-automation-50-4pt5-50,lowest-temperature",Science,0.006
2179223,Will the highest temperature in Wellington be 19°C or higher on May 9?,highest-temperature-in-wellington-on-may-9-2026-19corhigher,Science,12563.525376999994,2026-05-07T04:40:20.360382Z,2026-05-09T12:00:00Z,0,29041040770609560300584846796963717567340857717395136203345648553537443253439,"weather,recurring,hide-from-new,auckland,daily-temperature,rewards-automation-50-4pt5-50,highest-temperature",Science,0.0255
2179134,Will the highest temperature in Toronto be 16°C on May 9?,highest-temperature-in-toronto-on-may-9-2026-16c,Science,21281.740846999994,2026-05-07T04:40:53.10914Z,2026-05-09T12:00:00Z,1,40294460547892741594156456949042710047135816606944764033264487730917395644171,"weather,recurring,hide-from-new,toronto,daily-temperature,rewards-automation-50-4pt5-50,highest-temperature",Science,0.06
2179386,Will the highest temperature in Chengdu be 29°C on May 9?,highest-temperature-in-chengdu-on-may-9-2026-29c,Science,12776.792962000001,2026-05-07T04:24:08.102046Z,2026-05-09T12:00:00Z,1,43752034137739280728929863556185924243846723043844644590592354932812108770305,"weather,recurring,hide-from-new,daily-temperature,chengdu,rewards-automation-50-4pt5-50,highest-temperature",Science,0.225
2179265,Will the highest temperature in Tokyo be 24°C on May 9?,highest-temperature-in-tokyo-on-may-9-2026-24c,Science,14289.354142999999,2026-05-07T04:25:57.161571Z,2026-05-09T12:00:00Z,0,3905198037027030675267943355945946861759004985582082797583116369662997151121,"weather,recurring,hide-from-new,daily-temperature,tokyo,rewards-automation-50-4pt5-50,highest-temperature",Science,0.525
2179201,Will the highest temperature in Chicago be 56°F or higher on May 9?,highest-temperature-in-chicago-on-may-9-2026-56forhigher,Science,34787.50287999999,2026-05-07T04:49:13.295846Z,2026-05-09T12:00:00Z,1,30468134264778042508197336159048785894283622238123615154268637440480275066989,"weather,recurring,hide-from-new,chicago,daily-temperature,rewards-automation-50-4pt5-50,highest-temperature",Science,0.9925
2186779,Will the highest temperature in Tokyo be 25°C or higher on May 10?,highest-temperature-in-tokyo-on-may-10-2026-25corhigher,Science,60482.944228999935,2026-05-08T04:36:38.595448Z,2026-05-10T12:00:00Z,1,98006471690606865085741709295812316299785495980677958028324773543667970609853,"weather,recurring,hide-from-new,daily-temperature,tokyo,rewards-automation-50-4pt5-50,highest-temperature",Science,0.055
2179362,Will the highest temperature in Beijing be 28°C on May 9?,highest-temperature-in-beijing-on-may-9-2026-28c,Science,10145.603921,2026-05-07T04:20:02.804111Z,2026-05-09T12:00:00Z,0,19018670082202212207883338245343254686037249591687323517321317313559899803549,"weather,recurring,hide-from-new,daily-temperature,beijing,rewards-automation-200,highest-temperature",Science,0.0225
2179088,Will the highest temperature in Paris be 25°C on May 9?,highest-temperature-in-paris-on-may-9-2026-25c,Science,17045.419385999998,2026-05-07T04:18:17.273676Z,2026-05-09T12:00:00Z,0,69393830271392189099955307808771065005704516723856328693073936900168695697201,"highest-temperature,weather,recurring,hide-from-new,paris,daily-temperature,rewards-automation-50-4pt5-50",Science,0.11
2179145,Will the highest temperature in Seattle be between 64-65°F on May 9?,highest-temperature-in-seattle-on-may-9-2026-64-65f,Science,25873.665851000005,2026-05-07T05:04:14.922835Z,2026-05-09T12:00:00Z,0,22454753743608809266960277783985432732326000653214546821293319253631135456127,"weather,recurring,hide-from-new,seattle,daily-temperature,rewards-automation-50-4pt5-50,highest-temperature",Science,0.0305
2179196,Will the highest temperature in Chicago be between 46-47°F on May 9?,highest-temperature-in-chicago-on-may-9-2026-46-47f,Science,13563.488000000005,2026-05-07T04:48:58.08709Z,2026-05-09T12:00:00Z,0,65763222785230812309963439818792222805922835384307856701994326988445572637202,"weather,recurring,hide-from-new,chicago,daily-temperature,rewards-automation-50-4pt5-50,highest-temperature",Science,0.0015
2179022,Will the lowest temperature in Miami be between 78-79°F on May 9?,lowest-temperature-in-miami-on-may-9-2026-78-79f,Science,15137.938804,2026-05-07T04:05:54.983968Z,2026-05-09T12:00:00Z,0,5328291390859007536902298086163130825590224529582115345034453926918539956089,"weather,recurring,hide-from-new,miami,daily-temperature,rewards-automation-50-4pt5-50,lowest-temperature",Science,0.24
2179221,Will the highest temperature in Wellington be 17°C on May 9?,highest-temperature-in-wellington-on-may-9-2026-17c,Science,15335.854963999996,2026-05-07T04:40:11.151415Z,2026-05-09T12:00:00Z,1,57318305010381551419150491773556368908810196143323608347053194408429072900545,"weather,recurring,hide-from-new,auckland,daily-temperature,rewards-automation-50-4pt5-50,highest-temperature",Science,0.245
2179076,Will the highest temperature in London be 21°C on May 9?,highest-temperature-in-london-on-may-9-2026-21c,Science,27222.39782900001,2026-05-07T04:16:10.697476Z,2026-05-09T12:00:00Z,0,19742356815945781912055844359643188054508784640378257283722317397421461602102,"weather,recurring,hide-from-new,london,daily-temperature,rewards-automation-200,highest-temperature",Science,0.14
2186633,Will the highest temperature in Seoul be 19°C on May 10?,highest-temperature-in-seoul-on-may-10-2026-19c,Science,33263.933074000044,2026-05-08T04:09:16.836863Z,2026-05-10T12:00:00Z,0,52541754529539548131716707094737105649000961537308223275063738090716427249494,"weather,recurring,hide-from-new,seoul,daily-temperature,rewards-automation-200,highest-temperature",Science,0.0225
2186795,Will the highest temperature in Shanghai be 22°C on May 10?,highest-temperature-in-shanghai-on-may-10-2026-22c,Science,13102.294381,2026-05-08T04:16:06.588848Z,2026-05-10T12:00:00Z,0,73463461754910922291093047984085138763758490382877025311263090229257645691100,"weather,recurring,hide-from-new,daily-temperature,shanghai,rewards-automation-200,highest-temperature",Science,0.065
2179420,Will the highest temperature in Denver be between 42-43°F on May 9?,highest-temperature-in-denver-on-may-9-2026-42-43f,Science,19968.285722,2026-05-07T04:32:55.80975Z,2026-05-09T12:00:00Z,0,106946875984002791391384075746489129495965265468561213490728244605172000727965,"weather,recurring,hide-from-new,daily-temperature,denver,rewards-automation-50-4pt5-50,highest-temperature",Science,0.0005
2179635,Will the highest temperature in Qingdao be 27°C on May 9?,highest-temperature-in-qingdao-on-may-9-2026-27c,Science,10074.546578999998,2026-05-07T05:00:33.85995Z,2026-05-09T12:00:00Z,1,28060022662855277964224575502425409767540231625032361091059463841157209871943,"weather,recurring,hide-from-new,daily-temperature,qingdao,rewards-automation-50-4pt5-50,highest-temperature",Science,0.235
1709437,Will more than 350 tornadoes occur in the United States in April 2026?,will-more-than-350-tornadoes-occur-in-the-united-states-in-april-2026-269,Science,34096.78079600001,2026-03-24T22:44:50.699132Z,2026-05-10T00:00:00Z,0,7996782284483157747831480458917240040475132855141503582385396619593849642655,"science,weather,natural-disasters",Science,0.0045
2179412,Will the highest temperature in Denver be between 26-27°F on May 9?,highest-temperature-in-denver-on-may-9-2026-26-27f,Science,15123.675351,2026-05-07T04:32:14.291767Z,2026-05-09T12:00:00Z,0,42340528068062904516415099902394632563322791482089181379601810297030879840853,"weather,recurring,hide-from-new,daily-temperature,denver,rewards-automation-50-4pt5-50,highest-temperature",Science,0.0005
2179417,Will the highest temperature in Denver be between 36-37°F on May 9?,highest-temperature-in-denver-on-may-9-2026-36-37f,Science,18409.046500000004,2026-05-07T04:32:42.351565Z,2026-05-09T12:00:00Z,0,33169058241464480279175078412623809480142523834622685760769138020566676042911,"weather,recurring,hide-from-new,daily-temperature,denver,rewards-automation-50-4pt5-50,highest-temperature",Science,0.0005
2179356,Will the highest temperature in Beijing be 22°C or below on May 9?,highest-temperature-in-beijing-on-may-9-2026-22corbelow,Science,18063.641943000002,2026-05-07T04:19:34.388705Z,2026-05-09T12:00:00Z,1,65040410879631212489021309082148694267827480543759291642313096829635162000863,"weather,recurring,hide-from-new,daily-temperature,beijing,rewards-automation-200,highest-temperature",Science,0.0065
2187127,Will the highest temperature in Cape Town be 14°C on May 10?,highest-temperature-in-cape-town-on-may-10-2026-14c,Science,10442.789521,2026-05-08T04:31:49.817527Z,2026-05-10T12:00:00Z,0,16597733110261776687492651626947883140212400376618562948390672471949838944043,"weather,recurring,hide-from-new,daily-temperature,cape-town,rewards-automation-50-4pt5-50,highest-temperature",Science,0.52
2186872,Will the highest temperature in Chongqing be 27°C on May 10?,highest-temperature-in-chongqing-on-may-10-2026-27c,Science,13324.692916999995,2026-05-08T04:43:31.27945Z,2026-05-10T12:00:00Z,0,97267150366795394305952524208008035155901238094607650551944506601459657528534,"weather,recurring,hide-from-new,daily-temperature,chongqing,rewards-automation-50-4pt5-50,highest-temperature",Science,0.295
2179167,Will the highest temperature in Dallas be between 70-71°F on May 9?,highest-temperature-in-dallas-on-may-9-2026-70-71f,Science,11072.884999999998,2026-05-07T04:41:50.088643Z,2026-05-09T12:00:00Z,0,32104082976059361442887308131445790801296143737720171913762631520236140836589,"weather,recurring,hide-from-new,dallas,daily-temperature,rewards-automation-50-4pt5-50,highest-temperature",Science,0.0005
2179252,Will the highest temperature in Tel Aviv be 27°C on May 9?,highest-temperature-in-tel-aviv-on-may-9-2026-27c,Science,10008.776237999999,2026-05-07T04:52:38.584135Z,2026-05-09T12:00:00Z,1,35625325687650928996588964245787058017228677822166284716774831691708443586290,"weather,recurring,hide-from-new,daily-temperature,tel-aviv,rewards-automation-50-4pt5-50,highest-temperature",Science,0.945
2179251,Will the highest temperature in Tel Aviv be 26°C on May 9?,highest-temperature-in-tel-aviv-on-may-9-2026-26c,Science,11284.903533999995,2026-05-07T04:53:07.895067Z,2026-05-09T12:00:00Z,0,48840377070520234123492016623726867226295672838315676888953958690224415743046,"weather,recurring,hide-from-new,daily-temperature,tel-aviv,rewards-automation-50-4pt5-50,highest-temperature",Science,0.185
2186886,Will the highest temperature in Beijing be 35°C on May 10?,highest-temperature-in-beijing-on-may-10-2026-35c,Science,10611.281624999994,2026-05-08T04:46:15.480569Z,2026-05-10T12:00:00Z,0,78768172587960668476384257409310135284420424339533243684755706128982910120653,"weather,recurring,hide-from-new,daily-temperature,beijing,rewards-automation-200,highest-temperature",Science,0.0175
2187036,Will the highest temperature in Busan be 20°C on May 10?,highest-temperature-in-busan-on-may-10-2026-20c,Science,14495.336593,2026-05-08T04:52:32.438146Z,2026-05-10T12:00:00Z,0,81276645876633538121530070878343667133087261153200683470276643089532178236948,"weather,recurring,hide-from-new,daily-temperature,busan,rewards-automation-50-4pt5-50,highest-temperature",Science,0.0085
2186919,Will the highest temperature in Shenzhen be 26°C on May 10?,highest-temperature-in-shenzhen-on-may-10-2026-26c,Science,33722.595988,2026-05-08T04:38:15.083404Z,2026-05-10T12:00:00Z,0,108641506714882194274726300931440199348392820685078554549353919749417771170644,"weather,recurring,hide-from-new,daily-temperature,shenzhen,rewards-automation-50-4pt5-50,highest-temperature",Science,0.16
2179411,Will the highest temperature in Denver be 25°F or below on May 9?,highest-temperature-in-denver-on-may-9-2026-25forbelow,Science,22849.576650000003,2026-05-07T04:32:09.514669Z,2026-05-09T12:00:00Z,0,17529642297032685447102141205135766930986387427920572015644835879649027965321,"weather,recurring,hide-from-new,daily-temperature,denver,rewards-automation-50-4pt5-50,highest-temperature",Science,0.0005
2179085,Will the highest temperature in Paris be 22°C on May 9?,highest-temperature-in-paris-on-may-9-2026-22c,Science,16621.965327000016,2026-05-07T04:18:03.409378Z,2026-05-09T12:00:00Z,0,24502846815239598972894013911186401391737023086963377591223037076674860309991,"highest-temperature,weather,recurring,hide-from-new,paris,daily-temperature,rewards-automation-50-4pt5-50",Science,0.08
2179297,Will the highest temperature in Singapore be 32°C on May 9?,highest-temperature-in-singapore-on-may-9-2026-32c,Science,14358.334370000006,2026-05-07T04:35:56.175539Z,2026-05-09T12:00:00Z,0,102376312012734369801799641372067254784870424982293588597548454966411312016608,"weather,recurring,hide-from-new,daily-temperature,singapore,rewards-automation-50-4pt5-50,highest-temperature",Science,0.39
2179286,Will the highest temperature in Shanghai be 25°C on May 9?,highest-temperature-in-shanghai-on-may-9-2026-25c,Science,31960.45600000002,2026-05-07T04:21:02.72978Z,2026-05-09T12:00:00Z,0,90792499947193568928883711900581487220843724834855956789427485281237440232773,"weather,recurring,hide-from-new,daily-temperature,shanghai,rewards-automation-200,highest-temperature",Science,0.0605
2186796,Will the highest temperature in Shanghai be 23°C on May 10?,highest-temperature-in-shanghai-on-may-10-2026-23c,Science,21955.187613999995,2026-05-08T04:16:09.632081Z,2026-05-10T12:00:00Z,0,108016890391312212278579675291006132802490777105134444542024484998513950094943,"weather,recurring,hide-from-new,daily-temperature,shanghai,rewards-automation-200,highest-temperature",Science,0.225
2186924,Will the highest temperature in Austin be 55°F or below on May 10?,highest-temperature-in-austin-on-may-10-2026-55forbelow,Science,20499.0865,2026-05-08T04:14:54.680909Z,2026-05-10T12:00:00Z,0,36705608215428014022384707809407655249978225907082888245236819399926552994881,"weather,recurring,hide-from-new,daily-temperature,austin,rewards-automation-50-4pt5-50,highest-temperature",Science,0.0005
2179326,Will the highest temperature in Warsaw be 12°C on May 9?,highest-temperature-in-warsaw-on-may-9-2026-12c,Science,10988.372672999996,2026-05-07T04:27:29.186999Z,2026-05-09T12:00:00Z,0,19558963190832017221851883221347018452214406906928715431819133347089772247767,"weather,recurring,hide-from-new,daily-temperature,warsaw,rewards-automation-50-4pt5-50,highest-temperature",Science,0.115
2179306,Will the highest temperature in Milan be 23°C on May 9?,highest-temperature-in-milan-on-may-9-2026-23c,Science,11120.71569599999,2026-05-07T04:54:07.48207Z,2026-05-09T12:00:00Z,0,24152360450649376069361812984425282227400462511403508500573740814508879775602,"weather,recurring,hide-from-new,daily-temperature,milan,rewards-automation-50-4pt5-50,highest-temperature",Science,0.27
2179123,Will the highest temperature in Seoul be 21°C on May 9?,highest-temperature-in-seoul-on-may-9-2026-21c,Science,42213.32120800001,2026-05-07T04:27:02.790569Z,2026-05-09T12:00:00Z,0,80146498937702292878439150547054989575856394784551864478078650915101305054160,"weather,recurring,hide-from-new,seoul,daily-temperature,rewards-automation-200,highest-temperature",Science,0.3145
2187037,Will the highest temperature in Busan be 21°C on May 10?,highest-temperature-in-busan-on-may-10-2026-21c,Science,11202.459112999999,2026-05-08T04:52:35.635799Z,2026-05-10T12:00:00Z,0,91940638511051692635833219124380692900519794389111388438791804893776264891356,"weather,recurring,hide-from-new,daily-temperature,busan,rewards-automation-50-4pt5-50,highest-temperature",Science,0.059
2179405,Will the highest temperature in Austin be between 64-65°F on May 9?,highest-temperature-in-austin-on-may-9-2026-64-65f,Science,10979.258999999998,2026-05-07T04:36:33.314327Z,2026-05-09T12:00:00Z,0,2858512642850413947357338121930602876791530357769186773756251742562106213483,"weather,recurring,hide-from-new,daily-temperature,austin,rewards-automation-50-4pt5-50,highest-temperature",Science,0.0005
2179077,Will the highest temperature in London be 22°C on May 9?,highest-temperature-in-london-on-may-9-2026-22c,Science,18742.890746999998,2026-05-07T04:16:16.036041Z,2026-05-09T12:00:00Z,0,76779886128124577609503906594518556869646938300727161471386403613619532651199,"weather,recurring,hide-from-new,london,daily-temperature,rewards-automation-200,highest-temperature",Science,0.025
2179166,Will the highest temperature in Dallas be between 68-69°F on May 9?,highest-temperature-in-dallas-on-may-9-2026-68-69f,Science,10057.550941,2026-05-07T04:41:43.442525Z,2026-05-09T12:00:00Z,0,110207411888035151127802055253714575135485368911614915564068045739276503484963,"weather,recurring,hide-from-new,dallas,daily-temperature,rewards-automation-50-4pt5-50,highest-temperature",Science,0.0005
2186778,Will the highest temperature in Tokyo be 24°C on May 10?,highest-temperature-in-tokyo-on-may-10-2026-24c,Science,15330.21522199999,2026-05-08T04:36:35.529675Z,2026-05-10T12:00:00Z,0,98025978617860653079386064724763062366334891551799322436696256846554023126063,"weather,recurring,hide-from-new,daily-temperature,tokyo,rewards-automation-50-4pt5-50,highest-temperature",Science,0.31
2186864,Will the highest temperature in Taipei be 29°C on May 10?,highest-temperature-in-taipei-on-may-10-2026-29c,Science,14007.785453000011,2026-05-08T04:55:25.752644Z,2026-05-10T12:00:00Z,1,39365639556927643923396380620862072736786643960792047096872882290162011653005,"weather,recurring,hide-from-new,daily-temperature,taipei,rewards-automation-50-4pt5-50,highest-temperature",Science,0.23
2186763,Will the highest temperature in Tel Aviv be 27°C on May 10?,highest-temperature-in-tel-aviv-on-may-10-2026-27c,Science,11794.476565000003,2026-05-08T04:40:44.836863Z,2026-05-10T12:00:00Z,1,101366856585421094427050198885197314324523153220654830477095682353161444839270,"weather,recurring,hide-from-new,daily-temperature,tel-aviv,rewards-automation-50-4pt5-50,highest-temperature",Science,0.915
2186762,Will the highest temperature in Tel Aviv be 26°C on May 10?,highest-temperature-in-tel-aviv-on-may-10-2026-26c,Science,10814.647926999993,2026-05-08T04:40:41.787626Z,2026-05-10T12:00:00Z,0,26984718962673347433240889034443885892552239067283540919114953238307651084553,"weather,recurring,hide-from-new,daily-temperature,tel-aviv,rewards-automation-50-4pt5-50,highest-temperature",Science,0.097
2186817,Will the highest temperature in Milan be 16°C on May 10?,highest-temperature-in-milan-on-may-10-2026-16c,Science,13306.247617999998,2026-05-08T04:33:27.611412Z,2026-05-10T12:00:00Z,1,8429841566719599516834899501426784405103734887407645093840970712161816505927,"weather,recurring,hide-from-new,daily-temperature,milan,rewards-automation-50-4pt5-50,highest-temperature",Science,0.185
2179630,Will the highest temperature in Qingdao be 22°C or below on May 9?,highest-temperature-in-qingdao-on-may-9-2026-22corbelow,Science,18814.507816,2026-05-07T05:00:55.180476Z,2026-05-09T12:00:00Z,0,16868538834669368987558338178516420650084712998345585900714131171784190848618,"weather,recurring,hide-from-new,daily-temperature,qingdao,rewards-automation-50-4pt5-50,highest-temperature",Science,0.0065
2179118,Will the highest temperature in Seoul be 16°C on May 9?,highest-temperature-in-seoul-on-may-9-2026-16c,Science,15116.763889000002,2026-05-07T04:26:34.914085Z,2026-05-09T12:00:00Z,0,50096116253639340133504827881834806932728550619478809678296203415558858439043,"weather,recurring,hide-from-new,seoul,daily-temperature,rewards-automation-200,highest-temperature",Science,0.007
2179413,Will the highest temperature in Denver be between 28-29°F on May 9?,highest-temperature-in-denver-on-may-9-2026-28-29f,Science,10701.650000000001,2026-05-07T04:32:27.379612Z,2026-05-09T12:00:00Z,0,99016110621325017807004083344301120996198125649425513820911622666480444358346,"weather,recurring,hide-from-new,daily-temperature,denver,rewards-automation-50-4pt5-50,highest-temperature",Science,0.0005
2187094,Will the highest temperature in Jakarta be 34°C on May 10?,highest-temperature-in-jakarta-on-may-10-2026-34c,Science,13779.378031999997,2026-05-08T04:42:53.743496Z,2026-05-10T12:00:00Z,1,53419408995389963333941089964141417939001492266921075905880619765242850483277,"weather,recurring,hide-from-new,daily-temperature,jakarta,rewards-automation-50-4pt5-50,highest-temperature",Science,0.375
2179319,Will the highest temperature in Madrid be 21°C on May 9?,highest-temperature-in-madrid-on-may-9-2026-21c,Science,18902.966956000004,2026-05-07T04:29:51.545937Z,2026-05-09T12:00:00Z,0,75297934326691761031023929770672185979477848852337259231999731694845192632102,"weather,recurring,hide-from-new,daily-temperature,madrid,rewards-automation-50-4pt5-50,highest-temperature",Science,0.0115
2179175,Will the highest temperature in Atlanta be between 74-75°F on May 9?,highest-temperature-in-atlanta-on-may-9-2026-74-75f,Science,10769.388324999994,2026-05-07T04:42:48.955278Z,2026-05-09T12:00:00Z,0,6969641347586333995785730517130154395712846031954030754810727303955096172348,"weather,recurring,hide-from-new,atlanta,daily-temperature,rewards-automation-50-4pt5-50,highest-temperature",Science,0.335
2186801,Will the highest temperature in Shanghai be 28°C or higher on May 10?,highest-temperature-in-shanghai-on-may-10-2026-28corhigher,Science,18016.493919,2026-05-08T04:16:28.99664Z,2026-05-10T12:00:00Z,0,30100101191533278703699909732710869947148095043074065726500911043852201889757,"weather,recurring,hide-from-new,daily-temperature,shanghai,rewards-automation-200,highest-temperature",Science,0.0045
2186548,Will the lowest temperature in Tokyo be 17°C on May 10?,lowest-temperature-in-tokyo-on-may-10-2026-17c,Science,18553.651036,2026-05-08T04:05:25.796812Z,2026-05-10T12:00:00Z,0,23117276281004866750701554666071166958348211050715427292084014452098411285360,"weather,recurring,hide-from-new,daily-temperature,tokyo,rewards-automation-50-4pt5-50,lowest-temperature",Science,0.055
2179340,Will the highest temperature in Taipei be 20°C on May 9?,highest-temperature-in-taipei-on-may-9-2026-20c,Science,10396.730246,2026-05-07T04:34:36.23234Z,2026-05-09T12:00:00Z,0,101494549678669564088383116255679994022910689989468468808668427717519589499915,"weather,recurring,hide-from-new,daily-temperature,taipei,rewards-automation-50-4pt5-50,highest-temperature",Science,0.0075
2186598,Will the highest temperature in Paris be 19°C on May 10?,highest-temperature-in-paris-on-may-10-2026-19c,Science,17155.70490199999,2026-05-08T04:41:36.624441Z,2026-05-10T12:00:00Z,0,66119862393580861973148098690012784176382736215240167647133742296140317003267,"weather,recurring,hide-from-new,paris,daily-temperature,rewards-automation-50-4pt5-50,highest-temperature",Science,0.033
2179199,Will the highest temperature in Chicago be between 52-53°F on May 9?,highest-temperature-in-chicago-on-may-9-2026-52-53f,Science,15154.414665,2026-05-07T04:49:03.324168Z,2026-05-09T12:00:00Z,0,25767726826823745707105304168875036306144199767715717880006095057671301884120,"weather,recurring,hide-from-new,chicago,daily-temperature,rewards-automation-50-4pt5-50,highest-temperature",Science,0.0015
2186883,Will the highest temperature in Beijing be 32°C on May 10?,highest-temperature-in-beijing-on-may-10-2026-32c,Science,36879.42189600014,2026-05-08T04:46:02.618596Z,2026-05-10T12:00:00Z,0,90949078370461778450588145940537232743907914335172286040289204388973557611386,"weather,recurring,hide-from-new,daily-temperature,beijing,rewards-automation-200,highest-temperature",Science,0.335
2179318,Will the highest temperature in Madrid be 20°C on May 9?,highest-temperature-in-madrid-on-may-9-2026-20c,Science,22822.18824800002,2026-05-07T04:29:49.45322Z,2026-05-09T12:00:00Z,0,38056916117248472670418228551434742339223019128732084025253556814745310291575,"weather,recurring,hide-from-new,daily-temperature,madrid,rewards-automation-50-4pt5-50,highest-temperature",Science,0.0365
2179198,Will the highest temperature in Chicago be between 50-51°F on May 9?,highest-temperature-in-chicago-on-may-9-2026-50-51f,Science,19948.804409999993,2026-05-07T04:49:01.337616Z,2026-05-09T12:00:00Z,0,14572260543241770899689344454793073461729674697162599150190094201144332475278,"weather,recurring,hide-from-new,chicago,daily-temperature,rewards-automation-50-4pt5-50,highest-temperature",Science,0.003
2179281,Will the highest temperature in Shanghai be 20°C on May 9?,highest-temperature-in-shanghai-on-may-9-2026-20c,Science,16131.851571,2026-05-07T04:20:44.398176Z,2026-05-09T12:00:00Z,0,28805284662495860450723612826574775003369244930728507257597289309591459072062,"weather,recurring,hide-from-new,daily-temperature,shanghai,rewards-automation-200,highest-temperature",Science,0.0105
2186925,Will the highest temperature in Austin be between 56-57°F on May 10?,highest-temperature-in-austin-on-may-10-2026-56-57f,Science,11631.502833,2026-05-08T04:14:57.520852Z,2026-05-10T12:00:00Z,0,66821750948660744158479888317571256820656133909435279236458041030538841045846,"weather,recurring,hide-from-new,daily-temperature,austin,rewards-automation-50-4pt5-50,highest-temperature",Science,0.0005
2186812,Will the highest temperature in Singapore be 34°C or higher on May 10?,highest-temperature-in-singapore-on-may-10-2026-34corhigher,Science,16444.699941999996,2026-05-08T04:19:06.848284Z,2026-05-10T12:00:00Z,0,111668372767689761957641877072332007209266267525782827688927492002313112005294,"weather,recurring,hide-from-new,daily-temperature,singapore,rewards-automation-50-4pt5-50,highest-temperature",Science,0.0185
2186652,Will the highest temperature in Seattle be between 60-61°F on May 10?,highest-temperature-in-seattle-on-may-10-2026-60-61f,Science,14329.220971999997,2026-05-08T04:29:45.767175Z,2026-05-10T12:00:00Z,0,72916885222803153550351662102850573422012835376270888749410315499814380113221,"weather,recurring,hide-from-new,seattle,daily-temperature,rewards-automation-50-4pt5-50,highest-temperature",Science,0.0155
2186776,Will the highest temperature in Tokyo be 22°C on May 10?,highest-temperature-in-tokyo-on-may-10-2026-22c,Science,14056.317565,2026-05-08T04:36:22.254279Z,2026-05-10T12:00:00Z,0,96491955245800461697565246848129985373280808112589620499050707194295264401680,"weather,recurring,hide-from-new,daily-temperature,tokyo,rewards-automation-50-4pt5-50,highest-temperature",Science,0.2
2179410,Will the highest temperature in Austin be 74°F or higher on May 9?,highest-temperature-in-austin-on-may-9-2026-74forhigher,Science,14480.367553000016,2026-05-07T04:37:02.084635Z,2026-05-09T12:00:00Z,1,15010505704582988726741789152444088060210733201527992334529391631094303283044,"weather,recurring,hide-from-new,daily-temperature,austin,rewards-automation-50-4pt5-50,highest-temperature",Science,0.997
2179303,Will the highest temperature in Milan be 20°C on May 9?,highest-temperature-in-milan-on-may-9-2026-20c,Science,33136.27547300001,2026-05-07T04:53:19.6773Z,2026-05-09T12:00:00Z,0,38944420303115463738252128341633227329042412495079474529127868016752188026534,"weather,recurring,hide-from-new,daily-temperature,milan,rewards-automation-50-4pt5-50,highest-temperature",Science,0.0025
2179087,Will the highest temperature in Paris be 24°C on May 9?,highest-temperature-in-paris-on-may-9-2026-24c,Science,18590.490020000027,2026-05-07T04:18:15.253053Z,2026-05-09T12:00:00Z,1,65863571786668703517773699661804794015310119128856413106099680656076366710127,"highest-temperature,weather,recurring,hide-from-new,paris,daily-temperature,rewards-automation-50-4pt5-50",Science,0.5
2179349,Will the highest temperature in Chongqing be 22°C on May 9?,highest-temperature-in-chongqing-on-may-9-2026-22c,Science,13317.74536,2026-05-07T05:02:54.820425Z,2026-05-09T12:00:00Z,0,106316638794602606111076916422670193072676377226807424884837639043410851057127,"weather,recurring,hide-from-new,daily-temperature,chongqing,rewards-automation-50-4pt5-50,highest-temperature",Science,0.055
1709421,Will fewer than 140 tornadoes occur in the United States in April 2026?,will-fewer-than-140-tornadoes-occur-in-the-united-states-in-april-2026,Science,23881.577219,2026-03-24T22:43:49.66077Z,2026-05-10T00:00:00Z,0,8675547319747102789554511942704667185377239321779275919814399955140025842992,"science,weather,natural-disasters",Science,0.008
2179312,Will the highest temperature in Madrid be 14°C or below on May 9?,highest-temperature-in-madrid-on-may-9-2026-14corbelow,Science,12151.063972000007,2026-05-07T04:29:19.883491Z,2026-05-09T12:00:00Z,0,21426241465613368393171240427121111047789485536478304328989802166256548270507,"weather,recurring,hide-from-new,daily-temperature,madrid,rewards-automation-50-4pt5-50,highest-temperature",Science,0.009
2179122,Will the highest temperature in Seoul be 20°C on May 9?,highest-temperature-in-seoul-on-may-9-2026-20c,Science,49192.30108400003,2026-05-07T04:26:53.921774Z,2026-05-09T12:00:00Z,1,15631282258024906108836640573499332055482507475925677821820097117210468371329,"weather,recurring,hide-from-new,seoul,daily-temperature,rewards-automation-200,highest-temperature",Science,0.315
2179243,Will the highest temperature in Munich be 23°C on May 9?,highest-temperature-in-munich-on-may-9-2026-23c,Science,11218.251467999997,2026-05-07T04:13:18.909434Z,2026-05-09T12:00:00Z,0,66768534884795898779907640214298819236923931391224260437204130789245281341464,"weather,recurring,hide-from-new,daily-temperature,munich,rewards-automation-50-4pt5-50,highest-temperature",Science,0.03
2187093,Will the highest temperature in Jakarta be 33°C on May 10?,highest-temperature-in-jakarta-on-may-10-2026-33c,Science,22517.912345,2026-05-08T04:42:38.917015Z,2026-05-10T12:00:00Z,0,27371869618842745017793911796831293620976041763373771792187471480792359502096,"weather,recurring,hide-from-new,daily-temperature,jakarta,rewards-automation-50-4pt5-50,highest-temperature",Science,0.575
2179295,Will the highest temperature in Singapore be 30°C on May 9?,highest-temperature-in-singapore-on-may-9-2026-30c,Science,24543.218737000007,2026-05-07T04:35:42.036344Z,2026-05-09T12:00:00Z,0,13071030926035278086441772920219027944202742021852080951794992213051820330180,"weather,recurring,hide-from-new,daily-temperature,singapore,rewards-automation-50-4pt5-50,highest-temperature",Science,0.055
2186731,Will the highest temperature in Wellington be 16°C on May 10?,highest-temperature-in-wellington-on-may-10-2026-16c,Science,22116.615156,2026-05-08T04:39:16.032706Z,2026-05-10T12:00:00Z,0,35877995174751600257372746787575036233802034978014005204022992969121647867899,"weather,recurring,hide-from-new,auckland,daily-temperature,rewards-automation-50-4pt5-50,highest-temperature",Science,0.045
2187047,Will the highest temperature in Amsterdam be 15°C on May 10?,highest-temperature-in-amsterdam-on-may-10-2026-15c,Science,14736.235166,2026-05-08T04:37:02.672727Z,2026-05-10T12:00:00Z,0,28987762589540278357211256882970909100975393283863291898572698823044506401187,"weather,recurring,hide-from-new,daily-temperature,amsterdam,rewards-automation-50-4pt5-50,highest-temperature",Science,0.35
2179316,Will the highest temperature in Madrid be 18°C on May 9?,highest-temperature-in-madrid-on-may-9-2026-18c,Science,20547.869903000006,2026-05-07T04:29:35.296807Z,2026-05-09T12:00:00Z,0,111878470807773679233307337713611672867073813307147450411065606194512808445524,"weather,recurring,hide-from-new,daily-temperature,madrid,rewards-automation-50-4pt5-50,highest-temperature",Science,0.24
2179282,Will the highest temperature in Shanghai be 21°C on May 9?,highest-temperature-in-shanghai-on-may-9-2026-21c,Science,17097.553575,2026-05-07T04:20:48.958192Z,2026-05-09T12:00:00Z,0,107251908831446244885934443630895242256597759009596934586960368288076685843810,"weather,recurring,hide-from-new,daily-temperature,shanghai,rewards-automation-200,highest-temperature",Science,0.0645
2186887,Will the highest temperature in Beijing be 36°C on May 10?,highest-temperature-in-beijing-on-may-10-2026-36c,Science,10450.286327000003,2026-05-08T04:46:19.765302Z,2026-05-10T12:00:00Z,0,113318587405794808549189560518858926923603586619047258800094314843560420669250,"weather,recurring,hide-from-new,daily-temperature,beijing,rewards-automation-200,highest-temperature",Science,0.004
2186885,Will the highest temperature in Beijing be 34°C on May 10?,highest-temperature-in-beijing-on-may-10-2026-34c,Science,18277.87927,2026-05-08T04:46:14.675155Z,2026-05-10T12:00:00Z,0,62828162911721392876940483988212899246680243798117535988349102415745575662590,"weather,recurring,hide-from-new,daily-temperature,beijing,rewards-automation-200,highest-temperature",Science,0.055
2179168,Will the highest temperature in Dallas be 72°F or higher on May 9?,highest-temperature-in-dallas-on-may-9-2026-72forhigher,Science,28710.35396,2026-05-07T04:41:53.417814Z,2026-05-09T12:00:00Z,1,34391182244917529896060597286872700875233836865756154114075140531660026060394,"weather,recurring,hide-from-new,dallas,daily-temperature,rewards-automation-50-4pt5-50,highest-temperature",Science,0.997
2179304,Will the highest temperature in Milan be 21°C on May 9?,highest-temperature-in-milan-on-may-9-2026-21c,Science,10952.283371000003,2026-05-07T04:53:32.29254Z,2026-05-09T12:00:00Z,0,25381864624445110510577497521088736564004384678624155825031711801254412796364,"weather,recurring,hide-from-new,daily-temperature,milan,rewards-automation-50-4pt5-50,highest-temperature",Science,0.009
2186884,Will the highest temperature in Beijing be 33°C on May 10?,highest-temperature-in-beijing-on-may-10-2026-33c,Science,18983.0747,2026-05-08T04:46:10.519376Z,2026-05-10T12:00:00Z,1,24312458527235965148793296541386459319125994502404804665228417710693945061504,"weather,recurring,hide-from-new,daily-temperature,beijing,rewards-automation-200,highest-temperature",Science,0.325
2186596,Will the highest temperature in Paris be 17°C on May 10?,highest-temperature-in-paris-on-may-10-2026-17c,Science,13622.266208000001,2026-05-08T04:41:29.427605Z,2026-05-10T12:00:00Z,0,20438670417743402156974063672294743677634101794369406557073862244676690315596,"weather,recurring,hide-from-new,paris,daily-temperature,rewards-automation-50-4pt5-50,highest-temperature",Science,0.1355
2179465,Will the highest temperature in Moscow be 17°C or higher on May 9?,highest-temperature-in-moscow-on-may-9-2026-17corhigher,Science,13257.371041999995,2026-05-07T04:25:17.844048Z,2026-05-09T12:00:00Z,0,49679816622993491740369858895872175294157364812959924471393166911588367482010,"weather,recurring,hide-from-new,daily-temperature,moscow,rewards-automation-50-4pt5-50,highest-temperature",Science,0.004
2179210,Will the highest temperature in Ankara be 22°C on May 9?,highest-temperature-in-ankara-on-may-9-2026-22c,Science,13002.050833000007,2026-05-07T04:12:13.788351Z,2026-05-09T12:00:00Z,0,29725185873175430463448511105467087629459426781332503119658118487821564553812,"weather,recurring,hide-from-new,ankara,daily-temperature,rewards-automation-200,highest-temperature",Science,0.0155
2179415,Will the highest temperature in Denver be between 32-33°F on May 9?,highest-temperature-in-denver-on-may-9-2026-32-33f,Science,11352.566665000002,2026-05-07T04:32:32.355487Z,2026-05-09T12:00:00Z,0,7201189642487354862029990811533728868132761379825846190179819203996716161989,"weather,recurring,hide-from-new,daily-temperature,denver,rewards-automation-50-4pt5-50,highest-temperature",Science,0.0005
2187059,Will the highest temperature in Helsinki be 11°C on May 10?,highest-temperature-in-helsinki-on-may-10-2026-11c,Science,16364.751375,2026-05-08T04:28:53.072231Z,2026-05-10T12:00:00Z,0,31086522807715770094915193399079589854674075754092877582312777617006940363793,"weather,recurring,hide-from-new,daily-temperature,helsinki,rewards-automation-50-4pt5-50,highest-temperature",Science,0.0135
2179406,Will the highest temperature in Austin be between 66-67°F on May 9?,highest-temperature-in-austin-on-may-9-2026-66-67f,Science,11385.372,2026-05-07T04:36:38.320238Z,2026-05-09T12:00:00Z,0,695405853859646899807716377983555526190471966100004487381314883666203787522,"weather,recurring,hide-from-new,daily-temperature,austin,rewards-automation-50-4pt5-50,highest-temperature",Science,0.0005
2186881,Will the highest temperature in Beijing be 30°C on May 10?,highest-temperature-in-beijing-on-may-10-2026-30c,Science,20376.807227999994,2026-05-08T04:45:56.708597Z,2026-05-10T12:00:00Z,0,58295448244099340527733141033160621266007973395903771365914499991558385043417,"weather,recurring,hide-from-new,daily-temperature,beijing,rewards-automation-200,highest-temperature",Science,0.012
2179074,Will the highest temperature in London be 19°C on May 9?,highest-temperature-in-london-on-may-9-2026-19c,Science,22746.52302899999,2026-05-07T04:16:04.440905Z,2026-05-09T12:00:00Z,0,41216340592733805963456041469426688657708818214994983259894324393590532871639,"weather,recurring,hide-from-new,london,daily-temperature,rewards-automation-200,highest-temperature",Science,0.235
2179487,Will the highest temperature in Mexico City be 24°C or higher on May 9?,highest-temperature-in-mexico-city-on-may-9-2026-24corhigher,Science,10549.497626999997,2026-05-07T04:44:15.6665Z,2026-05-09T12:00:00Z,1,109677521072339004526666997715878568476111338508528559836047977946350277022840,"weather,recurring,hide-from-new,daily-temperature,mexico,rewards-automation-50-4pt5-50,highest-temperature",Science,0.994
2179287,Will the highest temperature in Shanghai be 26°C on May 9?,highest-temperature-in-shanghai-on-may-9-2026-26c,Science,14146.273472999996,2026-05-07T04:21:09.992881Z,2026-05-09T12:00:00Z,0,20893065017020760171221773534879624837205145147728056477493259708805529711069,"weather,recurring,hide-from-new,daily-temperature,shanghai,rewards-automation-200,highest-temperature",Science,0.01
2179073,Will the highest temperature in London be 18°C on May 9?,highest-temperature-in-london-on-may-9-2026-18c,Science,20687.987964,2026-05-07T04:15:55.229947Z,2026-05-09T12:00:00Z,0,27572035671327967354942481649052725228594499401464405012416152710564412783449,"weather,recurring,hide-from-new,london,daily-temperature,rewards-automation-200,highest-temperature",Science,0.052
2186719,Will the highest temperature in Ankara be 22°C on May 10?,highest-temperature-in-ankara-on-may-10-2026-22c,Science,10253.977891999999,2026-05-08T04:22:52.887264Z,2026-05-10T12:00:00Z,0,83740880336893249005797569495962710339187281826519117587866433194571271485023,"weather,recurring,hide-from-new,ankara,daily-temperature,rewards-automation-200,highest-temperature",Science,0.46
2179546,Will the highest temperature in Jakarta be 31°C on May 9?,highest-temperature-in-jakarta-on-may-9-2026-31c,Science,19031.30306,2026-05-07T04:58:19.35547Z,2026-05-09T12:00:00Z,0,83209960267925307046885589965531563980561940045313724141172628873870731845268,"weather,recurring,hide-from-new,daily-temperature,jakarta,rewards-automation-50-4pt5-50,highest-temperature",Science,0.0515
2179222,Will the highest temperature in Wellington be 18°C on May 9?,highest-temperature-in-wellington-on-may-9-2026-18c,Science,12415.878204000004,2026-05-07T04:40:13.093457Z,2026-05-09T12:00:00Z,0,7320760340833661752653265986692667603262094029703012678036687380402456717482,"weather,recurring,hide-from-new,auckland,daily-temperature,rewards-automation-50-4pt5-50,highest-temperature",Science,0.775
2179472,Will the highest temperature in Istanbul be 23°C on May 9?,highest-temperature-in-istanbul-on-may-9-2026-23c,Science,25706.542749,2026-05-07T04:19:07.228348Z,2026-05-09T12:00:00Z,0,92379982787756967452654896139556533889569321259739399947893531115532387380693,"weather,recurring,hide-from-new,daily-temperature,istanbul,rewards-automation-50-4pt5-50,highest-temperature",Science,0.255
2186810,Will the highest temperature in Singapore be 32°C on May 10?,highest-temperature-in-singapore-on-may-10-2026-32c,Science,11451.266511999998,2026-05-08T04:18:56.01828Z,2026-05-10T12:00:00Z,0,2634579016268984721863290791959887613359223454265359336345383830452782594399,"weather,recurring,hide-from-new,daily-temperature,singapore,rewards-automation-50-4pt5-50,highest-temperature",Science,0.475
2179150,Will the highest temperature in New York City be between 56-57°F on May 9?,highest-temperature-in-nyc-on-may-9-2026-56-57f,Science,11330.491005999998,2026-05-07T04:49:24.431871Z,2026-05-09T12:00:00Z,0,61831084153002568713785674437045033522169624666836761972764375077791910234363,"weather,recurring,hide-from-new,new-york-city,daily-temperature,rewards-automation-200,highest-temperature",Science,0.029
2186933,Will the highest temperature in Austin be between 72-73°F on May 10?,highest-temperature-in-austin-on-may-10-2026-72-73f,Science,17353.95195499999,2026-05-08T04:15:47.019904Z,2026-05-10T12:00:00Z,0,25179833278689367201046880935775643350638765139612567552973660024111568514954,"weather,recurring,hide-from-new,daily-temperature,austin,rewards-automation-50-4pt5-50,highest-temperature",Science,0.0025
2186734,Will the highest temperature in Wellington be 19°C on May 10?,highest-temperature-in-wellington-on-may-10-2026-19c,Science,20680.12076400001,2026-05-08T04:39:28.294435Z,2026-05-10T12:00:00Z,1,97622079249951358998808974006074812722259174398446353512902210992579111436079,"weather,recurring,hide-from-new,auckland,daily-temperature,rewards-automation-50-4pt5-50,highest-temperature",Science,0.075
2179284,Will the highest temperature in Shanghai be 23°C on May 9?,highest-temperature-in-shanghai-on-may-9-2026-23c,Science,26790.547733999978,2026-05-07T04:20:53.994437Z,2026-05-09T12:00:00Z,1,58650905830506083199792215453241863517352043042073730601173217511720981830757,"weather,recurring,hide-from-new,daily-temperature,shanghai,rewards-automation-200,highest-temperature",Science,0.33
2187111,Will the highest temperature in Lagos be 28°C on May 10?,highest-temperature-in-lagos-on-may-10-2026-28c,Science,11512.322860000002,2026-05-08T04:49:28.2275Z,2026-05-10T12:00:00Z,0,27081289059537821195795971899065429792451504464791717357369998167693304259674,"weather,recurring,hide-from-new,daily-temperature,lagos,rewards-automation-50-4pt5-50,highest-temperature",Science,0.02
2179078,Will the highest temperature in London be 23°C on May 9?,highest-temperature-in-london-on-may-9-2026-23c,Science,11418.978264000003,2026-05-07T04:16:23.713695Z,2026-05-09T12:00:00Z,0,4810926416590964020977295689752454784862969309325764086949203506634667469049,"weather,recurring,hide-from-new,london,daily-temperature,rewards-automation-200,highest-temperature",Science,0.0035
2186800,Will the highest temperature in Shanghai be 27°C on May 10?,highest-temperature-in-shanghai-on-may-10-2026-27c,Science,13527.813839999999,2026-05-08T04:16:28.735049Z,2026-05-10T12:00:00Z,0,22448203271601268767857876889554347130598140744176233043964590658284793156702,"weather,recurring,hide-from-new,daily-temperature,shanghai,rewards-automation-200,highest-temperature",Science,0.0145
2179156,Will the highest temperature in New York City be between 68-69°F on May 9?,highest-temperature-in-nyc-on-may-9-2026-68-69f,Science,24781.661394000006,2026-05-07T04:49:33.372092Z,2026-05-09T12:00:00Z,0,26187354536077426374676910061756738520637523195782099030560073953293304922305,"weather,recurring,hide-from-new,new-york-city,daily-temperature,rewards-automation-200,highest-temperature",Science,0.0095
2179135,Will the highest temperature in Toronto be 17°C or higher on May 9?,highest-temperature-in-toronto-on-may-9-2026-17corhigher,Science,16767.585573000008,2026-05-07T04:40:55.231134Z,2026-05-09T12:00:00Z,0,29289740262925182553281531221224826530732856544619722947654714580747499515462,"weather,recurring,hide-from-new,toronto,daily-temperature,rewards-automation-50-4pt5-50,highest-temperature",Science,0.905
2186794,Will the highest temperature in Shanghai be 21°C on May 10?,highest-temperature-in-shanghai-on-may-10-2026-21c,Science,12238.840395000003,2026-05-08T04:16:04.567085Z,2026-05-10T12:00:00Z,0,9836457108065106707798835695981052051530210345201075968145347563750079771854,"weather,recurring,hide-from-new,daily-temperature,shanghai,rewards-automation-200,highest-temperature",Science,0.0085
2186663,Will the highest temperature in New York City be between 70-71°F on May 10?,highest-temperature-in-nyc-on-may-10-2026-70-71f,Science,43891.876760999985,2026-05-08T04:09:46.633782Z,2026-05-10T12:00:00Z,0,36396338769854195857226030848358533842316435791959575434881049039202593624201,"weather,recurring,hide-from-new,new-york-city,daily-temperature,rewards-automation-200,highest-temperature",Science,0.255
2179285,Will the highest temperature in Shanghai be 24°C on May 9?,highest-temperature-in-shanghai-on-may-9-2026-24c,Science,21070.08231399999,2026-05-07T04:20:58.078879Z,2026-05-09T12:00:00Z,0,53946307870747397593456438443654288348095883478166745688039401136537912267924,"weather,recurring,hide-from-new,daily-temperature,shanghai,rewards-automation-200,highest-temperature",Science,0.34
2186634,Will the highest temperature in Seoul be 20°C on May 10?,highest-temperature-in-seoul-on-may-10-2026-20c,Science,56576.845788,2026-05-08T04:09:28.768425Z,2026-05-10T12:00:00Z,0,100477385704030021880421686827513494121621095849269556236319852220884071997677,"weather,recurring,hide-from-new,seoul,daily-temperature,rewards-automation-200,highest-temperature",Science,0.145
2179421,Will the highest temperature in Denver be 44°F or higher on May 9?,highest-temperature-in-denver-on-may-9-2026-44forhigher,Science,28452.601569000002,2026-05-07T04:33:02.852355Z,2026-05-09T12:00:00Z,1,42891140664492583890010302252755785191634670993764792518056272709473090661126,"weather,recurring,hide-from-new,daily-temperature,denver,rewards-automation-50-4pt5-50,highest-temperature",Science,0.9985
2179157,Will the highest temperature in New York City be 70°F or higher on May 9?,highest-temperature-in-nyc-on-may-9-2026-70forhigher,Science,21460.272571000016,2026-05-07T04:49:36.395598Z,2026-05-09T12:00:00Z,0,33071085012812214692901616754850578522760257822879854119933472595324987466184,"weather,recurring,hide-from-new,new-york-city,daily-temperature,rewards-automation-200,highest-temperature",Science,0.0105
2186660,Will the highest temperature in New York City be between 64-65°F on May 10?,highest-temperature-in-nyc-on-may-10-2026-64-65f,Science,16880.261662999994,2026-05-08T04:09:41.616871Z,2026-05-10T12:00:00Z,0,13405321686602658865171568541014892087480220327668770658100876738172384654196,"weather,recurring,hide-from-new,new-york-city,daily-temperature,rewards-automation-200,highest-temperature",Science,0.0075
2179264,Will the highest temperature in Tokyo be 23°C on May 9?,highest-temperature-in-tokyo-on-may-9-2026-23c,Science,17704.213346999997,2026-05-07T04:25:54.716396Z,2026-05-09T12:00:00Z,1,114639409828259817791708812432458903043375144093784194663430657163156925781188,"weather,recurring,hide-from-new,daily-temperature,tokyo,rewards-automation-50-4pt5-50,highest-temperature",Science,0.295
2179464,Will the highest temperature in Moscow be 16°C on May 9?,highest-temperature-in-moscow-on-may-9-2026-16c,Science,10952.3161,2026-05-07T04:25:10.014456Z,2026-05-09T12:00:00Z,0,111733729275023190389723984870509955480507880846496959137856055246114731796870,"weather,recurring,hide-from-new,daily-temperature,moscow,rewards-automation-50-4pt5-50,highest-temperature",Science,0.0035
2186777,Will the highest temperature in Tokyo be 23°C on May 10?,highest-temperature-in-tokyo-on-may-10-2026-23c,Science,14522.090115,2026-05-08T04:36:31.257212Z,2026-05-10T12:00:00Z,0,35344611159510243602801845343729347337950327723003158522195208884034923264987,"weather,recurring,hide-from-new,daily-temperature,tokyo,rewards-automation-50-4pt5-50,highest-temperature",Science,0.445
2179289,Will the highest temperature in Shanghai be 28°C or higher on May 9?,highest-temperature-in-shanghai-on-may-9-2026-28corhigher,Science,12778.847354000007,2026-05-07T04:21:14.832259Z,2026-05-09T12:00:00Z,0,16205878225087946439635595916467284826742264983568077600945658803541129899406,"weather,recurring,hide-from-new,daily-temperature,shanghai,rewards-automation-200,highest-temperature",Science,0.004
2186631,Will the highest temperature in Seoul be 17°C on May 10?,highest-temperature-in-seoul-on-may-10-2026-17c,Science,12874.495846000005,2026-05-08T04:09:13.879893Z,2026-05-10T12:00:00Z,0,111663061736993361621172732908270819739123545986460749050892510645335314971899,"weather,recurring,hide-from-new,seoul,daily-temperature,rewards-automation-200,highest-temperature",Science,0.0065
2179361,Will the highest temperature in Beijing be 27°C on May 9?,highest-temperature-in-beijing-on-may-9-2026-27c,Science,10680.972305000003,2026-05-07T04:19:56.041959Z,2026-05-09T12:00:00Z,0,45967378463489151941361774886713703116930194339405450953736948197165278951202,"weather,recurring,hide-from-new,daily-temperature,beijing,rewards-automation-200,highest-temperature",Science,0.115
2179241,Will the highest temperature in Munich be 21°C on May 9?,highest-temperature-in-munich-on-may-9-2026-21c,Science,32308.144603000004,2026-05-07T04:13:16.102147Z,2026-05-09T12:00:00Z,0,107468853647272553497070651955597031575609122268849861500927401457538917547209,"weather,recurring,hide-from-new,daily-temperature,munich,rewards-automation-50-4pt5-50,highest-temperature",Science,0.455
2179502,Will the highest temperature in Amsterdam be 18°C on May 9?,highest-temperature-in-amsterdam-on-may-9-2026-18c,Science,12720.83815400001,2026-05-07T04:55:22.333928Z,2026-05-09T12:00:00Z,1,66747664044504432846506667046712474476797337328956942717198482763251877738196,"weather,recurring,hide-from-new,daily-temperature,amsterdam,rewards-automation-50-4pt5-50,highest-temperature",Science,0.54
2179185,Will the highest temperature in Miami be between 88-89°F on May 9?,highest-temperature-in-miami-on-may-9-2026-88-89f,Science,19728.653049000004,2026-05-07T04:38:45.173764Z,2026-05-09T12:00:00Z,0,18828600821754167030364621674841225343971963151883644505605710152929425736278,"weather,recurring,hide-from-new,miami,daily-temperature,rewards-automation-50-4pt5-50,highest-temperature",Science,0.095
2186934,Will the highest temperature in Austin be 74°F or higher on May 10?,highest-temperature-in-austin-on-may-10-2026-74forhigher,Science,31890.451842000002,2026-05-08T04:15:49.283562Z,2026-05-10T12:00:00Z,1,22361081767813789985772420457014805680196262578270656442766772713611385181260,"weather,recurring,hide-from-new,daily-temperature,austin,rewards-automation-50-4pt5-50,highest-temperature",Science,0.9965
2186907,Will the highest temperature in Chengdu be 31°C on May 10?,highest-temperature-in-chengdu-on-may-10-2026-31c,Science,14599.627192999995,2026-05-08T04:47:01.902592Z,2026-05-10T12:00:00Z,1,70655203817437877558002813367361551608140416802677485464551575205647386044452,"weather,recurring,hide-from-new,daily-temperature,chengdu,rewards-automation-50-4pt5-50,highest-temperature",Science,0.33
2186610,Will the highest temperature in Sao Paulo be 19°C on May 10?,highest-temperature-in-sao-paulo-on-may-10-2026-19c,Science,18159.247034,2026-05-08T04:48:55.434374Z,2026-05-10T12:00:00Z,0,26612947693706983127626728507018389605039110931625788097989135693012345938047,"weather,recurring,hide-from-new,sao-paulo,daily-temperature,rewards-automation-50-4pt5-50,highest-temperature",Science,0.11
2186733,Will the highest temperature in Wellington be 18°C on May 10?,highest-temperature-in-wellington-on-may-10-2026-18c,Science,81840.383752,2026-05-08T04:39:26.065126Z,2026-05-10T12:00:00Z,0,26963975406389151039935875494413179092916825145117063977271626342546761760029,"weather,recurring,hide-from-new,auckland,daily-temperature,rewards-automation-50-4pt5-50,highest-temperature",Science,0.535
2179121,Will the highest temperature in Seoul be 19°C on May 9?,highest-temperature-in-seoul-on-may-9-2026-19c,Science,31368.239757999992,2026-05-07T04:26:51.048534Z,2026-05-09T12:00:00Z,0,76727120335050896515713807053398779708916474832724268060550939146963328235476,"weather,recurring,hide-from-new,seoul,daily-temperature,rewards-automation-200,highest-temperature",Science,0.26
2179473,Will the highest temperature in Istanbul be 24°C on May 9?,highest-temperature-in-istanbul-on-may-9-2026-24c,Science,13150.712174999995,2026-05-07T04:19:09.281864Z,2026-05-09T12:00:00Z,1,90023983909252126893243478303372392366383796824273892602097837764948787697496,"weather,recurring,hide-from-new,daily-temperature,istanbul,rewards-automation-50-4pt5-50,highest-temperature",Science,0.7425
1709435,Will 320 to 350 tornadoes occur in the United States in April 2026?,will-320-to-350-tornadoes-occur-in-the-united-states-in-april-2026-497,Science,22983.430121999998,2026-03-24T22:44:34.597261Z,2026-05-10T00:00:00Z,0,50200024604257226203895931654301806338966183744867250596946138635380271193172,"science,weather,natural-disasters",Science,0.0105
2179263,Will the highest temperature in Tokyo be 22°C on May 9?,highest-temperature-in-tokyo-on-may-9-2026-22c,Science,28859.716430000004,2026-05-07T04:25:48.42167Z,2026-05-09T12:00:00Z,0,35561923986387380350286964672079062315367547078305559525281385552673569717434,"weather,recurring,hide-from-new,daily-temperature,tokyo,rewards-automation-50-4pt5-50,highest-temperature",Science,0.0465
2179195,Will the highest temperature in Chicago be between 44-45°F on May 9?,highest-temperature-in-chicago-on-may-9-2026-44-45f,Science,12220.845,2026-05-07T04:48:46.948226Z,2026-05-09T12:00:00Z,0,111512152746782244318468472205053851862860478151014251408110450177558204098905,"weather,recurring,hide-from-new,chicago,daily-temperature,rewards-automation-50-4pt5-50,highest-temperature",Science,0.0015
2179548,Will the highest temperature in Jakarta be 33°C on May 9?,highest-temperature-in-jakarta-on-may-9-2026-33c,Science,11989.194337,2026-05-07T04:58:28.751861Z,2026-05-09T12:00:00Z,1,9636497306211329631020722180310154014567292109580540193411988955193036759550,"weather,recurring,hide-from-new,daily-temperature,jakarta,rewards-automation-50-4pt5-50,highest-temperature",Science,0.69
2187126,Will the highest temperature in Cape Town be 13°C on May 10?,highest-temperature-in-cape-town-on-may-10-2026-13c,Science,12610.861911,2026-05-08T04:31:47.77422Z,2026-05-10T12:00:00Z,0,49075646060093676931537403304058101704669083050801106590826052150690785311344,"weather,recurring,hide-from-new,daily-temperature,cape-town,rewards-automation-50-4pt5-50,highest-temperature",Science,0.245
2186797,Will the highest temperature in Shanghai be 24°C on May 10?,highest-temperature-in-shanghai-on-may-10-2026-24c,Science,26514.74102799998,2026-05-08T04:16:12.602469Z,2026-05-10T12:00:00Z,1,102684342412143361375708036548747627556641868234782045343039741350389076062855,"weather,recurring,hide-from-new,daily-temperature,shanghai,rewards-automation-200,highest-temperature",Science,0.395
2186930,Will the highest temperature in Austin be between 66-67°F on May 10?,highest-temperature-in-austin-on-may-10-2026-66-67f,Science,10704.063000000002,2026-05-08T04:15:23.004198Z,2026-05-10T12:00:00Z,0,30501143047159445320893438049871084586822873653759721944700784339585383181817,"weather,recurring,hide-from-new,daily-temperature,austin,rewards-automation-50-4pt5-50,highest-temperature",Science,0.0005
2179266,Will the highest temperature in Tokyo be 25°C on May 9?,highest-temperature-in-tokyo-on-may-9-2026-25c,Science,12771.319937999999,2026-05-07T04:26:00.216057Z,2026-05-09T12:00:00Z,0,18646641669640404850924603698638208357482686926351307859274143268312934655904,"weather,recurring,hide-from-new,daily-temperature,tokyo,rewards-automation-50-4pt5-50,highest-temperature",Science,0.14
2179197,Will the highest temperature in Chicago be between 48-49°F on May 9?,highest-temperature-in-chicago-on-may-9-2026-48-49f,Science,11047.764000000001,2026-05-07T04:48:59.332054Z,2026-05-09T12:00:00Z,0,95034612706184566362292925839503163231725854446628522836927273400929116763396,"weather,recurring,hide-from-new,chicago,daily-temperature,rewards-automation-50-4pt5-50,highest-temperature",Science,0.0005
2186584,Will the highest temperature in London be 12°C on May 10?,highest-temperature-in-london-on-may-10-2026-12c,Science,180459.8903229999,2026-05-08T04:27:51.887403Z,2026-05-10T12:00:00Z,0,56643357813665422705165394204597579875316442097968085657233876168472461600350,"weather,recurring,hide-from-new,london,daily-temperature,rewards-automation-200,highest-temperature",Science,0.0035
2179200,Will the highest temperature in Chicago be between 54-55°F on May 9?,highest-temperature-in-chicago-on-may-9-2026-54-55f,Science,20627.968773,2026-05-07T04:49:11.461472Z,2026-05-09T12:00:00Z,0,56320801855148520502516435090940822308362391071454149862681458779356906847666,"weather,recurring,hide-from-new,chicago,daily-temperature,rewards-automation-50-4pt5-50,highest-temperature",Science,0.0015
2186662,Will the highest temperature in New York City be between 68-69°F on May 10?,highest-temperature-in-nyc-on-may-10-2026-68-69f,Science,30130.50895299999,2026-05-08T04:09:44.632218Z,2026-05-10T12:00:00Z,0,73771268047051200824760386198689216056597262949413420589663890618717788933148,"weather,recurring,hide-from-new,new-york-city,daily-temperature,rewards-automation-200,highest-temperature",Science,0.125
2179314,Will the highest temperature in Madrid be 16°C on May 9?,highest-temperature-in-madrid-on-may-9-2026-16c,Science,44240.593772,2026-05-07T04:29:30.360983Z,2026-05-09T12:00:00Z,0,47052473529890536392441242752135326193466448314627620507399569710409872785242,"weather,recurring,hide-from-new,daily-temperature,madrid,rewards-automation-50-4pt5-50,highest-temperature",Science,0.19
2179173,Will the highest temperature in Atlanta be between 70-71°F on May 9?,highest-temperature-in-atlanta-on-may-9-2026-70-71f,Science,12311.664064999999,2026-05-07T04:42:32.963904Z,2026-05-09T12:00:00Z,1,19266359926742440047444071253795436799057421999773156154429223517500474380539,"weather,recurring,hide-from-new,atlanta,daily-temperature,rewards-automation-50-4pt5-50,highest-temperature",Science,0.028
2179072,Will the highest temperature in London be 17°C on May 9?,highest-temperature-in-london-on-may-9-2026-17c,Science,11893.550565999996,2026-05-07T04:15:51.226929Z,2026-05-09T12:00:00Z,0,58072333177586208812505278741317642136281244906419884109764901385445632477125,"weather,recurring,hide-from-new,london,daily-temperature,rewards-automation-200,highest-temperature",Science,0.008
2179315,Will the highest temperature in Madrid be 17°C on May 9?,highest-temperature-in-madrid-on-may-9-2026-17c,Science,24571.227256999973,2026-05-07T04:29:32.230472Z,2026-05-09T12:00:00Z,1,30055577374959174567050920751529971715188738961870389170551700456655204881375,"weather,recurring,hide-from-new,daily-temperature,madrid,rewards-automation-50-4pt5-50,highest-temperature",Science,0.31
2186635,Will the highest temperature in Seoul be 21°C on May 10?,highest-temperature-in-seoul-on-may-10-2026-21c,Science,38505.99579399997,2026-05-08T04:09:21.771972Z,2026-05-10T12:00:00Z,0,87511698662868233994818824279927759322242229461698362815606075271274919335660,"weather,recurring,hide-from-new,seoul,daily-temperature,rewards-automation-200,highest-temperature",Science,0.325
2186632,Will the highest temperature in Seoul be 18°C on May 10?,highest-temperature-in-seoul-on-may-10-2026-18c,Science,47214.45313899998,2026-05-08T04:09:14.848777Z,2026-05-10T12:00:00Z,0,61180950440392763838030964025331269724174131672869992082538814706088406534678,"weather,recurring,hide-from-new,seoul,daily-temperature,rewards-automation-200,highest-temperature",Science,0.0115
2179119,Will the highest temperature in Seoul be 17°C on May 9?,highest-temperature-in-seoul-on-may-9-2026-17c,Science,23862.736048999992,2026-05-07T04:26:37.973936Z,2026-05-09T12:00:00Z,0,83599802761507115054775157031179257944897903271484135257654611958673341798677,"weather,recurring,hide-from-new,seoul,daily-temperature,rewards-automation-200,highest-temperature",Science,0.0145
2186732,Will the highest temperature in Wellington be 17°C on May 10?,highest-temperature-in-wellington-on-may-10-2026-17c,Science,26277.180385,2026-05-08T04:39:18.087359Z,2026-05-10T12:00:00Z,0,38627431820414739675396136006257911782683728172322516664916382352473459835657,"weather,recurring,hide-from-new,auckland,daily-temperature,rewards-automation-50-4pt5-50,highest-temperature",Science,0.305
2179313,Will the highest temperature in Madrid be 15°C on May 9?,highest-temperature-in-madrid-on-may-9-2026-15c,Science,15572.315644000006,2026-05-07T04:29:28.268211Z,2026-05-09T12:00:00Z,0,277478465602037544389075609159725686294351745444744834588772067629722928024,"weather,recurring,hide-from-new,daily-temperature,madrid,rewards-automation-50-4pt5-50,highest-temperature",Science,0.0235
2179154,Will the highest temperature in New York City be between 64-65°F on May 9?,highest-temperature-in-nyc-on-may-9-2026-64-65f,Science,27109.04225000001,2026-05-07T04:50:01.68936Z,2026-05-09T12:00:00Z,1,13677968663256883208898047992015565370656330366018703891887018643370814301377,"weather,recurring,hide-from-new,new-york-city,daily-temperature,rewards-automation-200,highest-temperature",Science,0.223
2179296,Will the highest temperature in Singapore be 31°C on May 9?,highest-temperature-in-singapore-on-may-9-2026-31c,Science,12169.143358000001,2026-05-07T04:35:52.067199Z,2026-05-09T12:00:00Z,1,27321815735825436279408412161033811324301291432694054019365073002856139111604,"weather,recurring,hide-from-new,daily-temperature,singapore,rewards-automation-50-4pt5-50,highest-temperature",Science,0.34
2186932,Will the highest temperature in Austin be between 70-71°F on May 10?,highest-temperature-in-austin-on-may-10-2026-70-71f,Science,13421.203141,2026-05-08T04:15:38.951788Z,2026-05-10T12:00:00Z,0,53838876567872526116101434542135640479441777501283556814151753398967567605983,"weather,recurring,hide-from-new,daily-temperature,austin,rewards-automation-50-4pt5-50,highest-temperature",Science,0.002
2186880,Will the highest temperature in Beijing be 29°C or below on May 10?,highest-temperature-in-beijing-on-may-10-2026-29corbelow,Science,23838.983084000003,2026-05-08T04:45:47.586022Z,2026-05-10T12:00:00Z,0,22142438348836332705018939850934997145985485493349363650675743633655472211614,"weather,recurring,hide-from-new,daily-temperature,beijing,rewards-automation-200,highest-temperature",Science,0.009
2179070,Will the highest temperature in London be 15°C or below on May 9?,highest-temperature-in-london-on-may-9-2026-15corbelow,Science,17864.489073999986,2026-05-07T04:15:39.169936Z,2026-05-09T12:00:00Z,0,34330613036568296978167453867091756367618050951745050282132954211622068473108,"weather,recurring,hide-from-new,london,daily-temperature,rewards-automation-200,highest-temperature",Science,0.0005
2186798,Will the highest temperature in Shanghai be 25°C on May 10?,highest-temperature-in-shanghai-on-may-10-2026-25c,Science,53673.19881599999,2026-05-08T04:16:19.745903Z,2026-05-10T12:00:00Z,0,61202719517412488358767043746455282158421610565217324893502211922408368329418,"weather,recurring,hide-from-new,daily-temperature,shanghai,rewards-automation-200,highest-temperature",Science,0.21
2132945,"Will Trump say ""AI"" or ""Artificial Intelligence"" this week?",will-trump-say-ai-or-artificial-intelligence-this-week-187,Politics,14982.368912000002,2026-05-01T21:53:40.214006Z,2026-05-10T00:00:00Z,1,4643293661326671134258028923431643992648400631802338651196829433720828223926,"politics,mention-markets",Politics,0.615
2047142,Will the next US x Iran diplomatic meeting be on April 27?,will-the-next-us-x-iran-diplomatic-meeting-be-on-april-27,Politics,90517.75613299999,2026-04-21T23:22:25.615038Z,2026-05-10T00:00:00Z,0,100969149679009146482039112364175551763614915150403748833085173756825732018515,"diplomacy-ceasefire,trump-iran,politics,geopolitics,iran",Politics,0.003
2155809,"Will Elon Musk post 65-89 tweets from May 7 to May 9, 2026?",elon-musk-of-tweets-may-7-may-9-65-89,Politics,468714.986803,2026-05-04T17:16:21.301574Z,2026-05-09T16:00:00Z,0,49536763679915735245922351233974544206796134278592147545088075208184071840738,"pop-culture,politics,tweets-markets,rewards-automation-200",Politics,0.017
2155806,"Will Elon Musk post 40-64 tweets from May 7 to May 9, 2026?",elon-musk-of-tweets-may-7-may-9-40-64,Politics,328292.58680799993,2026-05-04T17:17:16.054249Z,2026-05-09T16:00:00Z,0,111703603916331129899090712986514801386825621025905130404879021304001552381289,"pop-culture,politics,tweets-markets,rewards-automation-200",Politics,0.67
2047149,Will the next US x Iran diplomatic meeting be on May 4?,will-the-next-us-x-iran-diplomatic-meeting-be-on-may-4,Politics,45713.53023900001,2026-04-21T23:23:09.088609Z,2026-05-10T00:00:00Z,0,40568954714474326360210714288983373867872257377018320770904878521533615147996,"diplomacy-ceasefire,trump-iran,politics,geopolitics,iran",Politics,0.002
2155819,"Will Elon Musk post 140-164 tweets from May 7 to May 9, 2026?",elon-musk-of-tweets-may-7-may-9-140-164,Politics,42456.951088000016,2026-05-04T17:26:13.790796Z,2026-05-09T16:00:00Z,0,114139256563407728586068386297360803814972939175089426990235906352662448627061,"pop-culture,politics,tweets-markets,rewards-automation-200",Politics,0.0005
2047147,Will the next US x Iran diplomatic meeting be on May 2?,will-the-next-us-x-iran-diplomatic-meeting-be-on-may-2,Politics,38373.50085900003,2026-04-21T23:23:00.019264Z,2026-05-10T00:00:00Z,0,110363218038279633553194046528040026289907383063929566321366641608592518087461,"diplomacy-ceasefire,trump-iran,politics,geopolitics,iran",Politics,0.001
2047154,Will the next US x Iran diplomatic meeting be on May 9?,will-the-next-us-x-iran-diplomatic-meeting-be-on-may-9,Politics,90952.5209100001,2026-04-21T23:23:51.031078Z,2026-05-10T00:00:00Z,0,18215512885975119925703406760267305822453794990228818569845061195440196550905,"diplomacy-ceasefire,politics,geopolitics,trump-iran,iran",Politics,0.003
2155822,"Will Elon Musk post 165-189 tweets from May 7 to May 9, 2026?",elon-musk-of-tweets-may-7-may-9-165-189,Politics,41491.64092100001,2026-05-04T17:24:11.950811Z,2026-05-09T16:00:00Z,0,35071515537848155609189982451198864960361670166231229462140642422366604037044,"pop-culture,politics,tweets-markets,rewards-automation-200",Politics,0.0005
2047141,Will the next US x Iran diplomatic meeting be on April 26?,will-the-next-us-x-iran-diplomatic-meeting-be-on-april-26,Politics,127099.81859400011,2026-04-21T23:22:21.632268Z,2026-05-10T00:00:00Z,0,36150759470614584400415762513176628262997549926727577473820950889869228289745,"diplomacy-ceasefire,trump-iran,politics,geopolitics,iran",Politics,0.0045
2047139,Will the next US x Iran diplomatic meeting be on April 24?,will-the-next-us-x-iran-diplomatic-meeting-be-on-april-24,Politics,41978.72257600005,2026-04-21T23:22:11.386239Z,2026-05-10T00:00:00Z,0,46916225194008716476918008324485892268204920765285913979028560299221344012411,"diplomacy-ceasefire,trump-iran,politics,geopolitics,iran",Politics,0.0275
2047150,Will the next US x Iran diplomatic meeting be on May 5?,will-the-next-us-x-iran-diplomatic-meeting-be-on-may-5,Politics,65909.293728,2026-04-21T23:23:16.965399Z,2026-05-10T00:00:00Z,0,70584052728108515214161152918924439263149662237459444420593778130385721222664,"diplomacy-ceasefire,trump-iran,politics,geopolitics,iran",Politics,0.0015
2047146,Will the next US x Iran diplomatic meeting be on May 1?,will-the-next-us-x-iran-diplomatic-meeting-be-on-may-1,Politics,36162.785335000015,2026-04-21T23:22:51.784786Z,2026-05-10T00:00:00Z,0,6773070140110671146186210110182789467751601651440450828321337168711600833833,"diplomacy-ceasefire,trump-iran,politics,geopolitics,iran",Politics,0.001
2047155,Will the next US x Iran diplomatic meeting be on May 10?,will-the-next-us-x-iran-diplomatic-meeting-be-on-may-10,Politics,97536.264101,2026-04-21T23:23:51.286544Z,2026-05-10T00:00:00Z,0,67958983010130927381389253214715342346682592917284486181461171175988373485102,"diplomacy-ceasefire,politics,geopolitics,trump-iran,iran",Politics,0.0025
2132951,"Will Trump say ""Midterm"" this week?",will-trump-say-midterm-this-week,Politics,11361.145539000001,2026-05-01T21:58:04.088392Z,2026-05-10T00:00:00Z,1,55492873381446472366760371704151363356671351011494527929841017743834636412777,"mention-markets,politics",Politics,0.9
2132938,"Will Trump say ""Television"" or ""TV"" this week?",will-trump-say-television-or-tv-this-week,Politics,13688.611323000001,2026-05-01T21:58:05.925443Z,2026-05-10T00:00:00Z,1,76280017987357023215871283505542746630136244656596503534251319012921925533166,"politics,mention-markets",Politics,0.71
2047145,Will the next US x Iran diplomatic meeting be on April 30?,will-the-next-us-x-iran-diplomatic-meeting-be-on-april-30,Politics,69706.479383,2026-04-21T23:22:45.571546Z,2026-05-10T00:00:00Z,0,50374943724057048962403043025726899717215703777776011605828532889761404207717,"diplomacy-ceasefire,trump-iran,politics,geopolitics,iran",Politics,0.0005
2047138,Will the next US x Iran diplomatic meeting be on April 23?,will-the-next-us-x-iran-diplomatic-meeting-be-on-april-23,Politics,25091.562511,2026-04-21T23:22:06.216392Z,2026-05-10T00:00:00Z,0,29814220305316209430555800835272086663981153718770211034384159304340074828878,"diplomacy-ceasefire,trump-iran,politics,geopolitics,iran",Politics,0.0035
2047152,Will the next US x Iran diplomatic meeting be on May 7?,will-the-next-us-x-iran-diplomatic-meeting-be-on-may-7,Politics,90464.04279100004,2026-04-21T23:23:29.18847Z,2026-05-10T00:00:00Z,0,104110679040013564241674680724740787343596709109488154650684570359781417235603,"diplomacy-ceasefire,politics,geopolitics,trump-iran,iran",Politics,0.0025
2155816,"Will Elon Musk post 115-139 tweets from May 7 to May 9, 2026?",elon-musk-of-tweets-may-7-may-9-115-139,Politics,61671.094774999954,2026-05-04T17:22:03.544429Z,2026-05-09T16:00:00Z,0,83629886275513604874175351881698273734780650954987916730119069268517556567876,"pop-culture,politics,tweets-markets,rewards-automation-200",Politics,0.0005
2160014,"Will ""Cookie"" be said during the first episode of the Joe Rogan Experience this week?",will-cookie-be-said-during-the-first-episode-of-the-joe-rogan-experience-this-week,Politics,10340.008736,2026-05-04T21:45:37.539632Z,2026-05-10T00:00:00Z,0,11595124726750113990126058215105220875716065583290913520759805458806842928827,"mention-markets,pop-culture,podcast,celebrities",Politics,0.195
2155831,"Will Elon Musk post 215-239 tweets from May 7 to May 9, 2026?",elon-musk-of-tweets-may-7-may-9-215-239,Politics,26656.808000000023,2026-05-04T17:16:48.203046Z,2026-05-09T16:00:00Z,0,81348409339202209626206755634228948351857637511689127252792141115490926239054,"pop-culture,politics,tweets-markets,rewards-automation-200",Politics,0.0005
2047148,Will the next US x Iran diplomatic meeting be on May 3?,will-the-next-us-x-iran-diplomatic-meeting-be-on-may-3,Politics,35651.36152100001,2026-04-21T23:23:01.026348Z,2026-05-10T00:00:00Z,0,74063206119370408421770479097294024544233947370244378438258562431541208122235,"diplomacy-ceasefire,trump-iran,politics,geopolitics,iran",Politics,0.004
2155835,"Will Elon Musk post 240+ tweets from May 7 to May 9, 2026?",elon-musk-of-tweets-may-7-may-9-240plus,Politics,26917.370000000024,2026-05-04T17:17:07.242632Z,2026-05-09T16:00:00Z,0,48799199860784295109791368600141752112719318109245322085525930392677269364884,"pop-culture,politics,tweets-markets,rewards-automation-200",Politics,0.0005
2047144,Will the next US x Iran diplomatic meeting be on April 29?,will-the-next-us-x-iran-diplomatic-meeting-be-on-april-29,Politics,71016.29785399997,2026-04-21T23:22:39.508569Z,2026-05-10T00:00:00Z,0,26277194731793079683773913664776538862083561201305390757489866834889086873218,"diplomacy-ceasefire,trump-iran,politics,geopolitics,iran",Politics,0.0015
2160012,"Will ""Crack"" or ""Dope"" be said during the first episode of the Joe Rogan Experience this week?",will-crack-or-dope-be-said-during-the-first-episode-of-the-joe-rogan-experience-this-week,Politics,14661.035991,2026-05-04T21:45:43.561088Z,2026-05-10T00:00:00Z,0,86582187921193954412050579452757248791319094511849116783116706320944218842179,"mention-markets,pop-culture,podcast,celebrities",Politics,0.65
2155812,"Will Elon Musk post 90-114 tweets from May 7 to May 9, 2026?",elon-musk-of-tweets-may-7-may-9-90-114,Politics,132797.3838549996,2026-05-04T17:16:23.318028Z,2026-05-09T16:00:00Z,0,91431306853927892226378828813343225910945412197255580475032976911815562223302,"pop-culture,politics,tweets-markets,rewards-automation-200",Politics,0.0015
2047153,Will the next US x Iran diplomatic meeting be on May 8?,will-the-next-us-x-iran-diplomatic-meeting-be-on-may-8,Politics,78671.00013800006,2026-04-21T23:23:45.172611Z,2026-05-10T00:00:00Z,0,69237319056322147267360312955265221067422148104253071108664424349363499274863,"diplomacy-ceasefire,politics,geopolitics,trump-iran,iran",Politics,0.0025
2047143,Will the next US x Iran diplomatic meeting be on April 28?,will-the-next-us-x-iran-diplomatic-meeting-be-on-april-28,Politics,94405.51157399999,2026-04-21T23:22:38.456926Z,2026-05-10T00:00:00Z,0,46065600544563966819066212083385793160545136400825430919484096594492484331155,"diplomacy-ceasefire,trump-iran,politics,geopolitics,iran",Politics,0.002
